주차장명,주소,자치구,법정동,법정동코드,면수,위도,경도,소스,공공근거,UPIS대분류,UPIS시설명,고시번호,옥내외,옥내자주,옥외자주,현행차고지,현행차고지거리m,운영시간,급지,이용효율
영등포여고 공영(구),영등포구 신길동 184-3,영등포구,신길동,11560132,98.0,37.5152065,126.9151402,공영,P법정공영,,,,혼합,31.0,40.0,,,,,
당산근린공원 공영(구),영등포구 당산동3가 385-0,영등포구,당산동3가,11560113,190.0,37.5255451,126.8957776,공영,P법정공영,,,,옥내,190.0,0.0,,,,,
대림운동장(구),영등포구 대림동 780-0,영등포구,대림동,11560133,192.0,37.4992383,126.8944447,공영,P법정공영,,,,옥내,192.0,0.0,대림운동장,269.0,,,
은평평화공원지하 공영주차장(구),은평구 녹번동 153-1,은평구,녹번동,11380102,66.0,37.6053521,126.92314,공영,P법정공영,,,,옥내,143.0,0.0,,,,,
신당동 공영주차장(구),중구 신당동 300-6,중구,신당동,11140162,75.0,37.5620653,127.0144555,공영,P법정공영,,,,혼합,74.0,1.0,,,,,
남산동 공영주차장(구),중구 남산동2가 30-4,중구,남산동2가,11140129,48.0,37.5592457,126.9855536,공영,P법정공영,,,,옥내,49.0,0.0,,,,,
삼성1문화센터 공영주차장(구),강남구 삼성동 161-2,강남구,삼성동,11680105,68.0,37.5143402,127.0626318,공영,P법정공영,,,,옥내,70.0,0.0,,,,,
논현초교 공영주차장(구),강남구 논현동 168-0,강남구,논현동,11680108,186.0,37.5081715,127.0262901,공영,P법정공영,,,,옥외,0.0,192.0,,,,,
마장축산물시장(건물) 공영주차장(구),성동구 마장동 525-1,성동구,마장동,11200105,107.0,37.5714775,127.039918,공영,P법정공영,,,,옥내,111.0,0.0,,,,,
볏골공원 지하공영주차장(구),강서구 화곡동 98-99,강서구,화곡동,11500103,219.0,37.5414741,126.8443908,공영,P법정공영,,,,옥내,237.0,0.0,,,,,
구의3동 공영주차장(구),광진구 구의동 219-15,광진구,구의동,11215103,159.0,37.5391104,127.0913776,공영,P법정공영,,,,옥내,160.0,0.0,,,,,
암사1동 주차장(구),강동구 암사동 59-2,강동구,암사동,11740107,114.0,37.5528187,127.1378865,공영,P법정공영,,,,옥내,112.0,0.0,,,,,
망원1-2 공영주차장(구),마포구 망원동 403-2,마포구,망원동,11440123,148.0,37.5555387,126.9058748,공영,P법정공영,,,,혼합,146.0,6.0,,,,,
청파동1마을공원공영주차장(구),용산구 청파동3가 118-102,용산구,청파동3가,11170111,105.0,37.5429441,126.9684063,공영,P법정공영,,,,옥내,105.0,0.0,,,,,
도곡로21길 7 공영주차장(구),강남구 역삼동 795-25,강남구,역삼동,11680101,75.0,37.4925021,127.0387937,공영,P법정공영,,,,옥내,78.0,0.0,,,,,
영희초교 공영주차장(구),강남구 일원동 617-0,강남구,일원동,11680114,185.0,37.4918658,127.0813335,공영,P법정공영,,,,옥내,374.0,0.0,,,,,
개봉1동 노외주차장(구),구로구 개봉동 134-8,구로구,개봉동,11530107,134.0,37.4999922,126.8510372,공영,P법정공영,,,,옥외,0.0,5.0,,,,,
수유일공원 공영주차장(구),강북구 수유동 605-407,강북구,수유동,11305103,90.0,37.6305853,127.0174205,공영,P법정공영,,,,혼합,89.0,2.0,,,,,
미아동 공영주차장(구),강북구 미아동 222-100,강북구,미아동,11305101,155.0,37.6285646,127.0223353,공영,P법정공영,,,,옥내,155.0,0.0,,,,,
번동 햇살 주차장(구),강북구 번동 148-380,강북구,번동,11305102,187.0,37.6250958,127.0334084,공영,P법정공영,,,,혼합,181.0,4.0,,,,,
가로공원 지하 주차장(구),강서구 화곡동 662-15,강서구,화곡동,11500103,512.0,37.5375697,126.8396021,공영,P법정공영,,,,옥내,501.0,0.0,,,,,
오류1동 텃골주차장(구),구로구 오류동 6-11,구로구,오류동,11530108,81.0,37.4954739,126.8391322,공영,P법정공영,,,,옥내,84.0,0.0,,,,,
중곡시장주차장(구),광진구 중곡동 221-6,광진구,중곡동,11215101,19.0,37.5638664,127.0819056,공영,P법정공영,,,,혼합,2.0,19.0,,,,,
구룡 공영주차장(구),금천구 독산동 964-0,금천구,독산동,11545102,22.0,37.4778789,126.9027274,공영,P법정공영,,,,옥내,22.0,0.0,,,,,
다목적 공영주차장(구),금천구 독산동 971-0,금천구,독산동,11545102,46.0,37.4763311,126.9018713,공영,P법정공영,,,,옥내,46.0,0.0,,,,,
마장축산물시장 서문(건물) 공영주차장(구),성동구 마장동 522-1,성동구,마장동,11200105,126.0,37.5704869,127.0383066,공영,P법정공영,,,,혼합,117.0,27.0,,,,,
다산아트 공영주차장(구),중구 신당동 432-612,중구,신당동,11140162,75.0,37.5516645,127.0044247,공영,P법정공영,,,,옥내,76.0,0.0,,,,,
영등포구청별관 공영주차장(구),영등포구 당산동3가 560-0,영등포구,당산동3가,11560113,61.0,37.5284763,126.8943645,공영,P법정공영,,,,옥외,0.0,50.0,,,,,
고척근린공원지하주차장(구),구로구 고척동 9-14,구로구,고척동,11530106,199.0,37.5055867,126.8522309,공영,P법정공영,,,,혼합,199.0,45.0,고척차고지,146.0,,,
독산4동 공영주차장(구),금천구 독산동 187-40,금천구,독산동,11545102,63.0,37.4694332,126.904505,공영,P법정공영,,,,옥내,63.0,0.0,,,,,
시흥4동 공영주차장(신흥초교지하)(구),금천구 시흥동 704-56,금천구,시흥동,11545103,124.0,37.4594173,126.9088708,공영,P법정공영,,,,옥내,124.0,0.0,,,,,
시흥 4동 (삼성)공영주차장(구),금천구 시흥동 171-1,금천구,시흥동,11545103,51.0,37.4545816,126.9090347,공영,P법정공영,,,,옥내,51.0,0.0,,,,,
도곡초 공영주차장(구),강남구 대치동 924-10,강남구,대치동,11680106,195.0,37.4990767,127.0546634,공영,P법정공영,,,,옥내,200.0,0.0,,,,,
신구초 공영주차장(구),강남구 신사동 550-11,강남구,신사동,11680107,184.0,37.522721,127.0238855,공영,P법정공영,,,,옥내,194.0,0.0,,,,,
송파나루공원 동호주차장(구),송파구 신천동 32-0,송파구,신천동,11710102,20.0,37.5115213,127.1051229,공영,P법정공영,,,,옥외,0.0,20.0,,,,,
송파근린공원(구),송파구 송파동 113-2,송파구,송파동,11710104,324.0,37.5059265,127.1097648,공영,P법정공영,,,,옥내,159.0,0.0,,,,,
경부제3녹지공영주차장(구),영등포구 신길동 69-39,영등포구,신길동,11560132,143.0,37.5135683,126.9230951,공영,P법정공영,,,,옥내,143.0,0.0,,,,,
중계4동 임시공영주차장(구),노원구 중계동 606-2,노원구,중계동,11350106,39.0,37.6585557,127.0737282,공영,P법정공영,,,,옥내,12.0,0.0,,,,,
목사랑시장(구),양천구 목동 723-7,양천구,목동,11470102,24.0,37.5389639,126.8653456,공영,P법정공영,,,,옥내,24.0,0.0,,,,,
약령시 공영주차장(구),동대문구 제기동 1082-0,동대문구,제기동,11230103,196.0,37.5806753,127.0376282,공영,P법정공영,,,,옥내,224.0,0.0,,,,,
방배1동 공영주차장(구),서초구 방배동 328-1,서초구,방배동,11650101,120.0,37.4854797,126.9924527,공영,P법정공영,,,,옥내,123.0,0.0,,,,,
양재근린공원 공영주차장(구),서초구 양재동 311-0,서초구,양재동,11650102,101.0,37.4717201,127.0423399,공영,P법정공영,,,,옥내,102.0,0.0,,,,,
수송초등학교 공영주차장(구),강북구 번동 456-0,강북구,번동,11305102,185.0,37.6371136,127.0330212,공영,P법정공영,,,,혼합,174.0,6.0,,,,,
여울 공영주차장(구),양천구 신월동 151-5,양천구,신월동,11470103,76.0,37.5350451,126.8241406,공영,P법정공영,,,,옥내,75.0,0.0,,,,,
노량진 청사 공영주차장(구),동작구 노량진동 47-2,동작구,노량진동,11590101,86.0,37.5122679,126.9394287,공영,P법정공영,,,,옥외,0.0,109.0,,,,,
벚꽃길주차장(구),양천구 신정동 884-8,양천구,신정동,11470101,33.0,37.5275594,126.8599631,공영,P법정공영,,,,옥내,71.0,0.0,,,,,
마을마당주차장(구),양천구 신월동 129-6,양천구,신월동,11470103,114.0,37.5306753,126.8331839,공영,P법정공영,,,,혼합,110.0,3.0,,,,,
문화회관 지하 주차장(구),양천구 신정동 322-0,양천구,신정동,11470101,93.0,37.5165134,126.8632805,공영,P법정공영,,,,옥내,109.0,0.0,,,,,
묵정공원지하 공영주차장(구),중구 충무로5가 21-0,중구,충무로5가,11140133,491.0,37.5637805,126.9998001,공영,P법정공영,,,,옥내,502.0,0.0,,,,,
동화동 공영주차장(구),중구 신당동 52-7,중구,신당동,11140162,229.0,37.5613638,127.0190041,공영,P법정공영,,,,옥내,229.0,0.0,,,,,
성곽 공영주차장(구),중구 신당동 432-2026,중구,신당동,11140162,44.0,37.5505416,127.0048384,공영,P법정공영,,,,옥내,45.0,0.0,,,,,
청구 공영주차장(구),중구 신당동 330-17,중구,신당동,11140162,51.0,37.5589967,127.0133867,공영,P법정공영,,,,옥내,64.0,0.0,,,,,
충현 공영주차장(구),중구 신당동 432-462,중구,신당동,11140162,108.0,37.5521909,127.0056717,공영,P법정공영,,,,혼합,109.0,2.0,,,,,
다산동 공영주차장(구),중구 신당동 432-1584,중구,신당동,11140162,85.0,37.5544648,127.0084497,공영,P법정공영,,,,옥내,86.0,0.0,,,,,
버티 공영주차장(구),중구 신당동 432-1693,중구,신당동,11140162,92.0,37.5490844,127.0059229,공영,P법정공영,,,,옥내,84.0,0.0,,,,,
신당사거리 공영주차장(구),중구 신당동 110-1,중구,신당동,11140162,45.0,37.565122,127.0170109,공영,P법정공영,,,,옥내,45.0,0.0,,,,,
장충 공영주차장(구),중구 장충동2가 193-39,중구,장충동2가,11140144,106.0,37.5600096,127.0013221,공영,P법정공영,,,,옥내,106.0,0.0,,,,,
손기정체육공원 공영주차장(구),중구 만리동2가 6-1,중구,만리동2가,11140174,162.0,37.5555978,126.9645835,공영,P법정공영,,,,옥내,197.0,0.0,,,,,
용문동 공영주차장(구),용산구 도원동 4-5,용산구,도원동,11170120,39.0,37.5389451,126.95758,공영,P법정공영,,,,혼합,54.0,1.0,,,,,
이태원2동 공영주차장(구),용산구 이태원동 227-9,용산구,이태원동,11170130,110.0,37.540376,126.9926361,공영,P법정공영,,,,옥내,112.0,0.0,,,,,
응봉동(건물) 공영주차장(구),성동구 행당동 341-59,성동구,행당동,11200107,156.0,37.5533305,127.0307268,공영,P법정공영,,,,옥내,150.0,0.0,,,,,
도선동(지하) 공영주차장(구),성동구 홍익동 369-0,성동구,홍익동,11200103,186.0,37.5655383,127.0316946,공영,P법정공영,,,,옥내,194.0,0.0,,,,,
자양유수지 공영주차장(구),광진구 자양동 594-0,광진구,자양동,11215105,287.0,37.5293737,127.0775186,공영,P법정공영,,,,옥외,0.0,28.0,,,,,
원묵 고등학교 공용 지하주차장(구),중랑구 묵동 23-0,중랑구,묵동,11260104,107.0,37.6154375,127.0860784,공영,P법정공영,,,,혼합,102.0,6.0,,,,,
중화1동공영주차장(구),중랑구 중화동 29-2,중랑구,중화동,11260103,130.0,37.6027369,127.0816175,공영,P법정공영,,,,혼합,154.0,64.0,,,,,
냉천길 공영주차장(구),강북구 미아동 756-1,강북구,미아동,11305101,104.0,37.6239842,127.0195557,공영,P법정공영,,,,옥내,103.0,0.0,,,,,
교통광장 공영주차장(구),강북구 우이동 265-0,강북구,우이동,11305104,158.0,37.6620711,127.0073353,공영,P법정공영,,,,옥외,0.0,1.0,,,,,
새장골공영주차장(구),은평구 불광동 480-352,은평구,불광동,11380103,40.0,37.6244673,126.923556,공영,P법정공영,,,,옥내,48.0,0.0,,,,,
염리 공영주차장(구),마포구 염리동 174-3,마포구,염리동,11440109,135.0,37.5419694,126.9452263,공영,P법정공영,,,,옥내,135.0,0.0,,,,,
목3동 해운주차장(구),양천구 목동 711-6,양천구,목동,11470102,63.0,37.5419234,126.8651189,공영,P법정공영,,,,혼합,44.0,20.0,,,,,
구로리공원지하주차장(구),구로구 구로동 139-82,구로구,구로동,11530102,203.0,37.4908823,126.8915278,공영,P법정공영,,,,옥내,203.0,0.0,,,,,
고척1동마을공동주차장(구),구로구 고척동 52-54,구로구,고척동,11530106,125.0,37.5022814,126.8639022,공영,P법정공영,,,,옥내,125.0,0.0,,,,,
대림2동공영(구),영등포구 대림동 1072-25,영등포구,대림동,11560133,151.0,37.4915343,126.8996504,공영,P법정공영,,,,옥내,154.0,0.0,,,,,
도림초교공영(구),영등포구 신길동 285-1,영등포구,신길동,11560132,145.0,37.5081148,126.9074054,공영,P법정공영,,,,옥내,83.0,0.0,,,,,
대림어린이공원 공영(구),영등포구 대림동 870-0,영등포구,대림동,11560133,198.0,37.4912027,126.9032807,공영,P법정공영,,,,옥내,198.0,0.0,,,,,
신길4동1마을공원 공영(구),영등포구 신길동 232-20,영등포구,신길동,11560132,130.0,37.5071782,126.9116282,공영,P법정공영,,,,혼합,130.0,9.0,,,,,
보라매 제1공영주차장(구),관악구 봉천동 110-4,관악구,봉천동,11620101,131.0,37.4885455,126.9345265,공영,P법정공영,,,,혼합,97.0,35.0,,,,,
대치2문화센터 공영주차장(구),강남구 대치동 980-9,강남구,대치동,11680106,156.0,37.5022569,127.0641656,공영,P법정공영,,,,옥내,158.0,0.0,,,,,
구룡공원 공영주차장(구),서초구 양재동 399-0,서초구,양재동,11650102,131.0,37.4715333,127.0487423,공영,P법정공영,,,,옥내,132.0,0.0,,,,,
반포동 방음언덕형 공영주차장(구),서초구 반포동 730-0,서초구,반포동,11650107,56.0,37.504851,127.0183502,공영,P법정공영,,,,옥내,104.0,0.0,,,,,
강남치매지원센터 공영주차장(구),강남구 삼성동 113-26,강남구,삼성동,11680105,90.0,37.5102435,127.0464399,공영,P법정공영,,,,옥내,105.0,0.0,,,,,
무궁화 공영주차장(구),서초구 서초동 1666-17,서초구,서초동,11650108,68.0,37.4923734,127.0167863,공영,P법정공영,,,,혼합,55.0,14.0,,,,,
천호1동 주차장(구),강동구 천호동 87-26,강동구,천호동,11740109,188.0,37.5446011,127.1366194,공영,P법정공영,,,,옥내,192.0,0.0,,,,,
동산마을 공영주차장(구),서초구 양재동 370-5,서초구,양재동,11650102,121.0,37.470091,127.044309,공영,P법정공영,,,,옥내,122.0,0.0,,,,,
서래마을 공영주차장 - 공사중(구),서초구 반포동 90-7,서초구,반포동,11650107,78.0,37.4970941,126.9987551,공영,P법정공영,,,,혼합,77.0,2.0,,,,,
천호3동 주차장(구),강동구 천호동 167-195,강동구,천호동,11740109,187.0,37.5388924,127.1332189,공영,P법정공영,,,,옥내,190.0,0.0,,,,,
명일동 주차장(구),강동구 명일동 312-250,강동구,명일동,11740101,241.0,37.5508836,127.1428871,공영,P법정공영,,,,혼합,214.0,40.0,,,,,
필동 공영주차장(구),중구 필동3가 62-12,중구,필동3가,11140139,47.0,37.5566089,126.9958738,공영,P법정공영,,,,혼합,39.0,9.0,,,,,
안말 주차장(구),강동구 성내동 512-0,강동구,성내동,11740108,169.0,37.5314156,127.1299031,공영,P법정공영,,,,옥내,174.0,0.0,,,,,
송파동(건축물식)(구),송파구 송파동 128-0,송파구,송파동,11710104,82.0,37.507026,127.1133662,공영,P법정공영,,,,옥내,86.0,0.0,,,,,
풍납2(구),송파구 풍납동 175-0,송파구,풍납동,11710103,80.0,37.5360315,127.1160616,공영,P법정공영,,,,옥외,0.0,7.0,,,,,
뚝섬유수지(평면) 공영주차장(구),성동구 성수동1가 685-63,성동구,성수동1가,11200114,329.0,37.5496277,127.0414565,공영,P법정공영,,,,옥내,49.0,0.0,,,,,
명륜동와룡주차장(구),종로구 명륜3가 1-21,종로구,명륜3가,11110173,78.0,37.5886739,126.9955,공영,P법정공영,,,,옥내,78.0,0.0,,,,,
남가좌2동 제1공영주차장(구),서대문구 남가좌동 64-8,서대문구,남가좌동,11410120,12.0,37.5767926,126.9219327,공영,P법정공영,,,,옥내,70.0,0.0,,,,,
신월3동 공영주차장(구),양천구 신월동 170-6,양천구,신월동,11470103,161.0,37.5326867,126.8285448,공영,P법정공영,,,,옥내,179.0,0.0,,,,,
중곡초등학교 공영주차장(구),중랑구 면목동 380-0,중랑구,면목동,11260101,140.0,37.5743411,127.08356,공영,P법정공영,,,,옥내,138.0,0.0,,,,,
창2동 4공영주차장(구),도봉구 창동 582-22,도봉구,창동,11320107,82.0,37.6412604,127.0362784,공영,P법정공영,,,,혼합,80.0,2.0,,,,,
대흥2구역 공영주차장(구),마포구 대흥동 806-3,마포구,대흥동,11440108,20.0,37.5561709,126.9452793,공영,P법정공영,,,,옥내,20.0,0.0,,,,,
면목2동공영주차장(구),중랑구 면목동 146-1,중랑구,면목동,11260101,199.0,37.5879474,127.0809342,공영,P법정공영,,,,옥내,199.0,0.0,,,,,
연신중학교지하 공영주차장(구),은평구 불광동 400-4,은평구,불광동,11380103,53.0,37.6232885,126.925106,공영,P법정공영,,,,혼합,137.0,10.0,,,,,
창1동 1공영주차장(구),도봉구 창동 657-37,도봉구,창동,11320107,42.0,37.6471158,127.0371852,공영,P법정공영,,,,옥내,43.0,0.0,,,,,
중랑동부시장 공영주차장(구),중랑구 면목동 183-14,중랑구,면목동,11260101,129.0,37.5914469,127.078207,공영,P법정공영,,,,옥내,142.0,0.0,,,,,
도깨비시장 공영주차장(구),도봉구 방학동 632-1,도봉구,방학동,11320106,81.0,37.6645936,127.0339793,공영,P법정공영,,,,혼합,78.0,3.0,,,,,
소금나루도서관 공영주차장(구),마포구 염리동 533-11,마포구,염리동,11440109,113.0,37.5495296,126.9462267,공영,P법정공영,,,,옥내,14.0,0.0,,,,,
쌍문2동 5공영주차장(구),도봉구 쌍문동 715-2,도봉구,쌍문동,11320105,77.0,37.6600549,127.040796,공영,P법정공영,,,,옥외,0.0,15.0,,,,,
자양전통시장 공영주차장(구),광진구 자양동 631-18,광진구,자양동,11215105,24.0,37.533789,127.0816013,공영,P법정공영,,,,옥내,24.0,0.0,,,,,
양평유수지 공영주차장(구),영등포구 양평동3가 57-3,영등포구,양평동3가,11560127,392.0,37.5289755,126.8902681,공영,P법정공영,,,,옥외,0.0,484.0,,,,,
남가좌2동 제2공영주차장(구),서대문구 남가좌동 3-75,서대문구,남가좌동,11410120,12.0,37.5831458,126.9229851,공영,P법정공영,,,,혼합,69.0,26.0,,,,,
서인사마당(구),종로구 견지동 85-18,종로구,견지동,11110129,40.0,37.5734993,126.9838868,공영,P법정공영,,,,옥외,0.0,47.0,,,,,
상계2동 공영주차장(구),노원구 상계동 373-13,노원구,상계동,11350105,94.0,37.6567458,127.0675346,공영,P법정공영,,,,혼합,98.0,10.0,,,,,
등촌 2-1 공영주차장(구),강서구 등촌동 531-5,강서구,등촌동,11500102,110.0,37.5498044,126.8613411,공영,P법정공영,,,,혼합,78.0,35.0,,,,,
난곡동 제1공영주차장(구),관악구 신림동 626-82,관악구,신림동,11620102,119.0,37.4722407,126.923162,공영,P법정공영,,,,혼합,98.0,21.0,,,,,
어울림소공원 공영주차장(구),강북구 미아동 4-1,강북구,미아동,11305101,45.0,37.6167798,127.0355853,공영,P법정공영,,,,옥내,45.0,0.0,,,,,
망원2-1 공영주차장(구),마포구 망원동 428-5,마포구,망원동,11440123,53.0,37.5577734,126.9014833,공영,P법정공영,,,,옥내,61.0,0.0,,,,,
둘리뮤지엄  공영주차장(구),도봉구 쌍문동 79-0,도봉구,쌍문동,11320105,25.0,37.6520596,127.0354747,공영,P법정공영,,,,옥외,0.0,2.0,,,,,
신림동 제1공영주차장(구),관악구 신림동 1456-3,관악구,신림동,11620102,187.0,37.487362,126.9234679,공영,P법정공영,,,,옥내,191.0,0.0,,,,,
둔촌역전통시장(구),강동구 성내동 417-34,강동구,성내동,11740108,18.0,37.5285784,127.1337133,공영,P법정공영,,,,옥내,18.0,0.0,,,,,
원신 공영주차장(구),관악구 신림동 366-0,관악구,신림동,11620102,175.0,37.4699341,126.9292829,공영,P법정공영,,,,혼합,124.0,50.0,,,,,
남부초 공영주차장(구),관악구 신림동 467-0,관악구,신림동,11620102,134.0,37.4848741,126.9221214,공영,P법정공영,,,,혼합,135.0,42.0,,,,,
반포2동 (덜위치칼리지) 공영주차장(구),서초구 반포동 5-1,서초구,반포동,11650107,162.0,37.504093,126.9954178,공영,P법정공영,,,,혼합,161.0,39.0,,,,,
경동고 공영주차장(구),성북구 삼선동3가 43-1,성북구,삼선동3가,11290113,123.0,37.5857463,127.0146178,공영,P법정공영,,,,혼합,124.0,316.0,,,,,
가재울 공영주차장(구),노원구 하계동 252-6,노원구,하계동,11350104,121.0,37.6373939,127.0732143,공영,P법정공영,,,,옥외,0.0,45.0,,,,,
빙수골장미공영주차장(구),동작구 상도동 301-132,동작구,상도동,11590102,64.0,37.4933093,126.933684,공영,P법정공영,,,,혼합,64.0,4.0,,,,,
덕원주차장(구),동대문구 장안동 458-8,동대문구,장안동,11230106,76.0,37.5623506,127.068741,공영,P법정공영,,,,옥내,78.0,0.0,,,,,
마들스포츠타운 공영주차장(구),노원구 상계동 770-2,노원구,상계동,11350105,226.0,37.6436752,127.0579859,공영,P법정공영,,,,옥외,0.0,6.0,,,,,
고분다리전통시장 주차장(구),강동구 천호동 280-9,강동구,천호동,11740109,26.0,37.5430461,127.132159,공영,P법정공영,,,,옥외,0.0,26.0,,,,,
정릉시장 공영주차장(구),성북구 정릉동 405-4,성북구,정릉동,11290133,18.0,37.6082161,127.0094179,공영,P법정공영,,,,혼합,7.0,13.0,,,,,
양화진 공영주차장(구),마포구 합정동 139-21,마포구,합정동,11440122,133.0,37.5457371,126.9111509,공영,P법정공영,,,,혼합,70.0,63.0,,,,,
당곡중 공영주차장(구),관악구 봉천동 682-0,관악구,봉천동,11620101,159.0,37.4919008,126.9329797,공영,P법정공영,,,,옥내,159.0,0.0,,,,,
응암3동 공영주차장(구),은평구 응암동 580-4,은평구,응암동,11380107,75.0,37.5934547,126.9153668,공영,P법정공영,,,,옥내,157.0,0.0,,,,,
천호3동제2 주차장(구),강동구 천호동 174-1,강동구,천호동,11740109,182.0,37.5407121,127.1341865,공영,P법정공영,,,,혼합,147.0,38.0,,,,,
신교 공영주차장(구),종로구 신교동 66-0,종로구,신교동,11110102,158.0,37.5841276,126.9697699,공영,P법정공영,,,,혼합,154.0,19.0,,,,,
매바위 공영주차장(구),은평구 응암동 747-8,은평구,응암동,11380107,80.0,37.5865265,126.9210509,공영,P법정공영,,,,옥내,80.0,0.0,,,,,
수색동 공영주차장(구),은평구 수색동 78-2,은평구,수색동,11380101,52.0,37.58049,126.8989246,공영,P법정공영,,,,혼합,80.0,31.0,,,,,
봉산도시자연공원 지하 공영주차장(구),은평구 신사동 55-5,은평구,신사동,11380109,50.0,37.5976093,126.9040692,공영,P법정공영,,,,옥내,106.0,0.0,,,,,
장안공원 공영주차장(구),동대문구 장안동 300-0,동대문구,장안동,11230106,162.0,37.5775199,127.0714033,공영,P법정공영,,,,옥내,163.0,0.0,,,,,
배봉공영주차장(구),동대문구 휘경동 286-66,동대문구,휘경동,11230109,199.0,37.5869061,127.0620451,공영,P법정공영,,,,혼합,50.0,16.0,,,,,
남성역공영주차장(구),동작구 사당동 318-12,동작구,사당동,11590107,80.0,37.4829209,126.9742836,공영,P법정공영,,,,혼합,13.0,2.0,,,,,
외대역주차빌딩 공영(구),동대문구 이문동 306-14,동대문구,이문동,11230110,84.0,37.5950336,127.062606,공영,P법정공영,,,,옥내,84.0,0.0,,,,,
마을공원 공영주차장(구),성북구 장위동 77-79,성북구,장위동,11290138,98.0,37.6171459,127.0532216,공영,P법정공영,,,,혼합,96.0,2.0,,,,,
구산동 마을공원 지하 공동주차장(구),은평구 구산동 340-1,은평구,구산동,11380105,37.0,37.6145237,126.9084083,공영,P법정공영,,,,혼합,75.0,2.0,,,,,
명륜1가공영주차장(구),종로구 명륜1가 5-14,종로구,명륜1가,11110170,50.0,37.5901048,126.9976353,공영,P법정공영,,,,혼합,35.0,19.0,,,,,
논현 제2호 공영노외주차장(구),강남구 논현동 127-14,강남구,논현동,11680108,78.0,37.5122317,127.0285522,공영,P법정공영,,,,혼합,82.0,4.0,,,,,
충현동 제2공영주차장(구),서대문구 북아현동 3-5,서대문구,북아현동,11410110,38.0,37.5628257,126.9569281,공영,P법정공영,,,,혼합,17.0,22.0,,,,,
면목5동공영주차장(구),중랑구 면목동 162-22,중랑구,면목동,11260101,67.0,37.5829876,127.0800613,공영,P법정공영,,,,옥내,67.0,0.0,면목홈플러스,37.0,,,
창3동 1공영주차장(구),도봉구 창동 504-21,도봉구,창동,11320107,80.0,37.6330688,127.0414081,공영,P법정공영,,,,혼합,78.0,2.0,,,,,
신창 공영주차장(구),용산구 신창동 53-1,용산구,신창동,11170114,108.0,37.5352625,126.9551874,공영,P법정공영,,,,옥외,0.0,114.0,,,,,
서계동 공영주차장(구),용산구 서계동 276-5,용산구,서계동,11170108,31.0,37.5516197,126.9643354,공영,P법정공영,,,,혼합,20.0,16.0,,,,,
용산2가 소월 공영주차장(구),용산구 용산동2가 11-0,용산구,용산동2가,11170102,60.0,37.5461453,126.9855638,공영,P법정공영,,,,혼합,37.0,13.0,,,,,
서신초교 지하 공영주차장(구),은평구 신사동 194-0,은평구,신사동,11380109,37.0,37.592332,126.9074049,공영,P법정공영,,,,혼합,110.0,47.0,,,,,
무계원 공영주차장(구),종로구 부암동 328-2,종로구,부암동,11110184,22.0,37.5916047,126.9633305,공영,P법정공영,,,,옥내,22.0,0.0,,,,,
방통대 공영주차장(구),종로구 동숭동 169-1,종로구,동숭동,11110168,100.0,37.5789546,127.0029561,공영,P법정공영,,,,혼합,280.0,94.0,,,,,
창일 공영주차장(구),종로구 창신동 82-0,종로구,창신동,11110174,85.0,37.5749072,127.0150261,공영,P법정공영,,,,옥내,87.0,0.0,,,,,
이화 공영주차장(구),종로구 이화동 13-2,종로구,이화동,11110165,100.0,37.5765626,127.0055154,공영,P법정공영,,,,옥내,222.0,0.0,,,,,
역삼문화공원제1호공영주차장(구),강남구 역삼동 635-1,강남구,역삼동,11680101,247.0,37.5005741,127.0298455,공영,P법정공영,,,,혼합,247.0,12.0,,,,,
독산2동마을공원 공영주차장(구),금천구 독산동 1056-5,금천구,독산동,11545102,103.0,37.4637961,126.8992959,공영,P법정공영,,,,옥내,103.0,0.0,,,,,
삼전근린공원 공영주차장(구),송파구 삼전동 62-1,송파구,삼전동,11710106,166.0,37.5024084,127.0926066,공영,P법정공영,,,,옥내,166.0,0.0,,,,,
구로미래도서관 공영주차장(구),구로구 구로동 1-4,구로구,구로동,11530102,52.0,37.5073132,126.8915994,공영,P법정공영,,,,옥외,0.0,53.0,,,,,
남현소공원 공영주차장(구),관악구 남현동 1063-1,관악구,남현동,11620103,97.0,37.4756778,126.9792771,공영,P법정공영,,,,옥내,97.0,0.0,,,,,
삼선동 공영주차장(구),성북구 삼선동1가 278-5,성북구,삼선동1가,11290111,133.0,37.5847104,127.0073855,공영,P법정공영,,,,옥내,133.0,0.0,,,,,
망우역사문화공원 제1공영주차장(구),중랑구 망우동 57-1,중랑구,망우동,11260105,28.0,37.5974187,127.1152405,공영,P법정공영,,,,옥외,0.0,29.0,,,,,
면일초등학교 공영주차장(구),중랑구 망우동 440-0,중랑구,망우동,11260105,80.0,37.5920456,127.099411,공영,P법정공영,,,,옥내,125.0,0.0,,,,,
아현시민 공영주차장(구),마포구 아현동 804-3,마포구,아현동,11440101,133.0,37.5564159,126.9509705,공영,P법정공영,,,,옥내,133.0,0.0,아현역차고지,3.0,,,
연남동 공영주차장(구),마포구 연남동 361-9,마포구,연남동,11440124,96.0,37.5662352,126.918985,공영,P법정공영,,,,옥내,96.0,0.0,,,,,
영등포전통시장 공영주차장(구),영등포구 영등포동2가 466-0,영등포구,영등포동2가,11560103,62.0,37.5222572,126.9090015,공영,P법정공영,,,,옥내,76.0,0.0,,,,,
논현 제1호 공영노외주차장(구),강남구 논현동 123-11,강남구,논현동,11680108,85.0,37.5106931,127.0245945,공영,P법정공영,,,,옥내,114.0,0.0,,,,,
개포4문화센터(구),강남구 개포동 1204-0,강남구,개포동,11680103,43.0,37.4771256,127.0499128,공영,P법정공영,,,,옥내,43.0,0.0,,,,,
독립문문화공원 공영(구),서대문구 영천동 263-0,서대문구,영천동,11410108,120.0,37.5715759,126.9604898,공영,P법정공영,,,,혼합,110.0,4.0,,,,,
자양4동 전통시장 공영주차장(구),광진구 자양동 43-44,광진구,자양동,11215105,70.0,37.5366546,127.0641742,공영,P법정공영,,,,옥내,170.0,0.0,,,,,
관악초 공영주차장(구),관악구 봉천동 920-0,관악구,봉천동,11620101,151.0,37.4806237,126.9432791,공영,P법정공영,,,,혼합,151.0,19.0,,,,,
모래내공원 공영주차장(구),관악구 봉천동 1613-19,관악구,봉천동,11620101,72.0,37.4778281,126.9556327,공영,P법정공영,,,,옥내,72.0,0.0,,,,,
조원동 제1공영주차장(구),관악구 신림동 571-6,관악구,신림동,11620102,108.0,37.4810738,126.9057069,공영,P법정공영,,,,혼합,79.0,29.0,,,,,
신사동 제1공영주차장(구),관악구 신림동 511-1,관악구,신림동,11620102,41.0,37.4844288,126.9154398,공영,P법정공영,,,,혼합,26.0,15.0,,,,,
민방위교육장 공영주차장(구),관악구 신림동 737-0,관악구,신림동,11620102,42.0,37.4692861,126.9112797,공영,P법정공영,,,,혼합,33.0,7.0,,,,,
난곡스마트 공영주차장(구),관악구 신림동 646-172,관악구,신림동,11620102,117.0,37.4690341,126.9243228,공영,P법정공영,,,,옥내,116.0,0.0,,,,,
반포동 방음언덕형 정기권 공영주차장(구),서초구 반포동 730-0,서초구,반포동,11650107,13.0,37.504851,127.0183502,공영,P법정공영,,,,옥내,104.0,0.0,,,,,
반포동 방음언덕형 거주자 공영주차장(구),서초구 반포동 730-0,서초구,반포동,11650107,29.0,37.504851,127.0183502,공영,P법정공영,,,,옥내,104.0,0.0,,,,,
양재 공영주차장(구),서초구 양재동 90-2,서초구,양재동,11650102,175.0,37.4785966,127.0413541,공영,P법정공영,,,,옥내,175.0,0.0,,,,,
곰달래 문화복지센터 공영주차장(구),강서구 화곡동 890-0,강서구,화곡동,11500103,248.0,37.5290011,126.8489183,공영,P법정공영,,,,옥내,34.0,0.0,,,,,
창천중교 공영주차장(구),마포구 노고산동 33-1,마포구,노고산동,11440110,280.0,37.5547353,126.9394168,공영,P법정공영,,,,혼합,36.0,80.0,,,,,
도화 공영주차장(구),마포구 도화동 557-0,마포구,도화동,11440104,63.0,37.541578,126.9499639,공영,P법정공영,,,,혼합,64.0,2.0,,,,,
중곡3동공영주차장(구),광진구 중곡동 195-1,광진구,중곡동,11215101,162.0,37.5699297,127.0846781,공영,P법정공영,,,,옥내,163.0,0.0,,,,,
가오리 공영주차장(구),강북구 수유동 349-3,강북구,수유동,11305103,120.0,37.6416102,127.0150167,공영,P법정공영,,,,옥내,94.0,0.0,,,,,
구로아트밸리 지하주차장(구),구로구 구로동 102-0,구로구,구로동,11530102,243.0,37.4970487,126.8895656,공영,P법정공영,,,,옥내,245.0,0.0,,,,,
개화역,강서구 개화동 664-0,강서구,개화동,11500110,483.0,37.5779749,126.7982504,시영,P법정공영,,,,옥내,508.0,0.0,,,24.0,1.0,59.22721463535202
구파발역,은평구 진관동 70-1,은평구,진관동,11380114,399.0,37.6380551,126.9191357,시영,P법정공영,,,,옥내,401.0,0.0,,,24.0,1.0,33.13364489285875
남부여성발전센터,금천구 시흥동 139-2,금천구,시흥동,11545103,128.0,37.4632934,126.9060465,시영,P법정공영,,,,혼합,387.0,93.0,남부여성발전센터,0.0,24.0,3.0,78.68530750227457
대림노외,구로구 구로동 120-3,구로구,구로동,11530102,93.0,37.4933612,126.8942531,시영,P법정공영,,,,옥내,60.0,0.0,,,10.0,1.0,24.165089659048093
도봉산역,도봉구 도봉동 288-19,도봉구,도봉동,11320108,358.0,37.6898454,127.0447967,시영,P법정공영,,,,옥내,364.0,0.0,도봉산차고지,150.0,24.0,1.0,34.806125467391084
동대문,중구 신당동 251-7,중구,신당동,11140162,1092.0,37.5670526,127.0120885,시영,P법정공영,,,,혼합,1103.0,3.0,,,24.0,1.0,18.09090309741127
동작대교(위),동작구 동작동 316-3,동작구,동작동,11590106,47.0,37.5055617,126.9796882,시영,P법정공영,,,,옥외,0.0,26.0,,,9.0,1.0,31.73177024430365
볕우물,강동구 암사동 473-3,강동구,암사동,11740107,96.0,37.5523978,127.1351012,시영,P법정공영,,,,옥내,100.0,0.0,,,24.0,3.0,76.96724975728803
서울글로벌센터,종로구 서린동 63-0,종로구,서린동,11110123,44.0,37.5698844,126.9814834,시영,P법정공영,,,,옥내,45.0,0.0,,,9.0,1.0,72.11695475091861
소파길노상,중구 회현동1가 1-19,중구,회현동1가,11140121,21.0,37.5566332,126.9840502,시영,P법정공영,,,,옥외,0.0,48.0,,,12.0,2.0,73.77372388926204
신방화역,강서구 마곡동 739-0,강서구,마곡동,11500105,199.0,37.5668019,126.8177817,시영,P법정공영,,,,혼합,158.0,42.0,신방화차고지,84.0,24.0,1.0,62.65779662540646
장안1동,동대문구 장안동 392-3,동대문구,장안동,11230106,71.0,37.5696146,127.0670839,시영,P법정공영,,,,옥내,77.0,0.0,,,24.0,3.0,90.00560601164732
중곡1동,광진구 중곡동 230-12,광진구,중곡동,11215101,132.0,37.5644922,127.0807623,시영,P법정공영,,,,옥내,140.0,0.0,,,24.0,2.0,49.15989259544643
천왕역,구로구 천왕동 280-11,구로구,천왕동,11530111,327.0,37.4871037,126.8391361,시영,P법정공영,,,,옥내,330.0,0.0,,,24.0,1.0,30.556007099684685
삼청공원앞,서울특별시 종로구 삼청동  25-1,종로구,삼청동,11110140,18.0,37.58744499,126.9824597,KOTSA,U_UPIS,공공청사,공공청사,11000NTC202206020002,옥내,169.0,0.0,,,,,
강북구육아종합지원센터,서울특별시 강북구 수유동  410-293,강북구,수유동,11305103,14.0,37.6404597961,127.012549351,KOTSA,U_UPIS,사회복지시설,사회복지시설,11000NTC200801031715,혼합,11.0,3.0,,,,,
강북구청사,서울특별시 강북구 수유동  192-59,강북구,수유동,11305103,40.0,37.6395459168,127.0254745531,KOTSA,U_UPIS,공공청사,구청사,11305NTC202507110003,옥외,0.0,40.0,,,,,
강북실버종합복지센터,서울특별시 강북구 미아동  198-54,강북구,미아동,11305101,27.0,37.6271329344,127.0297614366,KOTSA,U_UPIS,사회복지시설,사회복지시설,11000NTC200907093566,옥외,0.0,27.0,,,,,
"번2동청사,보건소",서울특별시 강북구 번동  232,강북구,번동,11305102,46.0,37.6322118635,127.0388221036,KOTSA,U_UPIS,공공청사,"청사(공공업무시설,근린공공시설)",11000NTC199310024086,혼합,19.0,27.0,,,,,
미아1동청사및 솔샘문화정보센타,서울특별시 강북구 미아동  1354-4,강북구,미아동,11305101,13.0,37.6204579152,127.0124372472,KOTSA,U_UPIS,공공청사,동사무소,11000NTC200307024518,옥외,0.0,13.0,,,,,
도봉실버센터,서울특별시 도봉구 방학동  441-1,도봉구,방학동,11320106,18.0,37.6629422996,127.0270148538,KOTSA,U_UPIS,사회복지시설,사회복지시설,11000NTC200210053186,혼합,8.0,10.0,,,,,
북부법조타운,서울특별시 도봉구 도봉동  626-16,도봉구,도봉동,11320108,16.0,37.6766236272,127.0472291279,KOTSA,U_UPIS,공공청사,공공청사,11000NTC200509228873,옥내,16.0,0.0,,,,,
도봉구 평생학습관,서울특별시 도봉구 방학동  446-5,도봉구,방학동,11320106,19.0,37.6621708626,127.0278623214,KOTSA,U_UPIS,사회복지시설,사회복지시설,11000NTC200603169784,옥내,19.0,0.0,,,,,
창5동 주민센터,서울특별시 도봉구 창동  224-41,도봉구,창동,11320107,12.0,37.6562880946,127.0435898046,KOTSA,U_UPIS,공공청사,공공청사,11000NTC200605110040,옥내,12.0,0.0,,,,,
서울도봉우체국,서울특별시 도봉구 쌍문동  380-28,도봉구,쌍문동,11320105,112.0,37.647863395,127.0272949412,KOTSA,U_UPIS,공공청사,공공청사,11000NTC201012165744,혼합,100.0,12.0,,,,,
북부종합사회복지관,서울특별시 노원구 상계동  1257,노원구,상계동,11350105,33.0,37.6796018788,127.0524048432,KOTSA,U_UPIS,사회복지시설,사회복지시설,11000NTC200107101005,옥외,0.0,33.0,,,,,
진경빌딩,서울특별시 노원구 상계동  332-8,노원구,상계동,11350105,18.0,37.6557781583,127.0634123949,KOTSA,U_UPIS,문화시설,"청사(공공업무시설,근린공공시설)",11000NTC200909173835,옥내,18.0,0.0,,,,,
노원문화예술회관,서울특별시 노원구 중계동  364-3,노원구,중계동,11350106,103.0,37.6501603683,127.0799881478,KOTSA,U_UPIS,공공청사,보건지소,11350NTC202111110004,옥내,103.0,0.0,,,,,
노원평생교육원,서울특별시 노원구 상계동  735,노원구,상계동,11350105,10.0,37.653110444,127.0579752322,KOTSA,U_UPIS,공공청사,"상계6동사무소, 파출소",,혼합,9.0,1.0,,,,,
대한적십자사,서울특별시 노원구 상계동  764,노원구,상계동,11350105,117.0,37.6470825251,127.0621857617,KOTSA,U_UPIS,사회복지시설,사회복지시설,11000NTC199012012036,옥외,0.0,111.0,,,,,
시립노원시각장애인복지관,서울특별시 노원구 상계동  771,노원구,상계동,11350105,46.0,37.6423388767,127.0567612945,KOTSA,U_UPIS,사회복지시설,사회복지시설,11000NTC201807060001,옥외,0.0,46.0,,,,,
공릉2동청사,서울특별시 노원구 공릉동  87-7,노원구,공릉동,11350103,21.0,37.6213084874,127.0833644802,KOTSA,U_UPIS,공공청사,"청사(공공업무시설,근린공공시설)",,혼합,17.0,4.0,,,,,
구립하계실버센터,서울특별시 노원구 하계동  357,노원구,하계동,11350104,11.0,37.6331197947,127.064190705,KOTSA,U_UPIS,사회복지시설,사회복지시설,,옥외,0.0,11.0,,,,,
월계2동 주민센터,서울특별시 노원구 월계동  777,노원구,월계동,11350102,15.0,37.6325100538,127.0507811632,KOTSA,U_UPIS,공공청사,동사무소,11000NTC200001069321,옥내,15.0,0.0,,,,,
월계보건지소,서울특별시 노원구 월계동  321-4,노원구,월계동,11350102,16.0,37.6314417587,127.0615609688,KOTSA,U_UPIS,공공청사,월계4동사무소,,혼합,12.0,4.0,,,,,
중랑소방서,서울특별시 중랑구 신내동  644-2,중랑구,신내동,11260106,45.0,37.615205419,127.0949921269,KOTSA,U_UPIS,공공청사,소방서,11000NTC199807288135,옥외,0.0,45.0,,,,,
봉화지구대,서울특별시 중랑구 신내동  644-3,중랑구,신내동,11260106,30.0,37.6147977119,127.0955624549,KOTSA,U_UPIS,공공청사,소방서,11000NTC199807288135,옥외,0.0,5.0,,,,,
용마문화복지센터,서울특별시 중랑구 면목동  50-17,중랑구,면목동,11260101,17.0,37.5869790364,127.0951872163,KOTSA,U_UPIS,공공청사,면목8동,11000NTC199711057370,혼합,8.0,9.0,,,,,
동대문노인종합복지관및청소년수련관,서울특별시 동대문구 청량리동  11-1,동대문구,청량리동,11230107,37.0,37.5872482913,127.0500031369,KOTSA,U_UPIS,사회복지시설,사회복지시설(노인복지관),11230NTC202507280002,옥외,0.0,37.0,,,,,
제2기동단 숙영시설,서울특별시 동대문구 장안동  284-5,동대문구,장안동,11230106,39.0,37.5796247762,127.072907199,KOTSA,U_UPIS,공공청사,"청사(공공업무시설,근린공공시설)",11000NTC200311155188,혼합,20.0,19.0,,,,,
동대문구 답십리 도서관,서울특별시 동대문구 답십리동  474-5,동대문구,답십리동,11230105,14.0,37.5731890268,127.0503740879,KOTSA,U_UPIS,문화시설,도서관,11000NTC201312127031,혼합,13.0,1.0,,,,,
길음1동주민센터,서울특별시 성북구 길음동  1281-7,성북구,길음동,11290134,16.0,37.6104487793,127.0195027952,KOTSA,U_UPIS,공공청사,"길음5구영동사무소,파출소",,옥내,16.0,0.0,,,,,
월곡종합사회복지관,서울특별시 성북구 하월곡동  222-5,성북구,하월곡동,11290136,10.0,37.6088767198,127.0374735712,KOTSA,U_UPIS,사회복지시설,사회복지시설,11000NTC200212313649,혼합,9.0,1.0,,,,,
성북정보도서관,서울특별시 성북구 상월곡동  24-348,성북구,상월곡동,11290137,34.0,37.6050047121,127.0507443398,KOTSA,U_UPIS,문화시설,도서관,11000NTC199804227900,옥외,0.0,34.0,,,,,
종암동 복합청사,서울특별시 성북구 종암동  16-8,성북구,종암동,11290135,12.0,37.5989989907,127.0351087098,KOTSA,U_UPIS,공공청사,공공청사,11000NTC200902122803,혼합,11.0,1.0,,,,,
성북동주민센터,서울특별시 성북구 성북동1가  117-1,성북구,성북동1가,11290102,44.0,37.5909529067,127.0032564114,KOTSA,U_UPIS,공공청사,"청사(공공업무시설,근린공공시설)",11000NTC199801137590,혼합,39.0,5.0,,,,,
아르코예술극장,서울특별시 종로구 동숭동  1-111,종로구,동숭동,11110168,30.0,37.5811969624,127.0029752199,KOTSA,U_UPIS,공공청사,문화회관대강당,,옥외,0.0,30.0,,,,,
아르코 미술관,서울특별시 종로구 동숭동  1-130,종로구,동숭동,11110168,22.0,37.5800905419,127.0029797043,KOTSA,U_UPIS,공공청사,한국문화예술진흥원,11000NTC198603147675,옥외,0.0,22.0,,,,,
광희빌딩,서울특별시 종로구 내자동  186,종로구,내자동,11110114,13.0,37.5750306825,126.9711830474,KOTSA,U_UPIS,공공청사,공공청사,11110NTC202509230001,옥외,0.0,13.0,,,,,
신도초등학교,서울특별시 은평구 진관동  108,은평구,진관동,11380114,58.0,37.6342884196,126.9145681559,KOTSA,U_UPIS,공공청사,공공청사,11000NTC201105126084,옥외,0.0,58.0,,,,,
신도중학교,서울특별시 은평구 진관동  115,은평구,진관동,11380114,53.0,37.6333831049,126.9135722279,KOTSA,U_UPIS,공공청사,공공청사,11000NTC201105126084,옥외,0.0,53.0,,,,,
갈현2동주민센터 및 자치회관,서울특별시 은평구 갈현동  502-3,은평구,갈현동,11380104,10.0,37.6186013602,126.9158456595,KOTSA,U_UPIS,공공청사,갈현2동사무소,11000NTC200505068119,옥외,0.0,10.0,,,,,
구산동도서관마을,서울특별시 은평구 구산동  17-37,은평구,구산동,11380105,13.0,37.6095534177,126.9130607154,KOTSA,U_UPIS,문화시설,공공도서관,11000NTC201004224794,옥외,0.0,13.0,,,,,
시립은혜로운집,서울특별시 은평구 구산동  172-2,은평구,구산동,11380105,172.0,37.607424877,126.9055024874,KOTSA,U_UPIS,사회복지시설,사회복지시설,11000NTC200806051990,옥외,0.0,173.0,,,,,
구립증산정보도서관,서울특별시 은평구 증산동  173-8,은평구,증산동,11380110,11.0,37.5828078867,126.9076439343,KOTSA,U_UPIS,문화시설,도서관,11000NTC200601269601,옥내,11.0,0.0,,,,,
구립서대문노인전문요양센터,서울특별시 서대문구 홍은동  4,서대문구,홍은동,11410118,10.0,37.5981815118,126.9559911638,KOTSA,U_UPIS,사회복지시설,사회복지시설,11000NTC200602099640,옥외,0.0,10.0,,,,,
홍은2동주민센터,서울특별시 서대문구 홍은동  273-10,서대문구,홍은동,11410118,26.0,37.5801371058,126.934188348,KOTSA,U_UPIS,공공청사,홍은3동사무소,11000NTC200602099640,혼합,21.0,5.0,,,,,
서대문소방서,서울특별시 서대문구 연희동  76-12,서대문구,연희동,11410117,34.0,37.5732221147,126.9360826134,KOTSA,U_UPIS,공공청사,서대문소방서,11000NTC199408184703,혼합,31.0,3.0,,,,,
서대문우체국,서울특별시 서대문구 창천동  98-3,서대문구,창천동,11410116,137.0,37.5608150084,126.9321454447,KOTSA,U_UPIS,공공청사,공공청사,11000NTC200907233607,옥내,137.0,0.0,,,,,
쎄미앙 오피스텔,서울특별시 서대문구 미근동  190,서대문구,미근동,11410104,15.0,37.5642754201,126.9674112822,KOTSA,U_UPIS,공공청사,치안본부청사(경찰청),11000NTC198512197469,혼합,5.0,1.0,,,,,
시립서대문노인종합복지관,서울특별시 서대문구 천연동  117-3,서대문구,천연동,11410106,15.0,37.5680570231,126.9591194213,KOTSA,U_UPIS,사회복지시설,사회복지시설,11000NTC200311155205,혼합,12.0,3.0,,,,,
북아현1동복지관,서울특별시 서대문구 북아현동  129-37,서대문구,북아현동,11410110,16.0,37.5594787971,126.9570325523,KOTSA,U_UPIS,공공청사,복합청사,11410NTC202107290002,옥내,16.0,0.0,,,,,
북가좌1동주민센터,서울특별시 서대문구 북가좌동  477,서대문구,북가좌동,11410119,12.0,37.5743044801,126.9102037424,KOTSA,U_UPIS,공공청사,공공청사,11000NTC201404037150,혼합,11.0,1.0,,,,,
서울 상암우체국,서울특별시 마포구 상암동  1685,마포구,상암동,11440127,11.0,37.5805194016,126.8832701149,KOTSA,U_UPIS,공공청사,"청사(공공업무시설,근린공공시설)",,옥외,0.0,11.0,,,,,
마포구육아종합지원센터,서울특별시 마포구 상암동  1686,마포구,상암동,11440127,11.0,37.5805088983,126.8835825942,KOTSA,U_UPIS,공공청사,"청사(공공업무시설,근린공공시설)",,옥내,11.0,0.0,,,,,
마포창업복지관,서울특별시 마포구 상암동  1640,마포구,상암동,11440127,36.0,37.5741539514,126.8899091372,KOTSA,U_UPIS,사회복지시설,사회복지시설,,혼합,33.0,3.0,,,,,
마포도서관,서울특별시 마포구 서교동  341-1,마포구,서교동,11440120,49.0,37.5542725672,126.9242429485,KOTSA,U_UPIS,문화시설,도서관,11000NTC199207213209,옥외,0.0,49.0,,,,,
신수동 복합청사,서울특별시 마포구 신수동  458,마포구,신수동,11440111,12.0,37.5470999249,126.935181533,KOTSA,U_UPIS,공공청사,동사무소,11000NTC200601059485,옥내,12.0,0.0,,,,,
시립마포노인종합복지관,서울특별시 마포구 창전동  140,마포구,창전동,11440114,13.0,37.5489254793,126.932206016,KOTSA,U_UPIS,사회복지시설,사회복지시설,11000NTC199608176304,옥내,13.0,0.0,,,,,
우리마포복지관,서울특별시 마포구 노고산동  1-50,마포구,노고산동,11440110,50.0,37.5558504521,126.9421862124,KOTSA,U_UPIS,사회복지시설,사회복지시설,11000NTC200601059483,옥내,50.0,0.0,,,,,
청파1동 주민자치센터,서울특별시 용산구 서계동  227-1,용산구,서계동,11170108,12.0,37.553942832,126.9675787484,KOTSA,U_UPIS,공공청사,청파1동청사,11000NTC200402055688,옥내,12.0,0.0,,,,,
갈월종합사회복지관,서울특별시 용산구 갈월동  51-19,용산구,갈월동,11170104,28.0,37.545785157,126.9748244414,KOTSA,U_UPIS,사회복지시설,사회복지시설,11000NTC199803057720,혼합,17.0,11.0,,,,,
대중음악 및 뮤지컬공연장,서울특별시 용산구 한남동  727-56,용산구,한남동,11170131,207.0,37.5407025699,127.002647735,KOTSA,U_UPIS,문화시설,문화시설,11000NTC201003044587,혼합,193.0,14.0,,,,,
한남제2동 주민자치센터,서울특별시 용산구 한남동  685-43,용산구,한남동,11170131,16.0,37.534568588,127.0004887726,KOTSA,U_UPIS,공공청사,한남2동청사,11000NTC200203262271,옥외,0.0,16.0,,,,,
용산노인종합복지관,서울특별시 용산구 한남동  108,용산구,한남동,11170131,12.0,37.5313356203,127.0064623807,KOTSA,U_UPIS,사회복지시설,사회복지시설,11170NTC202209130020,혼합,11.0,4.0,,,,,
구립한남노인요양원,서울특별시 용산구 한남동  820,용산구,한남동,11170131,14.0,37.5355988439,127.0107576704,KOTSA,U_UPIS,사회복지시설,사회복지시설,11000NTC201012235777,혼합,11.0,3.0,,,,,
새마을금고,서울특별시 중구 중림동  202,중구,중림동,11140171,16.0,37.5578673985,126.9669342026,KOTSA,U_UPIS,공공청사,파출소,11000NTC199803047717,옥내,16.0,0.0,,,,,
서울특별시 청사,서울특별시 중구 태평로1가  31,중구,태평로1가,11140103,101.0,37.5665844559,126.978204094,KOTSA,U_UPIS,공공청사,공공청사,11000NTC200812262523,옥내,95.0,0.0,,,,,
중구청청사,서울특별시 중구 예관동  120-1,중구,예관동,11140135,133.0,37.5637356947,126.9977589193,KOTSA,U_UPIS,공공청사,공공청사,11000NTC200903193005,옥내,133.0,0.0,,,,,
충무아트센터,서울특별시 중구 흥인동  131,중구,흥인동,11140163,181.0,37.5659296076,127.0148594801,KOTSA,U_UPIS,문화시설,문화시설,11000NTC200305264289,혼합,174.0,4.0,,,,,
약수동 복지회관,서울특별시 중구 신당동  366-18,중구,신당동,11140162,10.0,37.5524872986,127.0093205892,KOTSA,U_UPIS,사회복지시설,사회복지시설,11000NTC199207243217,옥내,10.0,0.0,,,,,
"금호2,3가동 주민센터",서울특별시 성동구 금호동2가  1212,성동구,금호동2가,11200110,12.0,37.5532030055,127.0209319166,KOTSA,U_UPIS,공공청사,공공청사,11000NTC200607200270,혼합,10.0,2.0,,,,,
옥수 종합 사회복지관,서울특별시 성동구 옥수동  204-8,성동구,옥수동,11200113,14.0,37.5404352177,127.0127271867,KOTSA,U_UPIS,사회복지시설,사회복지시설,11000NTC199604305990,혼합,11.0,3.0,,,,,
행당1동주민센터,서울특별시 성동구 행당동  139,성동구,행당동,11200107,13.0,37.5585296329,127.0361354778,KOTSA,U_UPIS,공공청사,공공청사,,옥외,0.0,13.0,,,,,
성동세무서,서울특별시 성동구 송정동  67-6,성동구,송정동,11200118,109.0,37.548470526,127.0628144092,KOTSA,U_UPIS,공공청사,공공청사,11000NTC200903052922,혼합,101.0,8.0,,,,,
서울특별시 동부여성발전센타,서울특별시 광진구 자양동  9-13,광진구,자양동,11215105,54.0,37.5394151347,127.0667353489,KOTSA,U_UPIS,사회복지시설,사회복지시설,11000NTC199707257121,혼합,50.0,4.0,,,,,
둔촌동후성누리움,서울특별시 강동구 둔촌동  79-23,강동구,둔촌동,11740106,53.0,37.5310292839,127.1430768464,KOTSA,U_UPIS,사회복지시설,사회복지시설,11000NTC202007240016,혼합,45.0,8.0,,,,,
강동소방서,서울특별시 강동구 성내동  541,강동구,성내동,11740108,25.0,37.5294567499,127.1250764863,KOTSA,U_UPIS,공공청사,기타 공공청사시설,,옥외,0.0,25.0,,,,,
석촌동 주민센터,서울특별시 송파구 석촌동  265,송파구,석촌동,11710105,10.0,37.5035970668,127.1036674289,KOTSA,U_UPIS,공공청사,석촌동사무소,11000NTC200404306168,혼합,8.0,2.0,,,,,
마천2동청사,서울특별시 송파구 마천동  127-1,송파구,마천동,11710114,10.0,37.4969393225,127.1485936541,KOTSA,U_UPIS,공공청사,공공청사,11710NTC202409260008,옥외,0.0,10.0,,,,,
구립송파노인요양센터,서울특별시 송파구 장지동  850-2,송파구,장지동,11710109,33.0,37.4857372926,127.1341304159,KOTSA,U_UPIS,사회복지시설,사회복지시설,11000NTC201011185616,혼합,18.0,15.0,,,,,
국립농산물품질관리원 서울사무소,서울특별시 송파구 장지동  840-1,송파구,장지동,11710109,15.0,37.4785480937,127.1268366809,KOTSA,U_UPIS,공공청사,공공청사,11000NTC201209066615,옥외,0.0,15.0,,,,,
송파 산모건강증진센터,서울특별시 송파구 장지동  841-1,송파구,장지동,11710109,14.0,37.47792788,127.1271341013,KOTSA,U_UPIS,공공청사,공공청사,11000NTC201011185616,옥외,0.0,14.0,,,,,
청담문화센터,서울특별시 강남구 청담동  124-1,강남구,청담동,11680104,20.0,37.5250617672,127.0492421112,KOTSA,U_UPIS,공공청사,청담동사무소,11000NTC197910153455,혼합,8.0,12.0,,,,,
강남세무서,서울특별시 강남구 청담동  45,강남구,청담동,11680104,96.0,37.5187267962,127.0470841838,KOTSA,U_UPIS,공공청사,공공청사,11000NTC201206216516,옥내,96.0,0.0,,,,,
기계설비건설회관,서울특별시 강남구 청담동  45-1,강남구,청담동,11680104,15.0,37.5189247718,127.0476951463,KOTSA,U_UPIS,공공청사,공공청사,11000NTC201206216516,혼합,8.0,7.0,,,,,
공공업무시설,서울특별시 강남구 삼성동  20-2,강남구,삼성동,11680105,12.0,37.516267572,127.0502091139,KOTSA,U_UPIS,공공청사,기타공공청사시설,,옥외,0.0,12.0,,,,,
대치평생학습관,서울특별시 강남구 대치동  994-17,강남구,대치동,11680106,26.0,37.4999763073,127.0669580779,KOTSA,U_UPIS,공공청사,대치2동사무소,11000NTC199408224719,옥내,26.0,0.0,,,,,
개포2문화센터,서울특별시 강남구 개포동  182,강남구,개포동,11680103,16.0,37.4897828978,127.0690792959,KOTSA,U_UPIS,공공청사,"청사(공공업무시설,근린공공시설)",,옥내,16.0,0.0,,,,,
강남 장애인(문화)복지관,서울특별시 강남구 개포동  12-10,강남구,개포동,11680103,11.0,37.4919967305,127.0734642198,KOTSA,U_UPIS,공공청사,기타공공청사시설,,옥외,0.0,11.0,,,,,
사회복지법인능인선원,서울특별시 강남구 개포동  1055,강남구,개포동,11680103,113.0,37.4717027668,127.0525125789,KOTSA,U_UPIS,사회복지시설,사회복지시설,11000NTC198904190552,옥내,113.0,0.0,,,,,
강남드림빌,서울특별시 강남구 개포동  1057-9,강남구,개포동,11680103,20.0,37.4704925135,127.0509019695,KOTSA,U_UPIS,사회복지시설,사회복지시설,,옥외,0.0,13.0,,,,,
강남스포츠문화센터,서울특별시 강남구 수서동  718,강남구,수서동,11680115,69.0,37.4889740581,127.1053387887,KOTSA,U_UPIS,사회복지시설,사회복지시설,11000NTC199003191412,혼합,43.0,26.0,,,,,
미미위강남세움센터,서울특별시 강남구 수서동  721,강남구,수서동,11680115,49.0,37.4870589149,127.1069009892,KOTSA,U_UPIS,사회복지시설,사회복지시설,,옥내,49.0,0.0,,,,,
국민건강보험공단 서울요양원,서울특별시 강남구 세곡동  520,강남구,세곡동,11680111,37.0,37.4613142215,127.1040340245,KOTSA,U_UPIS,사회복지시설,사회복지시설,11000NTC200512299421,혼합,27.0,10.0,,,,,
강남구립 행복요양병원,서울특별시 강남구 세곡동  521,강남구,세곡동,11680111,113.0,37.4611454226,127.1033601257,KOTSA,U_UPIS,사회복지시설,사회복지시설,11000NTC200512299421,옥내,113.0,0.0,,,,,
한강홍수통제소 청사,서울특별시 서초구 반포동  751,서초구,반포동,11650107,37.0,37.5038968768,126.9807782891,KOTSA,U_UPIS,공공청사,공공청사,,혼합,28.0,9.0,,,,,
하나푸르니어린이집,서울특별시 서초구 반포동  53-6,서초구,반포동,11650107,18.0,37.5012814223,127.0108432182,KOTSA,U_UPIS,사회복지시설,사회복지시설,11000NTC201011115585,옥내,18.0,0.0,,,,,
서울중앙지방법원 등기국 청사,서울특별시 서초구 서초동  1707-4,서초구,서초동,11650108,71.0,37.4936915289,127.0085895651,KOTSA,U_UPIS,공공청사,공공청사,11000NTC200907093572,옥내,71.0,0.0,,,,,
방배노인종합복지관,서울특별시 서초구 방배동  455-11,서초구,방배동,11650101,16.0,37.4807845471,126.9827831234,KOTSA,U_UPIS,사회복지시설,사회복지시설,11000NTC200605110036,옥외,0.0,16.0,,,,,
서울가정행정법원청사,서울특별시 서초구 양재동  25-3,서초구,양재동,11650102,303.0,37.4812523507,127.0363107859,KOTSA,U_UPIS,공공청사,공공청사,,옥내,303.0,0.0,,,,,
구립서초 노인요양센터,서울특별시 서초구 서초동  380-4,서초구,서초동,11650108,29.0,37.4817887481,127.0246882549,KOTSA,U_UPIS,사회복지시설,사회복지시설,11000NTC200809042160,옥외,0.0,98.0,한우리문화센터,49.0,,,
한국예술종합학교,서울특별시 서초구 서초동  1753,서초구,서초동,11650108,87.0,37.4776498273,127.0104463682,KOTSA,U_UPIS,문화시설,문화시설,11000NTC201709288298,옥외,0.0,87.0,,,,,
바우뫼복지문화센터,서울특별시 서초구 우면동  68-1,서초구,우면동,11650103,13.0,37.4717582298,127.0268825903,KOTSA,U_UPIS,사회복지시설,서초복지문화센터,11000NTC199612206566,옥내,13.0,0.0,,,,,
서울우면동우체국,서울특별시 서초구 우면동  727,서초구,우면동,11650103,15.0,37.4637216858,127.0247094416,KOTSA,U_UPIS,공공청사,공공청사,11000NTC200512309446,옥외,0.0,15.0,,,,,
동작문화복지센타,서울특별시 동작구 상도동  176-3,동작구,상도동,11590102,77.0,37.5044171605,126.9411175535,KOTSA,U_UPIS,공공청사,공공청사,11590NTC202003200002,혼합,386.0,7.0,,,,,
흑석동 주민센터,서울특별시 동작구 흑석동  335-2,동작구,흑석동,11590105,10.0,37.5058074733,126.9666676456,KOTSA,U_UPIS,공공청사,공공청사,11000NTC201106166131,옥내,10.0,0.0,,,,,
사당1동 주민센터,서울특별시 동작구 사당동  1004-52,동작구,사당동,11590107,11.0,37.4830400181,126.9787575256,KOTSA,U_UPIS,공공청사,공공청사,11000NTC200604069892,옥내,11.0,0.0,,,,,
사당솔밭도서관,서울특별시 동작구 사당동  708-1188,동작구,사당동,11590107,58.0,37.484111414,126.9673330675,KOTSA,U_UPIS,UQV400,솔밭도서관,11590NTC202501070010,옥내,58.0,0.0,,,,,
당산2동 복합청사,서울특별시 영등포구 당산동4가  80-5,영등포구,당산동4가,11560114,13.0,37.5310316694,126.8973173654,KOTSA,U_UPIS,공공청사,공공청사,11000NTC201102105917,옥내,13.0,0.0,,,,,
영등포 제2스포츠센터,서울특별시 영등포구 당산동4가  96-1,영등포구,당산동4가,11560114,48.0,37.526668205,126.9027400025,KOTSA,U_UPIS,공공청사,공공청사,11000NTC200707111234,혼합,33.0,15.0,,,,,
"방화3동사무소,어린이도서관",서울특별시 강서구 방화동  828,강서구,방화동,11500109,11.0,37.5787073715,126.8136769164,KOTSA,U_UPIS,공공청사,국립연구원,,옥외,0.0,11.0,,,,,
기쁜우리체육센터,서울특별시 강서구 가양동  1466,강서구,가양동,11500104,41.0,37.5692252005,126.8489038965,KOTSA,U_UPIS,사회복지시설,사회복지시설,,혼합,40.0,1.0,,,,,
허준박물관,서울특별시 강서구 가양동  26-5,강서구,가양동,11500104,34.0,37.5680241045,126.8509754776,KOTSA,U_UPIS,문화시설,문화시설,11000NTC200112151794,옥외,0.0,34.0,,,,,
장애인 자립장 및 보훈회관,서울특별시 강서구 가양동  1472,강서구,가양동,11500104,12.0,37.5674196747,126.851800715,KOTSA,U_UPIS,공공청사,"가양2동사무소,파출소,우체국,재활용",,옥외,0.0,12.0,,,,,
가양2동사무소,서울특별시 강서구 가양동  1472-4,강서구,가양동,11500104,16.0,37.5673469462,126.8512847069,KOTSA,U_UPIS,공공청사,"가양2동사무소,파출소,우체국,재활용",,옥내,16.0,0.0,,,,,
가양1동 주민자치센터,서울특별시 강서구 가양동  1462-3,강서구,가양동,11500104,13.0,37.5695081609,126.8447739886,KOTSA,U_UPIS,공공청사,공공청사,11000NTC200509158839,옥외,0.0,13.0,,,,,
강서소방서,서울특별시 강서구 등촌동  630-2,강서구,등촌동,11500102,33.0,37.5579657509,126.8601085296,KOTSA,U_UPIS,공공청사,강서소방서,11000NTC197901043015,혼합,8.0,25.0,,,,,
강서평생학습관및꿈꾸는어린이도서관,서울특별시 강서구 염창동  281-25,강서구,염창동,11500101,24.0,37.5473597242,126.8733365102,KOTSA,U_UPIS,문화시설,문화시설,11000NTC200206072674,옥내,24.0,0.0,,,,,
강서구립등빛도서관,서울특별시 강서구 등촌동  690-1,강서구,등촌동,11500102,11.0,37.5624267712,126.8423801305,KOTSA,U_UPIS,문화시설,공공도서관,11000NTC200912034180,혼합,9.0,2.0,,,,,
등촌3동사무소,서울특별시 강서구 등촌동  705-4,강서구,등촌동,11500102,20.0,37.5589236862,126.8478653499,KOTSA,U_UPIS,공공청사,"등촌3동사무소, 서울등촌우체국",,옥외,0.0,20.0,,,,,
목동종합사회복지관,서울특별시 양천구 목동  552-1,양천구,목동,11470102,18.0,37.544558931,126.8663526837,KOTSA,U_UPIS,사회복지시설,사회복지시설,11000NTC199408014675,혼합,14.0,4.0,,,,,
목2동사무소,서울특별시 양천구 목동  530-6,양천구,목동,11470102,15.0,37.5461397682,126.871663818,KOTSA,U_UPIS,공공청사,목2동사무소,11000NTC197906263283,혼합,7.0,8.0,,,,,
시립목동청소년센터,서울특별시 양천구 목동  918,양천구,목동,11470102,44.0,37.530736762,126.8754825306,KOTSA,U_UPIS,사회복지시설,사회복지시설,11000NTC200604209974,옥외,0.0,44.0,,,,,
양천해누리복지관,서울특별시 양천구 신정동  319-13,양천구,신정동,11470101,29.0,37.5198863519,126.8699577052,KOTSA,U_UPIS,사회복지시설,사회복지시설,11000NTC200604209974,혼합,18.0,11.0,,,,,
구립양천어르신요양센터,서울특별시 양천구 신정동  1321-7,양천구,신정동,11470101,21.0,37.5129476389,126.8270380738,KOTSA,U_UPIS,사회복지시설,사회복지시설,11000NTC200910143943,옥외,0.0,21.0,,,,,
신월종합사회복지관,서울특별시 양천구 신월동  1063-1,양천구,신월동,11470103,19.0,37.5200575659,126.8473877463,KOTSA,U_UPIS,사회복지시설,사회복지시설,11000NTC201401237076,옥외,0.0,19.0,,,,,
신정3동사무소,서울특별시 양천구 신정동  1263,양천구,신정동,11470101,13.0,37.5151185761,126.8547772528,KOTSA,U_UPIS,공공청사,신정3동사무소,11000NTC200005129553,혼합,12.0,1.0,,,,,
창일교회지역아동센타,서울특별시 양천구 신정동  1255,양천구,신정동,11470101,46.0,37.5124472101,126.8512444011,KOTSA,U_UPIS,사회복지시설,사회복지시설,11000NTC200005129553,옥외,0.0,46.0,,,,,
치안연구소,서울특별시 양천구 신정동  1289-1,양천구,신정동,11470101,12.0,37.5111358803,126.8432933675,KOTSA,U_UPIS,사회복지시설,사회복지시설,11470NTC202412160007,옥외,0.0,7.0,,,,,
열방사회복지관,서울특별시 양천구 신정동  1290-3,양천구,신정동,11470101,21.0,37.5103932812,126.843163718,KOTSA,U_UPIS,사회복지시설,사회복지시설,,옥외,0.0,21.0,,,,,
양천노인종합복지관,서울특별시 양천구 신정동  325-3,양천구,신정동,11470101,16.0,37.5104919755,126.8585322663,KOTSA,U_UPIS,사회복지시설,사회복지시설,11470NTC202509290003,혼합,13.0,3.0,,,,,
고척2동 주민센터,서울특별시 구로구 고척동  339-2,구로구,고척동,11530106,14.0,37.5067042062,126.8585756062,KOTSA,U_UPIS,공공청사,"청사(공공업무시설,근린공공시설)",11000NTC200110271515,혼합,11.0,3.0,,,,,
종합사회복지관,서울특별시 구로구 궁동  108-9,구로구,궁동,11530109,14.0,37.4990977228,126.8297389038,KOTSA,U_UPIS,사회복지시설,사회복지시설,11000NTC199903298632,옥외,0.0,14.0,,,,,
온수동 어르신 복지회관.보훈회관,서울특별시 구로구 온수동  155-5,구로구,온수동,11530110,11.0,37.4966915232,126.8232533167,KOTSA,U_UPIS,사회복지시설,사회복지시설,11000NTC201112226347,옥내,11.0,0.0,,,,,
화원종합사회복지관,서울특별시 구로구 구로동  476-134,구로구,구로동,11530102,16.0,37.4973395878,126.8801473706,KOTSA,U_UPIS,사회복지시설,사회복지시설,11000NTC200307054522,옥외,0.0,16.0,,,,,
구로3동주민센터,서울특별시 구로구 구로동  777-22,구로구,구로동,11530102,10.0,37.4874239844,126.8903259993,KOTSA,U_UPIS,공공청사,공공청사,11000NTC201402277101,옥내,10.0,0.0,,,,,
독산3동 주민센터,서울특별시 금천구 독산동  973-17,금천구,독산동,11545102,13.0,37.4751490615,126.9031776153,KOTSA,U_UPIS,공공청사,공공청사,11000NTC200811042317,혼합,12.0,1.0,,,,,
금천구 종합청사,서울특별시 금천구 시흥동  1020,금천구,시흥동,11545103,307.0,37.4568158763,126.8954070844,KOTSA,U_UPIS,공공청사,공공청사,11545NTC202402050002,혼합,278.0,29.0,,,,,
시립금천노인종합복지관,서울특별시 금천구 시흥동  558-1,금천구,시흥동,11545103,13.0,37.4502117229,126.8977760246,KOTSA,U_UPIS,사회복지시설,사회복지시설,11000NTC199801077559,옥외,0.0,13.0,,,,,
금천종합복지타운,서울특별시 금천구 시흥동  267-9,금천구,시흥동,11545103,45.0,37.4496123209,126.9145073861,KOTSA,U_UPIS,문화시설,도 서 관,11000NTC201012025671,혼합,44.0,1.0,,,,,
남부도로사업소 청사,서울특별시 금천구 시흥동  961-5,금천구,시흥동,11545103,46.0,37.4387167712,126.9044630225,KOTSA,U_UPIS,공공청사,공공청사,11000NTC201505217478,혼합,26.0,1.0,,,,,
삼육외래센터,서울특별시 관악구 봉천동  722-19,관악구,봉천동,11620101,21.0,37.4931469628,126.927421195,KOTSA,U_UPIS,사회복지시설,사회복지시설,11000NTC199304203750,옥내,21.0,0.0,,,,,
관악청소년회관,서울특별시 관악구 신림동  1522,관악구,신림동,11620102,40.0,37.4702298412,126.9352344015,KOTSA,U_UPIS,사회복지시설,사회복지시설,11000NTC199005261635,혼합,28.0,12.0,,,,,
관악경찰서,서울특별시 관악구 봉천동  1695-5,관악구,봉천동,11620101,110.0,37.4744398225,126.9511935818,KOTSA,U_UPIS,공공청사,경찰서,11620NTC202409240005,혼합,39.0,431.0,,,,,
관악소방서,서울특별시 관악구 봉천동  1593-3,관악구,봉천동,11620101,15.0,37.4738348893,126.9525324892,KOTSA,U_UPIS,공공청사,관악소방서,11000NTC199501074996,옥외,0.0,15.0,,,,,
삼각산동복합청사,서울특별시 강북구 미아동  813-3,강북구,미아동,11305101,12.0,37.6151877664,127.0207589961,KOTSA,U_UPIS,공공청사,공공문화체육시설,11000NTC201401237069,혼합,10.0,2.0,,,,,
번동 365-1 업무시설 (서울특별시),서울특별시 강북구 번동  365-1,강북구,번동,11305102,106.0,37.6334160025,127.0375176121,KOTSA,U_UPIS,공공청사,공공청사,11000NTC200910223994,혼합,16.0,196.0,,,,,
시립광진노인종합복지관,서울특별시 광진구 군자동  364-15,광진구,군자동,11215109,19.0,37.551125323,127.0715169009,KOTSA,U_UPIS,사회복지시설,사회복지시설,11000NTC200108141185,혼합,8.0,11.0,,,,,
국군서울지구병원,서울특별시 종로구 삼청동  25-1,종로구,삼청동,11110140,69.0,37.5880577199,126.9828626099,KOTSA,U_UPIS,공공청사,공공청사,11000NTC202206020002,옥내,169.0,0.0,,,,,
예술의전당,서울특별시 서초구 서초동  700,서초구,서초동,11650108,1263.0,37.4810875569,127.0152451603,KOTSA,U_UPIS,문화시설,문화시설,11000NTC201709288298,혼합,366.0,104.0,,,,,
푸르메재단 넥슨어린이재활병원,서울특별시 마포구 상암동  1738,마포구,상암동,11440127,78.0,37.5846612583,126.8805600137,KOTSA,U_UPIS,사회복지시설,사회복지시설,11000NTC200512299437,옥내,78.0,0.0,,,,,
용강동 복합청사,서울특별시 마포구 용강동  505,마포구,용강동,11440105,15.0,37.5422492375,126.9427172222,KOTSA,U_UPIS,공공청사,공고엉사,11000NTC201501227388,혼합,14.0,1.0,,,,,
방이동 88 업무시설 (서울올림픽기념국민체육진흥공단),서울특별시 송파구 방이동  88,송파구,방이동,11710111,697.0,37.5210324734,127.1161665641,KOTSA,U_UPIS,공공필요성이 인정되는 체육시설,운동장시설 기타,11710NTC202008200002,혼합,693.0,1000.0,,,,,
서울장애인종합복지관,서울특별시 강동구 고덕동  317-24,강동구,고덕동,11740102,88.0,37.5555407521,127.148352308,KOTSA,U_UPIS,사회복지시설,사회복지시설,11000NTC199210023321,혼합,46.0,42.0,,,,,
도봉소방서,서울특별시 도봉구 방학동  708,도봉구,방학동,11320106,50.0,37.6639788865,127.0435534999,KOTSA,U_UPIS,공공청사,도봉소방서,,옥내,2.0,0.0,,,,,
다니엘학교,서울특별시 서초구 내곡동  1-1328,서초구,내곡동,11650109,27.0,37.4604231648,127.0920335306,KOTSA,U_UPIS,사회복지시설,다니엘학교,11000NTC199504035150,옥외,0.0,54.0,,,,,
효창종합사회복지관,서울특별시 용산구 효창동  5-65,용산구,효창동,11170119,18.0,37.5411833427,126.9629993636,KOTSA,U_UPIS,사회복지시설,사회복지시설,11000NTC200401155633,혼합,7.0,11.0,,,,,
풍문여자고등학교,서울특별시 종로구 안국동  175-2,종로구,안국동,11110141,18.0,37.5765971514,126.9833452274,KOTSA,U_UPIS,문화시설,문화시설,11000NTC201704208089,옥외,0.0,2.0,,,,,
천연동 구세군 아동복지시설,서울특별시 서대문구 천연동  117-1,서대문구,천연동,11410106,23.0,37.568035482,126.9593594009,KOTSA,U_UPIS,사회복지시설,사회복지시설,11000NTC200311155205,옥외,0.0,42.0,,,,,
서울검찰청사,서울특별시 서초구 서초동  1724,서초구,서초동,11650108,597.0,37.4950899152,127.0082595251,KOTSA,U_UPIS,공공청사,서울지방검찰청,11000NTC199610286442,혼합,445.0,151.0,,,,,
최양업 2관,서울특별시 성북구 성북동  1-162,성북구,성북동,11290101,13.0,37.5982437545,127.0022557039,KOTSA,U_UPIS,사회복지시설,사회복지시설,11000NTC201611037925,옥내,13.0,0.0,,,,,
남가좌1동주민센터,서울특별시 서대문구 남가좌동  385-3,서대문구,남가좌동,11410120,12.0,37.5732734312,126.9197817255,KOTSA,U_UPIS,공공청사,공공청사,11000NTC201701198000,옥내,12.0,0.0,,,,,
사근동공공복합청사,서울특별시 성동구 사근동  223-22,성동구,사근동,11200106,20.0,37.5614024544,127.045300109,KOTSA,U_UPIS,공공청사,공공청사,11000NTC201405157193,옥내,20.0,0.0,,,,,
정립회관,서울특별시 광진구 구의동  16-3,광진구,구의동,11215103,151.0,37.5508038758,127.0976399037,KOTSA,U_UPIS,사회복지시설,사회복지시설,11000NTC201112156340,혼합,270.0,454.0,,,,,
서울동부지방검찰청사,서울특별시 송파구 문정동  649,송파구,문정동,11710108,338.0,37.4827956003,127.1179932406,KOTSA,U_UPIS,공공청사,공공청사,11000NTC201809060001,혼합,184.0,154.0,,,,,
성동종합 행정마을,서울특별시 성동구 행당동  7,성동구,행당동,11200107,430.0,37.5632146281,127.0367444127,KOTSA,U_UPIS,공공청사,공공청사,11000NTC200604069904,옥내,2.0,0.0,,,,,
사회복지법인엔젤스헤이븐,서울특별시 은평구 구산동  191-1,은평구,구산동,11380105,217.0,37.6056780001,126.9068138602,KOTSA,U_UPIS,사회복지시설,사회복지시설 기타,11380NTC202012150004,혼합,16.0,1177.0,,,,,
서울동부지방법원,서울특별시 송파구 문정동  650,송파구,문정동,11710108,295.0,37.4834930115,127.1197536237,KOTSA,U_UPIS,공공청사,공공청사,11000NTC201809060001,혼합,124.0,171.0,,,,,
마포구종합행정타운,서울특별시 마포구 성산동  370,마포구,성산동,11440125,418.0,37.5662430107,126.9019415206,KOTSA,U_UPIS,공공청사,공공청사,11000NTC201401027057,혼합,70.0,10.0,,,,,
마장동(건물) 공영주차장(구),성동구 마장동 463-2,성동구,마장동,11200105,52.0,37.5699681,127.0351038,공영,P법정공영,,,,옥외,0.0,52.0,,,,,
압구정 428 공영주차장(구),강남구 압구정동 428-0,강남구,압구정동,11680110,344.0,37.5270045,127.0264641,공영,P법정공영,,,,옥외,0.0,344.0,,,,,
논현로22길(구),강남구 개포동 1266-0,강남구,개포동,11680103,86.0,37.4814964,127.0482184,공영,P법정공영,,,,옥외,0.0,86.0,,,,,
역삼1문화센터 공영주차장(구),강남구 역삼동 829-20,강남구,역삼동,11680101,115.0,37.495189,127.0332072,공영,P법정공영,,,,옥외,0.0,115.0,,,,,
언주초 공영주차장(구),강남구 도곡동 922-0,강남구,도곡동,11680118,203.0,37.4866514,127.0371128,공영,P법정공영,,,,옥외,0.0,203.0,,,,,
살곶이(평면) 공영주차장(구),성동구 사근동 104-0,성동구,사근동,11200106,203.0,37.5538416,127.0488492,공영,P법정공영,,,,옥외,0.0,203.0,,,,,
잠원동 방음언덕형 공영주차장(구),서초구 잠원동 10-33,서초구,잠원동,11650106,92.0,37.5161854,127.0163008,공영,P법정공영,,,,옥외,0.0,92.0,,,,,
천호2동노외주차장(구),강동구 천호동 457-7,강동구,천호동,11740109,13.0,37.5403332,127.1230055,공영,P법정공영,,,,옥외,0.0,13.0,,,,,
광진광장 공영주차장(구),광진구 군자동 374-9,광진구,군자동,11215109,33.0,37.5476336,127.0737741,공영,P법정공영,,,,옥외,0.0,33.0,,,,,
탄천제2호 공영주차장(구),강남구 일원동 4-49,강남구,일원동,11680114,322.0,37.4940081,127.0874687,공영,P법정공영,,,,옥외,0.0,322.0,,,,,
송정동(건물) 공영주차장(구),성동구 송정동 68-57,성동구,송정동,11200118,120.0,37.5500042,127.0680872,공영,P법정공영,,,,옥외,0.0,120.0,,,,,
청암공영주차장(무인)(구),강북구 미아동 791-1694,강북구,미아동,11305101,47.0,37.6247227,127.0154132,공영,P법정공영,,,,옥외,0.0,47.0,,,,,
은혜공영주차장(무인)(구),강북구 미아동 791-1049,강북구,미아동,11305101,20.0,37.6279764,127.0169784,공영,P법정공영,,,,옥외,0.0,20.0,,,,,
번2동 공영주차장(무인)(구),강북구 번동 148-140,강북구,번동,11305102,20.0,37.626822,127.0367356,공영,P법정공영,,,,옥외,0.0,20.0,,,,,
신길5동 공영(구),영등포구 신길동 400-1,영등포구,신길동,11560132,26.0,37.5021639,126.9047764,공영,P법정공영,,,,옥외,0.0,26.0,,,,,
강일동 주차장(구),강동구 강일동 665-4,강동구,강일동,11740110,90.0,37.5661433,127.1725412,공영,P법정공영,,,,옥외,0.0,90.0,,,,,
봉수대공영주차장(구),중랑구 신내동 12-2,중랑구,신내동,11260106,31.0,37.6163652,127.1122792,공영,P법정공영,,,,옥외,0.0,31.0,,,,,
목동타운홀(구),양천구 목동 905-21,양천구,목동,11470102,23.0,37.5329353,126.8768651,공영,P법정공영,,,,옥외,0.0,23.0,,,,,
마천동3(건축물식)(구),송파구 마천동 128-4,송파구,마천동,11710114,47.0,37.4961507,127.1498524,공영,P법정공영,,,,옥외,0.0,47.0,,,,,
용답제2(평면) 공영주차장(구),성동구 용답동 182-10,성동구,용답동,11200122,153.0,37.5633116,127.0562486,공영,P법정공영,,,,옥외,0.0,153.0,용답주차장,73.0,,,
견인보관소(구),동대문구 휘경동 361-0,동대문구,휘경동,11230109,40.0,37.5890337,127.0690524,공영,P법정공영,,,,옥외,0.0,40.0,,,,,
영등포본동제2공영(구),영등포구 신길동 186-355,영등포구,신길동,11560132,61.0,37.5133089,126.9140876,공영,P법정공영,,,,옥외,0.0,61.0,,,,,
방배열린문화센터 공영주차장(구),서초구 방배동 852-14,서초구,방배동,11650101,109.0,37.489016,126.9922755,공영,P법정공영,,,,옥외,0.0,109.0,,,,,
풍납유수지(구),송파구 가락동 387-0,송파구,가락동,11710107,234.0,37.4951722,127.1185146,공영,P법정공영,,,,옥외,0.0,234.0,,,,,
수유마을시장 공영주차장(구),강북구 수유동 55-53,강북구,수유동,11305103,116.0,37.6377521,127.0185027,공영,P법정공영,,,,옥외,0.0,116.0,,,,,
방이고분(구),송파구 방이동 125-0,송파구,방이동,11710111,60.0,37.5079481,127.1181629,공영,P법정공영,,,,옥외,0.0,60.0,,,,,
신영시장 공동주차장(구),양천구 신월동 114-16,양천구,신월동,11470103,23.0,37.5330255,126.8362531,공영,P법정공영,,,,옥외,0.0,23.0,,,,,
반포4동 주민센터 공영주차장(구),서초구 반포동 74-7,서초구,반포동,11650107,51.0,37.4974647,127.000307,공영,P법정공영,,,,옥외,0.0,51.0,,,,,
도봉2동  6공영주차장(구),도봉구 도봉동 59-1,도봉구,도봉동,11320108,13.0,37.6836925,127.0463191,공영,P법정공영,,,,옥외,0.0,13.0,,,,,
밤고개로21길 공영주차장(구),강남구 율현동 77-5,강남구,율현동,11680113,109.0,37.4733791,127.11456,공영,P법정공영,,,,옥외,0.0,109.0,,,,,
마포중앙도서관 공영주차장(구),마포구 성산동 275-3,마포구,성산동,11440125,193.0,37.5637892,126.9084489,공영,P법정공영,,,,옥외,0.0,193.0,,,,,
구의2동 주택가 공영주차장(구),광진구 구의동 30-10,광진구,구의동,11215103,90.0,37.5434925,127.0832997,공영,P법정공영,,,,옥외,0.0,90.0,,,,,
대왕초 공영주차장(구),강남구 세곡동 517-0,강남구,세곡동,11680111,101.0,37.4643813,127.1055485,공영,P법정공영,,,,옥외,0.0,101.0,,,,,
공항2임시(구),강서구 공항동 703-0,강서구,공항동,11500108,75.0,37.5571723,126.8164012,공영,P법정공영,,,,옥외,0.0,75.0,,,,,
양평2동청사 공영(구),영등포구 양평동4가 72-1,영등포구,영등포동3가,11560104,93.0,37.5186045,126.9101161,공영,P법정공영,,,,옥외,0.0,93.0,,,,,
법마을공영주차장(구),양천구 신정동 1018-3,양천구,신정동,11470101,18.0,37.5216713,126.8605685,공영,P법정공영,,,,옥외,0.0,18.0,,,,,
서서울주차장(구),양천구 신월동 267-8,양천구,신월동,11470103,70.0,37.5281165,126.8318994,공영,P법정공영,,,,옥외,0.0,70.0,,,,,
신정7동 한사랑교회 주차장(구),양천구 신정동 324-11,양천구,신정동,11470101,125.0,37.5149378,126.8600996,공영,P법정공영,,,,옥외,0.0,125.0,,,,,
당곡주차장(구),양천구 신월동 482-11,양천구,신월동,11470103,45.0,37.5243635,126.8450829,공영,P법정공영,,,,옥외,0.0,45.0,,,,,
신우주차장(구),양천구 신월동 166-23,양천구,신월동,11470103,107.0,37.5344983,126.8285037,공영,P법정공영,,,,옥외,0.0,107.0,,,,,
신곡주차장(구),양천구 신월동 549-18,양천구,신월동,11470103,18.0,37.5170521,126.8410057,공영,P법정공영,,,,옥외,0.0,18.0,,,,,
곰달래주차장(구),양천구 신월동 226-9,양천구,신월동,11470103,106.0,37.5295563,126.8360429,공영,P법정공영,,,,옥외,0.0,106.0,,,,,
다락골주차장(구),양천구 신정동 1158-1,양천구,신정동,11470101,101.0,37.5161275,126.8496535,공영,P법정공영,,,,옥외,0.0,101.0,,,,,
신정교주차장(구),양천구 신정동 871-3,양천구,신정동,11470101,294.0,37.5186239,126.8778882,공영,P법정공영,,,,옥외,0.0,294.0,,,,,
거주자노외주차장(구),성동구 송정동 72-242,성동구,송정동,11200118,67.0,37.5532542,127.0684353,공영,P법정공영,,,,옥외,0.0,67.0,,,,,
용답 어울림 공영주차장(구),성동구 용답동 53-5,성동구,용답동,11200122,16.0,37.563703,127.0513239,공영,P법정공영,,,,옥외,0.0,16.0,,,,,
마천동1(건축물식)(구),송파구 마천동 215-0,송파구,마천동,11710114,215.0,37.4954333,127.1555089,공영,P법정공영,,,,옥외,0.0,215.0,,,,,
장지동공영(체비지)(구),송파구 문정동 2-6,송파구,문정동,11710108,101.0,37.4910553,127.1348715,공영,P법정공영,,,,옥외,0.0,101.0,,,,,
송파파크데이 2단지입구앞(구),송파구 마천동 603-0,송파구,마천동,11710114,110.0,37.4954239,127.1571186,공영,P법정공영,,,,옥외,0.0,110.0,,,,,
신당역 공영주차장(구),중구 신당동 140-29,중구,신당동,11140162,29.0,37.5653531,127.0207217,공영,P법정공영,,,,옥외,0.0,29.0,,,,,
서소문삼성생명뒤(구),중구 서소문동 122-0,중구,서소문동,11140166,24.0,37.5616627,126.9742301,공영,P법정공영,,,,옥외,0.0,24.0,,,,,
약수동 공영주차장(구),중구 신당동 349-234,중구,신당동,11140162,88.0,37.5521985,127.013308,공영,P법정공영,,,,옥외,0.0,88.0,,,,,
성수1가1동(건물) 공영주차장(구),성동구 성수동1가 656-260,성동구,성수동1가,11200114,91.0,37.5399328,127.0463704,공영,P법정공영,,,,옥외,0.0,91.0,,,,,
성수2가3동(건물) 공영주차장(구),성동구 성수동2가 299-19,성동구,성수동2가,11200115,192.0,37.5491384,127.0551858,공영,P법정공영,,,,옥외,0.0,192.0,,,,,
성수2가1동(건물) 공영주차장(구),성동구 성수동2가 571-1,성동구,성수동2가,11200115,161.0,37.5371598,127.0561485,공영,P법정공영,,,,옥외,0.0,161.0,,,,,
강변(건물) 공영주차장(구),성동구 성수동1가 366-1,성동구,성수동1가,11200114,99.0,37.5369515,127.0490226,공영,P법정공영,,,,옥외,0.0,99.0,,,,,
동서울 노외주차장(구),광진구 구의동 598-1,광진구,구의동,11215103,25.0,37.5335413,127.0913109,공영,P법정공영,,,,옥외,0.0,25.0,,,,,
능동공영주차장(구),광진구 능동 205-0,광진구,능동,11215102,77.0,37.5540547,127.0802418,공영,P법정공영,,,,옥외,0.0,77.0,,,,,
자양4동 공영주차장(구),광진구 자양동 5-5,광진구,자양동,11215105,83.0,37.5386885,127.0681734,공영,P법정공영,,,,옥외,0.0,83.0,,,,,
청량리동 노외주차장(구),동대문구 청량리동 51-4,동대문구,청량리동,11230107,26.0,37.5840175,127.0489902,공영,P법정공영,,,,옥외,0.0,26.0,,,,,
청량리동 공영주차장(구),동대문구 청량리동 435-0,동대문구,청량리동,11230107,67.0,37.5854412,127.0445474,공영,P법정공영,,,,옥외,0.0,67.0,,,,,
봉화산역(남) 공영주차장(구),중랑구 신내동 647-0,중랑구,신내동,11260106,86.0,37.6164222,127.091955,공영,P법정공영,,,,옥외,0.0,86.0,,,,,
동원시장공영주차장(구),중랑구 면목동 74-33,중랑구,면목동,11260101,26.0,37.5898756,127.0931343,공영,P법정공영,,,,옥외,0.0,26.0,,,,,
상봉2동공영주차장(구),중랑구 상봉동 110-38,중랑구,상봉동,11260102,83.0,37.5930143,127.0841998,공영,P법정공영,,,,옥외,0.0,83.0,,,,,
대지시장길 공영주차장(구),강북구 미아동 703-8,강북구,미아동,11305101,47.0,37.6201495,127.0202547,공영,P법정공영,,,,옥외,0.0,47.0,,,,,
송중동 공영주차장(구),강북구 미아동 48-1,강북구,미아동,11305101,54.0,37.6116456,127.0336005,공영,P법정공영,,,,옥외,0.0,54.0,,,,,
오패산 공영주차장(구),강북구 미아동 133-100,강북구,미아동,11305101,75.0,37.6221491,127.0311274,공영,P법정공영,,,,옥외,0.0,75.0,,,,,
우이동 공영주차장(구),강북구 우이동 105-2,강북구,우이동,11305104,82.0,37.6566999,127.0115923,공영,P법정공영,,,,옥외,0.0,82.0,,,,,
갈현1동공영주차장(구),은평구 갈현동 9-112,은평구,갈현동,11380104,61.0,37.6264983,126.9153183,공영,P법정공영,,,,옥외,0.0,61.0,,,,,
목2동 월촌(구),양천구 목동 525-0,양천구,목동,11470102,79.0,37.5459774,126.8746092,공영,P법정공영,,,,옥외,0.0,79.0,,,,,
달마을주차장(구),양천구 목동 532-18,양천구,목동,11470102,35.0,37.5443539,126.8716341,공영,P법정공영,,,,옥외,0.0,35.0,,,,,
구로5동마을공동주차장(구),구로구 구로동 549-73,구로구,구로동,11530102,77.0,37.5008428,126.8860294,공영,P법정공영,,,,옥외,0.0,77.0,,,,,
독산1동 공영주차장(구),금천구 독산동 1006-94,금천구,독산동,11545102,66.0,37.4649767,126.8947972,공영,P법정공영,,,,옥외,0.0,66.0,,,,,
독산3동 공영주차장(구),금천구 독산동 898-24,금천구,독산동,11545102,50.0,37.4794854,126.9063425,공영,P법정공영,,,,옥외,0.0,50.0,,,,,
구로2동 마을공동주차장(구),구로구 구로동 317-187,구로구,구로동,11530102,88.0,37.4914717,126.8883114,공영,P법정공영,,,,옥외,0.0,88.0,,,,,
영등포본동제1공영(구),영등포구 영등포동 592-10,영등포구,영등포동,11560101,194.0,37.5143767,126.9091586,공영,P법정공영,,,,옥외,0.0,194.0,,,,,
시흥3동 공영주차장(구),금천구 시흥동 942-6,금천구,시흥동,11545103,44.0,37.4429363,126.9056992,공영,P법정공영,,,,옥외,0.0,44.0,,,,,
가산동 공영주차장(구),금천구 가산동 148-28,금천구,가산동,11545101,130.0,37.4766234,126.8955989,공영,P법정공영,,,,옥외,0.0,130.0,,,,,
상인회주차장(구),금천구 시흥동 886-13,금천구,시흥동,11545103,22.0,37.453214,126.9032894,공영,P법정공영,,,,옥외,0.0,22.0,,,,,
문래근린공원 주차장(구),영등포구 문래동3가 60-2,영등포구,문래동3가,11560121,41.0,37.5154352,126.893857,공영,P법정공영,,,,옥외,0.0,41.0,,,,,
문래동공영(구),영등포구 문래동5가 3-0,영등포구,문래동5가,11560123,52.0,37.5162783,126.8878482,공영,P법정공영,,,,옥외,0.0,52.0,,,,,
당산1동공영(구),영등포구 당산동3가 6-1,영등포구,당산동3가,11560113,91.0,37.5237429,126.899599,공영,P법정공영,,,,옥외,0.0,91.0,,,,,
당산2동(구),영등포구 당산동 121-105,영등포구,당산동,11560117,31.0,37.5282536,126.9077822,공영,P법정공영,,,,옥외,0.0,31.0,,,,,
영등포동제2공영(구),영등포구 영등포동7가 29-122,영등포구,영등포동7가,11560108,28.0,37.523778,126.9085694,공영,P법정공영,,,,옥외,0.0,28.0,,,,,
신길4동 공영주차장(구),영등포구 신길동 236-10,영등포구,신길동,11560132,23.0,37.5053028,126.9120783,공영,P법정공영,,,,옥외,0.0,23.0,,,,,
대림3동 공영주차장(구),영등포구 대림동 745-1,영등포구,대림동,11560133,99.0,37.4979935,126.9004172,공영,P법정공영,,,,옥외,0.0,99.0,,,,,
대림1동공영(구),영등포구 대림동 834-1,영등포구,대림동,11560133,155.0,37.49315,126.901672,공영,P법정공영,,,,옥외,0.0,155.0,,,,,
구룡산제2호(구),강남구 개포동 126-2,강남구,개포동,11680103,127.0,37.4772631,127.0664771,공영,P법정공영,,,,옥외,0.0,127.0,,,,,
탄천 공영주차장(구),강남구 대치동 78-25,강남구,대치동,11680106,61.0,37.5086326,127.0683769,공영,P법정공영,,,,옥외,0.0,61.0,,,,,
논현로32길15 공영주차장(구),강남구 도곡동 516-2,강남구,도곡동,11680118,16.0,37.484321,127.0434017,공영,P법정공영,,,,옥외,0.0,16.0,,,,,
도곡로 421 공영주차장(구),강남구 대치동 939-21,강남구,대치동,11680106,25.0,37.4978175,127.0564648,공영,P법정공영,,,,옥외,0.0,25.0,,,,,
개포동공원 공영주차장(구),강남구 개포동 183-2,강남구,개포동,11680103,145.0,37.4894789,127.0662295,공영,P법정공영,,,,옥외,0.0,145.0,,,,,
대청역 공영주차장(구),강남구 개포동 13-2,강남구,개포동,11680103,162.0,37.4949385,127.0793065,공영,P법정공영,,,,옥외,0.0,162.0,,,,,
구룡산제1호(구),강남구 개포동 567-23,강남구,개포동,11680103,91.0,37.4778885,127.0658354,공영,P법정공영,,,,옥외,0.0,91.0,,,,,
방배카페골목(이수) 공영주차장(구),서초구 방배동 761-3,서초구,방배동,11650101,152.0,37.4961033,126.9851199,공영,P법정공영,,,,옥외,0.0,152.0,,,,,
도곡로 327 공영주차장(구),강남구 역삼동 765-22,강남구,역삼동,11680101,19.0,37.4962521,127.0517243,공영,P법정공영,,,,옥외,0.0,19.0,,,,,
언구비 공영주차장(구),서초구 반포동 741-3,서초구,반포동,11650107,50.0,37.5047213,127.0210026,공영,P법정공영,,,,옥외,0.0,50.0,,,,,
구룡공영주차빌딩(구),서초구 양재동 301-6,서초구,양재동,11650102,107.0,37.4741927,127.0459417,공영,P법정공영,,,,옥외,0.0,107.0,,,,,
천호유수지 주차장(구),강동구 천호동 329-0,강동구,천호동,11740109,168.0,37.5447675,127.121903,공영,P법정공영,,,,옥외,0.0,168.0,,,,,
문정근린공원(구),송파구 문정동 38-3,송파구,문정동,11710108,290.0,37.4859784,127.1246404,공영,P법정공영,,,,옥외,0.0,290.0,,,,,
반포 둥근마을 공영주차장(구),서초구 반포동 49-8,서초구,반포동,11650107,177.0,37.4999237,127.0104411,공영,P법정공영,,,,옥외,0.0,177.0,,,,,
방이동 공영주차장(구),송파구 방이동 52-1,송파구,방이동,11710111,131.0,37.5137527,127.1137683,공영,P법정공영,,,,옥외,0.0,131.0,,,,,
가락 1공영주차장(구),송파구 가락동 98-1,송파구,가락동,11710107,48.0,37.4944218,127.1188283,공영,P법정공영,,,,옥외,0.0,48.0,,,,,
마천동2(건축물식)(구),송파구 마천동 364-5,송파구,마천동,11710114,114.0,37.4943682,127.1561793,공영,P법정공영,,,,옥외,0.0,114.0,,,,,
삼전동(건축물식)(구),송파구 삼전동 175-8,송파구,삼전동,11710106,196.0,37.5002454,127.0958765,공영,P법정공영,,,,옥외,0.0,196.0,,,,,
가락 2공영주차장(구),송파구 가락동 80-2,송파구,가락동,11710107,84.0,37.4948265,127.119611,공영,P법정공영,,,,옥외,0.0,84.0,,,,,
풍납1(구),송파구 풍납동 154-0,송파구,풍납동,11710103,46.0,37.5354852,127.120277,공영,P법정공영,,,,옥외,0.0,46.0,,,,,
옥수유수지(평면) 공영주차장(구),성동구 옥수동 77-3,성동구,옥수동,11200113,45.0,37.5413638,127.0183948,공영,P법정공영,,,,옥외,0.0,45.0,,,,,
거여동 거주자상생주차장(구),송파구 거여동 41-4,송파구,거여동,11710113,174.0,37.4922453,127.1503741,공영,P법정공영,,,,옥외,0.0,174.0,,,,,
갈산 거주자우선주차장(구),양천구 신정동 1325-4,양천구,신정동,11470101,10.0,37.5106034,126.870329,공영,P법정공영,,,,옥외,0.0,10.0,,,,,
배나무터공원(구),광진구 중곡동 684-11,광진구,중곡동,11215101,94.0,37.5686253,127.080007,공영,P법정공영,,,,옥외,0.0,94.0,,,,,
청계산근린광장 공영주차장(구),서초구 원지동 361-1,서초구,원지동,11650104,95.0,37.4458831,127.0568139,공영,P법정공영,,,,옥외,0.0,95.0,,,,,
장미원시장 공영주차장(구),강북구 수유동 294-29,강북구,수유동,11305103,152.0,37.6377521,127.0185027,공영,P법정공영,,,,옥외,0.0,152.0,,,,,
청계산청룡 공영주차장(구),서초구 신원동 224-3,서초구,신원동,11650111,41.0,37.4465494,127.0599447,공영,P법정공영,,,,옥외,0.0,41.0,,,,,
개봉1동마을공동주차장(구),구로구 개봉동 416-2,구로구,개봉동,11530107,56.0,37.5045463,126.8456674,공영,P법정공영,,,,옥외,0.0,56.0,,,,,
도봉2동 법조타운 공영주차장(구),도봉구 도봉동 624-105,도봉구,도봉동,11320108,155.0,37.6736579,127.0464544,공영,P법정공영,,,,옥외,0.0,155.0,,,,,
중화제2공영주차장(구),중랑구 중화동 73-4,중랑구,중화동,11260103,87.0,37.5975699,127.0746865,공영,P법정공영,,,,옥외,0.0,87.0,,,,,
쌍문2동 2공영주차장(구),도봉구 쌍문동 81-102,도봉구,쌍문동,11320105,18.0,37.6532429,127.0335592,공영,P법정공영,,,,옥외,0.0,18.0,,,,,
간송옛집  공영주차장(구),도봉구 방학동 58-10,도봉구,방학동,11320106,15.0,37.6652301,127.0276329,공영,P법정공영,,,,옥외,0.0,15.0,,,,,
중랑역제2공영주차장(구),중랑구 중화동 73-8,중랑구,중화동,11260103,65.0,37.5941877,127.0729571,공영,P법정공영,,,,옥외,0.0,65.0,,,,,
중랑역제1공영주차장(구),중랑구 중화동 73-6,중랑구,중화동,11260103,152.0,37.5952425,127.0777767,공영,P법정공영,,,,옥외,0.0,152.0,,,,,
중화제3공영주차장(구),중랑구 중화동 73-3,중랑구,중화동,11260103,102.0,37.5967519,127.0761557,공영,P법정공영,,,,옥외,0.0,102.0,,,,,
신촌역 동측 공영주차장(구),서대문구 대현동 121-7,서대문구,대현동,11410112,30.0,37.5593002,126.9430995,공영,P법정공영,,,,옥외,0.0,30.0,,,,,
은평 한문화 공영주차장 (구),은평구 진관동 125-12,은평구,진관동,11380114,71.0,37.638209,126.918987,공영,P법정공영,,,,옥외,0.0,71.0,,,,,
초안산꽃동산공영주차장(구),도봉구 창동 441-5,도봉구,창동,11320107,15.0,37.6422274,127.0421344,공영,P법정공영,,,,옥외,0.0,15.0,,,,,
중랑캠핑숲 제3공영주차장(구),중랑구 망우동 30-63,중랑구,망우동,11260105,35.0,37.5991216,127.1057625,공영,P법정공영,,,,옥외,0.0,35.0,,,,,
중화제4공영주차장(구),중랑구 중화동 73-10,중랑구,중화동,11260103,89.0,37.5958213,127.0795722,공영,P법정공영,,,,옥외,0.0,89.0,,,,,
신길1동 공영주차장(구),영등포구 신길동 120-82,영등포구,신길동,11560132,13.0,37.5102942,126.9186008,공영,P법정공영,,,,옥외,0.0,13.0,,,,,
중화제1공영주차장(구),중랑구 중화동 73-5,중랑구,중화동,11260103,94.0,37.5982769,127.0734828,공영,P법정공영,,,,옥외,0.0,94.0,,,,,
상암1 공영주차장(구),마포구 상암동 1267-1,마포구,상암동,11440127,213.0,37.5777395,126.8970634,공영,P법정공영,,,,옥외,0.0,213.0,,,,,
성산2-1 공영주차장(구),마포구 성산동 199-0,마포구,성산동,11440125,56.0,37.5647272,126.9066015,공영,P법정공영,,,,옥외,0.0,56.0,,,,,
남부골목 전통시장 고객주차장(구),강서구 화곡동 797-7,강서구,화곡동,11500103,17.0,37.5322858,126.8608623,공영,P법정공영,,,,옥외,0.0,17.0,,,,,
광장공영주차장(구),양천구 목동 907-19,양천구,목동,11470102,42.0,37.5354384,126.8793506,공영,P법정공영,,,,옥외,0.0,42.0,,,,,
양천사회단체봉사센터 공영주차장(구),양천구 목동 905-29,양천구,목동,11470102,21.0,37.5318641,126.8754497,공영,P법정공영,,,,옥외,0.0,21.0,,,,,
망원노외주차장(구),마포구 망원동 478-10,마포구,망원동,11440123,21.0,37.5595824,126.9065798,공영,P법정공영,,,,옥외,0.0,21.0,,,,,
우리공영주차장(구),양천구 목동 907-8,양천구,목동,11470102,39.0,37.5366583,126.8792082,공영,P법정공영,,,,옥외,0.0,39.0,,,,,
교대역 동측 공영주차장(구),서초구 서초동 1673-7,서초구,서초동,11650108,26.0,37.493838,127.0154864,공영,P법정공영,,,,옥외,0.0,26.0,,,,,
동막골 노외공영주차장(구),노원구 상계동 31-0,노원구,상계동,11350105,35.0,37.6752784,127.0863851,공영,P법정공영,,,,옥외,0.0,35.0,,,,,
망원1-1 공영주차장(구),마포구 망원동 418-39,마포구,망원동,11440123,66.0,37.5561084,126.900035,공영,P법정공영,,,,옥외,0.0,66.0,,,,,
빗물펌프장 공영주차장(구),동작구 흑석동 105-0,동작구,흑석동,11590105,49.0,37.5085526,126.9629502,공영,P법정공영,,,,옥외,0.0,49.0,,,,,
등나무근린공원 공영주차장(구),노원구 중계동 508-1,노원구,중계동,11350106,120.0,37.6403111,127.0676872,공영,P법정공영,,,,옥외,0.0,120.0,,,,,
성내전통시장 주차장(구),강동구 성내동 224-37,강동구,성내동,11740108,28.0,37.5333564,127.1282496,공영,P법정공영,,,,옥외,0.0,28.0,,,,,
서광공영주차장(구),동작구 신대방동 607-45,동작구,신대방동,11590109,63.0,37.4887734,126.9078197,공영,P법정공영,,,,옥외,0.0,63.0,,,,,
중앙로 공영주차장(구),서초구 방배동 977-17,서초구,방배동,11650101,49.0,37.4822569,126.9920089,공영,P법정공영,,,,옥외,0.0,49.0,,,,,
상계역 서측 주택가 공영주차장(구),노원구 상계동 169-409,노원구,상계동,11350105,19.0,37.6600476,127.0710398,공영,P법정공영,,,,옥외,0.0,19.0,,,,,
망원나들목A동 공영주차장(구),마포구 망원동 462-8,마포구,망원동,11440123,62.0,37.5550579,126.8978836,공영,P법정공영,,,,옥외,0.0,62.0,,,,,
독산2동 공영주차장(구),금천구 독산동 1050-17,금천구,독산동,11545102,66.0,37.4638661,126.9000542,공영,P법정공영,,,,옥외,0.0,66.0,,,,,
중계근린공원 공영주차장(구),노원구 중계동 507-0,노원구,중계동,11350106,94.0,37.6395391,127.0651802,공영,P법정공영,,,,옥외,0.0,94.0,,,,,
신촌노외 공영주차장(구),마포구 노고산동 49-64,마포구,노고산동,11440110,24.0,37.5536867,126.9341271,공영,P법정공영,,,,옥외,0.0,24.0,,,,,
대방생태공영주차장(구),동작구 대방동 395-1,동작구,대방동,11590108,38.0,37.5001792,126.9262824,공영,P법정공영,,,,옥외,0.0,38.0,,,,,
비봉(구),종로구 구기동 139-9,종로구,구기동,11110182,40.0,37.6122978,126.9565347,공영,P법정공영,,,,옥외,0.0,40.0,,,,,
바람개비 공영주차장(구),양천구 목동 919-8,양천구,목동,11470102,186.0,37.5304435,126.8742953,공영,P법정공영,,,,옥외,0.0,186.0,,,,,
장위1동동방고개공영주차장(구),성북구 장위동 230-110,성북구,장위동,11290138,64.0,37.614667,127.0409898,공영,P법정공영,,,,옥외,0.0,64.0,,,,,
능골 공영주차장(구),양천구 신월동 152-38,양천구,신월동,11470103,61.0,37.5331976,126.8245303,공영,P법정공영,,,,옥외,0.0,61.0,,,,,
누상 공영주차장(구),종로구 누상동 166-50,종로구,누상동,11110109,36.0,37.5802963,126.9645771,공영,P법정공영,,,,옥외,0.0,36.0,,,,,
장안1동(군자유치원) 노외주차장(구),동대문구 장안동 403-13,동대문구,장안동,11230106,20.0,37.5651009,127.063354,공영,P법정공영,,,,옥외,0.0,20.0,,,,,
장영당길 공영주차장(구3동)(구),동대문구 답십리동 484-7,동대문구,답십리동,11230105,193.0,37.5686637,127.0531712,공영,P법정공영,,,,옥외,0.0,193.0,,,,,
서강대역 환승 공영주차장(구),마포구 신수동 93-35,마포구,신수동,11440111,98.0,37.5511115,126.9364472,공영,P법정공영,,,,옥외,0.0,98.0,,,,,
중산 공영주차장(구),동대문구 답십리동 23-3,동대문구,답십리동,11230105,58.0,37.5686442,127.05885,공영,P법정공영,,,,옥외,0.0,58.0,,,,,
수유2동 공영주차장(구),강북구 수유동 660-30,강북구,수유동,11305103,62.0,37.6460483,127.0219258,공영,P법정공영,,,,옥외,0.0,62.0,,,,,
부군당길 공영주차장(구),동대문구 전농동 273-5,동대문구,전농동,11230104,63.0,37.5783055,127.0544638,공영,P법정공영,,,,옥외,0.0,63.0,,,,,
양재2동주민센터 공영주차장(구),서초구 양재동 323-1,서초구,양재동,11650102,32.0,37.4706501,127.0412752,공영,P법정공영,,,,옥외,0.0,32.0,,,,,
답십리2동 노외주차장(홍약국옆)(구),동대문구 답십리동 36-12,동대문구,답십리동,11230105,58.0,37.5711167,127.0581632,공영,P법정공영,,,,옥외,0.0,58.0,,,,,
문화회관 서측 공영주차장(구),양천구 신정동 323-25,양천구,신정동,11470101,23.0,37.51635,126.8625382,공영,P법정공영,,,,옥외,0.0,23.0,,,,,
밝은빛 공영주차장(구),양천구 신정동 323-18,양천구,신정동,11470101,23.0,37.5162054,126.8613356,공영,P법정공영,,,,옥외,0.0,23.0,,,,,
구릉공영 주차장(구),동작구 신대방동 351-14,동작구,신대방동,11590109,20.0,37.4987247,126.9274761,공영,P법정공영,,,,옥외,0.0,20.0,,,,,
정릉천복개 공영주차장(구),동대문구 제기동 271-50,동대문구,제기동,11230103,143.0,37.5797932,127.0349862,공영,P법정공영,,,,옥외,0.0,143.0,,,,,
공덕1-1 공영주차장(구),마포구 공덕동 11-243,마포구,공덕동,11440102,77.0,37.5473742,126.9608963,공영,P법정공영,,,,옥외,0.0,77.0,,,,,
문화회관 동측 공영주차장(구),양천구 신정동 322-5,양천구,신정동,11470101,80.0,37.5170691,126.8638473,공영,P법정공영,,,,옥외,0.0,80.0,,,,,
쌈지 공영주차장(구),강북구 수유동 62-4,강북구,수유동,11305103,19.0,37.6321569,127.0234824,공영,P법정공영,,,,옥외,0.0,19.0,,,,,
동답 공영주차장(구),동대문구 답십리동 2-283,동대문구,답십리동,11230105,67.0,37.5693677,127.0635346,공영,P법정공영,,,,옥외,0.0,67.0,,,,,
석계역 공영주차장(구),노원구 월계동 60-1,노원구,월계동,11350102,29.0,37.615714,127.0651334,공영,P법정공영,,,,옥외,0.0,29.0,,,,,
누리 공영주차장(구),양천구 신정동 323-13,양천구,신정동,11470101,19.0,37.5153835,126.862696,공영,P법정공영,,,,옥외,0.0,19.0,,,,,
어울림 공영주차장(구),양천구 신정동 318-2,양천구,신정동,11470101,32.0,37.5221377,126.8692716,공영,P법정공영,,,,옥외,0.0,32.0,,,,,
서울식물원 제2주차장(구),강서구 마곡동 20-3,강서구,마곡동,11500105,202.0,37.572661,126.8352324,공영,P법정공영,,,,옥외,0.0,202.0,,,,,
남성사계시장공영주차장(구),동작구 사당동 139-67,동작구,사당동,11590107,18.0,37.4877682,126.9801649,공영,P법정공영,,,,옥외,0.0,18.0,,,,,
매헌시민의숲(매헌)역 공영주차장(구),서초구 양재동 237-2,서초구,양재동,11650102,46.0,37.4704204,127.0384652,공영,P법정공영,,,,옥외,0.0,46.0,,,,,
서소문올리브타워옆 공영주차장(구),중구 서소문동 137-0,중구,서소문동,11140166,16.0,37.5615205,126.9727128,공영,P법정공영,,,,옥외,0.0,16.0,,,,,
문화공영주차장(구),중구 신당동 425-1,중구,신당동,11140162,31.0,37.5565491,127.0109443,공영,P법정공영,,,,옥외,0.0,31.0,,,,,
용산구 이태원동 258-29(구),용산구 이태원동 258-29,용산구,이태원동,11170130,30.0,37.5419122,126.9954856,공영,P법정공영,,,,옥외,0.0,30.0,,,,,
용산구 한강로2가 2-28(구),용산구 한강로2가 2-28,용산구,한강로3가,11170128,14.0,37.5305585,126.9667855,공영,P법정공영,,,,옥외,0.0,14.0,,,,,
청파동청사 공영주차장(구),용산구 청파동2가 91-1,용산구,청파동2가,11170110,34.0,37.5454975,126.9698544,공영,P법정공영,,,,옥외,0.0,34.0,,,,,
용산전자상가4 공영주차장(구),용산구 원효로3가 51-5,용산구,원효로3가,11170117,114.0,37.5338844,126.9603066,공영,P법정공영,,,,옥외,0.0,114.0,,,,,
용산전자상가5 공영주차장(구),용산구 용산동3가 2-1,용산구,용산동3가,11170126,42.0,37.5315417,126.9791912,공영,P법정공영,,,,옥외,0.0,42.0,,,,,
용산전자상가2 공영주차장(구),용산구 한강로3가 14-1,용산구,한강로3가,11170128,196.0,37.5326568,126.9631106,공영,P법정공영,,,,옥외,0.0,196.0,용산차고지,245.0,,,
용산전자상가1 공영주차장(구),용산구 용산동3가 12-0,용산구,용산동3가,11170126,202.0,37.5315417,126.9791912,공영,P법정공영,,,,옥외,0.0,202.0,,,,,
용산전자상가3 공영주차장(구),용산구 한강로3가 19-2,용산구,한강로3가,11170128,167.0,37.5325775,126.9603363,공영,P법정공영,,,,옥외,0.0,167.0,,,,,
창삼 공영주차장(구),종로구 창신동 23-346,종로구,창신동,11110174,21.0,37.5762901,127.0125354,공영,P법정공영,,,,옥외,0.0,21.0,,,,,
낙산 공영주차장(구),종로구 창신동 23-343,종로구,창신동,11110174,50.0,37.5773832,127.01221,공영,P법정공영,,,,옥외,0.0,50.0,,,,,
동묘 공영주차장(구),종로구 숭인동 227-8,종로구,숭인동,11110175,23.0,37.573297,127.0189071,공영,P법정공영,,,,옥외,0.0,23.0,,,,,
21-37(구),송파구 잠실동 348-0,송파구,잠실동,11710101,13.0,37.5022496,127.0861108,공영,P법정공영,,,,옥외,0.0,13.0,,,,,
서호1(구),송파구 잠실동 42-0,송파구,잠실동,11710101,15.0,37.510734,127.1009527,공영,P법정공영,,,,옥외,0.0,15.0,,,,,
숭인 공영주차장(구),종로구 숭인동 57-18,종로구,숭인동,11110175,119.0,37.5771878,127.0168196,공영,P법정공영,,,,옥외,0.0,119.0,,,,,
마장축산물시장 북문(평면) 임시공영주차장(구),성동구 마장동 437-0,성동구,마장동,11200105,67.0,37.5711269,127.0414277,공영,P법정공영,,,,옥외,0.0,67.0,,,,,
고척근린시장 공영주차장(구),구로구 고척동 253-175,구로구,고척동,11530106,20.0,37.5018074,126.8499517,공영,P법정공영,,,,옥외,0.0,20.0,,,,,
구로2동 소공원 공영주차장(구),구로구 구로동 454-1,구로구,구로동,11530102,104.0,37.4975259,126.8838995,공영,P법정공영,,,,옥외,0.0,104.0,,,,,
석관동 공영주차장(구),성북구 석관동 332-165,성북구,석관동,11290139,77.0,37.6069816,127.0600695,공영,P법정공영,,,,옥외,0.0,77.0,,,,,
성북동길 공영주차장(구),성북구 성북동 237-3,성북구,성북동,11290101,26.0,37.5948365,126.9938771,공영,P법정공영,,,,옥외,0.0,26.0,,,,,
노량진역공영주차장(구),동작구 노량진동 60-12,동작구,노량진동,11590101,13.0,37.5138155,126.9412604,공영,P법정공영,,,,옥외,0.0,13.0,,,,,
망우3동공영주차장(구),중랑구 망우동 529-2,중랑구,망우동,11260105,55.0,37.591895,127.094909,공영,P법정공영,,,,옥외,0.0,55.0,,,,,
망우역사문화공원 제2공영주차장(구),중랑구 망우동 52-2,중랑구,망우동,11260105,37.0,37.601982,127.114785,공영,P법정공영,,,,옥외,0.0,37.0,,,,,
망우역사문화공원 제3공영주차장(구),중랑구 망우동 94-1,중랑구,망우동,11260105,56.0,37.5996271,127.1115184,공영,P법정공영,,,,옥외,0.0,56.0,,,,,
중랑캠핑숲 제1공영주차장(구),중랑구 망우동 56-0,중랑구,망우동,11260105,45.0,37.6045941,127.1113365,공영,P법정공영,,,,옥외,0.0,45.0,,,,,
중랑캠핑숲 제2공영주차장(구),중랑구 망우동 71-3,중랑구,망우동,11260105,45.0,37.6056247,127.1134292,공영,P법정공영,,,,옥외,0.0,45.0,,,,,
벤처빌딩 공영주차장(구),성북구 장위동 65-154,성북구,장위동,11290138,49.0,37.6093929,127.0531615,공영,P법정공영,,,,옥외,0.0,49.0,,,,,
천호2동복합청사(구),강동구 천호동 422-12,강동구,천호동,11740109,285.0,37.5421467,127.1282712,공영,P법정공영,,,,옥외,0.0,285.0,,,,,
삼각지(임시)(구),용산구 한강로1가 231-30,용산구,한강로1가,11170124,169.0,37.5330352,126.9726328,공영,P법정공영,,,,옥외,0.0,169.0,,,,,
미양 마을마당  공영주차장(구),강북구 미아동 791-1974,강북구,미아동,11305101,10.0,37.6220891,127.0150104,공영,P법정공영,,,,옥외,0.0,10.0,,,,,
방배복개도로 제1지역 (가) 공영주차장(구),서초구 방배동 493-3,서초구,방배동,11650101,28.0,37.4780082,126.9826301,공영,P법정공영,,,,옥외,0.0,28.0,,,,,
방배복개도로 제2지역 (마) 공영주차장(구),서초구 방배동 493-5,서초구,방배동,11650101,70.0,37.4830018,126.9825732,공영,P법정공영,,,,옥외,0.0,70.0,,,,,
개봉고가 공영주차장(구),구로구 개봉동 403-10,구로구,개봉동,11530107,20.0,37.4942774,126.8561952,공영,P법정공영,,,,옥외,0.0,20.0,,,,,
개운산공영주차장(구),성북구 안암동5가 1-95,성북구,안암동5가,11290125,26.0,37.5952331,127.0261922,공영,P법정공영,,,,옥외,0.0,26.0,,,,,
내곡동 (임시) 공영주차장(구),서초구 신원동 80-80,서초구,신원동,11650111,80.0,37.4465494,127.0599447,공영,P법정공영,,,,옥외,0.0,80.0,,,,,
은천동 공영주차장(구),관악구 봉천동 635-663,관악구,봉천동,11620101,21.0,37.486944,126.9415928,공영,P법정공영,,,,옥외,0.0,21.0,,,,,
신사시장 공영주차장(구),관악구 신림동 494-37,관악구,신림동,11620102,13.0,37.4867111,126.9172636,공영,P법정공영,,,,옥외,0.0,13.0,,,,,
방배복개도로 제1지역 (나) 공영주차장(구),서초구 방배동 493-3,서초구,방배동,11650101,40.0,37.4780082,126.9826301,공영,P법정공영,,,,옥외,0.0,40.0,,,,,
방배복개도로 제1지역 (다) 공영주차장(구),서초구 방배동 493-3,서초구,방배동,11650101,50.0,37.4780082,126.9826301,공영,P법정공영,,,,옥외,0.0,50.0,,,,,
방배복개도로 제2지역 (바) 공영주차장(구),서초구 방배동 493-5,서초구,방배동,11650101,70.0,37.4830018,126.9825732,공영,P법정공영,,,,옥외,0.0,70.0,,,,,
방배복개도로 제2지역 (사) 공영주차장(구),서초구 방배동 493-5,서초구,방배동,11650101,10.0,37.4830018,126.9825732,공영,P법정공영,,,,옥외,0.0,10.0,,,,,
전농1동 공영주차장(구),동대문구 전농동 591-92,동대문구,전농동,11230104,88.0,37.5814383,127.0475007,공영,P법정공영,,,,옥외,0.0,88.0,,,,,
양천도서관 공영주차장(구),양천구 목동 905-32,양천구,목동,11470102,48.0,37.5334352,126.8765939,공영,P법정공영,,,,옥외,0.0,48.0,,,,,
도화공영주차장(구),동작구 상도동 244-183,동작구,상도동,11590102,58.0,37.4998649,126.9355036,공영,P법정공영,,,,옥외,0.0,58.0,,,,,
삼양시장길 공영주차장(구),강북구 미아동 791-1429,강북구,미아동,11305101,43.0,37.6258936,127.0157166,공영,P법정공영,,,,옥외,0.0,43.0,,,,,
삼양마을공원 지하 공영주차장(구),강북구 미아동 748-2,강북구,미아동,11305101,95.0,37.6227377,127.0184709,공영,P법정공영,,,,옥외,0.0,95.0,,,,,
가마산고가밑,구로구 구로동 414-13,구로구,구로동,11530102,18.0,37.4926646,126.8824865,시영,P법정공영,,,,옥외,0.0,18.0,,,10.0,3.0,78.80475730098316
가양3동,강서구 가양동 1488-12,강서구,가양동,11500104,56.0,37.5603288,126.8597642,시영,P법정공영,,,,옥외,0.0,56.0,,,24.0,2.0,223.2173170209564
가양역,강서구 가양동 1480-10,강서구,가양동,11500104,79.0,37.5633208,126.853071,시영,P법정공영,,,,옥외,0.0,79.0,,,13.0,1.0,126.1071099107823
개화산역,강서구 방화동 845-0,강서구,방화동,11500109,321.0,37.57213,126.8051866,시영,P법정공영,,,,옥외,0.0,321.0,개화산주차장,0.0,24.0,1.0,50.16710958179413
구로디지털단지역,구로구 구로동 810-3,구로구,구로동,11530102,91.0,37.4854461,126.9008626,시영,P법정공영,,,,옥외,0.0,91.0,,,24.0,1.0,44.9699751599463
구로디지털단지역(상),관악구 신림동 1677-5,관악구,신림동,11620102,31.0,37.4848058,126.9032944,시영,P법정공영,,,,옥외,0.0,31.0,,,13.0,1.0,103.01290441265313
남산한옥마을,중구 필동2가 83-1,중구,필동2가,11140138,16.0,37.5600532,126.9931386,시영,P법정공영,,,,옥외,0.0,16.0,,,11.0,1.0,82.50592525189548
당고개위,노원구 상계동 111-568,노원구,상계동,11350105,24.0,37.6705308,127.0805875,시영,P법정공영,,,,옥외,0.0,24.0,,,13.0,1.0,60.41344193476531
당산고가밑,영등포구 당산동5가 9-15,영등포구,당산동5가,11560115,23.0,37.5325873,126.90071,시영,P법정공영,,,,옥외,0.0,23.0,,,10.0,1.0,79.88828091541939
당산노외,영등포구 당산동3가 2-1,영등포구,당산동3가,11560113,236.0,37.5262449,126.899559,시영,P법정공영,,,,옥외,0.0,236.0,,,13.0,1.0,83.81204376433973
대림역,영등포구 대림동 808-24,영등포구,대림동,11560133,18.0,37.4927353,126.8955124,시영,P법정공영,,,,옥외,0.0,18.0,,,10.0,1.0,52.64520341077557
대림역2,구로구 구로동 73-9,구로구,구로동,11530102,31.0,37.4949737,126.8938632,시영,P법정공영,,,,옥외,0.0,31.0,,,10.0,1.0,13.7201727398037
도봉로 15길,강북구 미아동 458-7,강북구,미아동,11305101,16.0,37.6167455,127.0282393,시영,P법정공영,,,,옥외,0.0,16.0,,,9.0,2.0,57.14376731360427
독산동 금천교,금천구 독산동 1081-4,금천구,독산동,11545102,21.0,37.4668139,126.8894033,시영,P법정공영,,,,옥외,0.0,21.0,,,10.0,1.0,20.145084667412565
돈화문로,중구 을지로3가 296-24,중구,을지로3가,11140155,49.0,37.5652305,126.9926255,시영,P법정공영,,,,옥외,0.0,49.0,,,10.0,1.0,50.390525491864025
동국제강,중구 삼각동 111-1,중구,삼각동,11140107,13.0,37.5673338,126.9834844,시영,P법정공영,,,,옥외,0.0,13.0,,,10.0,1.0,32.774619201249635
동작대교,용산구 용산동6가 69-11,용산구,용산동6가,11170135,88.0,37.5180039,126.9832507,시영,P법정공영,,,,옥외,0.0,88.0,,,14.0,3.0,154.51172443977092
동호대교(남),강남구 압구정동 435-0,강남구,압구정동,11680110,18.0,37.5292366,127.0262531,시영,P법정공영,,,,옥외,0.0,18.0,,,10.0,3.0,23.162193634498887
명일파출소,강동구 명일동 47-9,강동구,명일동,11740101,12.0,37.5536018,127.1558987,시영,P법정공영,,,,옥외,0.0,12.0,,,11.0,2.0,47.66766395572427
목동체비지,양천구 목동 908-26,양천구,목동,11470102,55.0,37.5367868,126.8806384,시영,P법정공영,,,,옥외,0.0,55.0,,,13.0,3.0,135.24771092799747
문래1동,영등포구 문래동3가 54-12,영등포구,문래동3가,11560121,11.0,37.5134045,126.8973225,시영,P법정공영,,,,옥외,0.0,11.0,,,10.0,3.0,46.41130134870253
방화역(동),강서구 방화동 830-4,강서구,방화동,11500109,67.0,37.5772923,126.813303,시영,P법정공영,,,,옥외,0.0,67.0,,,13.0,1.0,95.55641726863291
방화역(서),강서구 방화동 829-1,강서구,방화동,11500109,69.0,37.5775701,126.812164,시영,P법정공영,,,,옥외,0.0,69.0,,,13.0,1.0,104.04579402817693
보라매상업,동작구 신대방동 431-3,동작구,신대방동,11590109,64.0,37.4904405,126.9229741,시영,P법정공영,,,,옥외,0.0,64.0,,,12.0,2.0,145.66888636743047
복정역,송파구 장지동 600-2,송파구,장지동,11710109,362.0,37.4701499,127.1277363,시영,P법정공영,,,,옥외,0.0,362.0,,,24.0,1.0,32.214172394860185
봉천복개3,관악구 신림동 1467-3,관악구,신림동,11620102,62.0,37.487863,126.9310295,시영,P법정공영,,,,옥외,0.0,62.0,,,10.0,2.0,14.77672951165205
사당노외,서초구 방배동 507-1,서초구,방배동,11650101,183.0,37.4754166,126.9837468,시영,P법정공영,,,,옥외,0.0,183.0,사당노외주차장,0.0,24.0,1.0,46.75269728474048
석계역,노원구 월계동 50-9,노원구,월계동,11350102,70.0,37.6154472,127.0624699,시영,P법정공영,,,,옥외,0.0,70.0,,,24.0,1.0,57.62609160101666
성내역(잠실나루역),송파구 신천동 11-1,송파구,신천동,11710102,28.0,37.517102,127.104999,시영,P법정공영,,,,옥외,0.0,28.0,,,24.0,2.0,35.99291024556597
신대방역,관악구 신림동 498-0,관악구,신림동,11620102,60.0,37.4882925,126.9145172,시영,P법정공영,,,,옥외,0.0,60.0,,,24.0,1.0,77.06129048118153
신설동,동대문구 신설동 114-29,동대문구,신설동,11230101,79.0,37.5725001,127.0242356,시영,P법정공영,,,,옥외,0.0,79.0,,,10.0,1.0,123.47916128287619
압구정고가1,강남구 신사동 668-0,강남구,신사동,11680107,19.0,37.5235601,127.0283075,시영,P법정공영,,,,옥외,0.0,19.0,,,13.0,1.0,49.01590995064489
압구정고가2,강남구 신사동 668-0,강남구,신사동,11680107,19.0,37.5235601,127.0283075,시영,P법정공영,,,,옥외,0.0,19.0,,,13.0,1.0,46.91212597753406
여의도공원,영등포구 여의도동 2-11,영등포구,여의도동,11560110,48.0,37.525695,126.924236,시영,P법정공영,,,,옥외,0.0,48.0,,,10.0,2.0,6.723093982494458
여의서로,영등포구 여의도동 8-1,영등포구,여의도동,11560110,84.0,37.5286614,126.9301289,시영,P법정공영,,,,옥외,0.0,84.0,,,10.0,3.0,9.060668808186625
영동6교밑,강남구 대치동 512-1,강남구,대치동,11680106,39.0,37.4950972,127.0703164,시영,P법정공영,,,,옥외,0.0,39.0,,,10.0,2.0,14.700948445250157
영등포구청역,영등포구 당산동3가 370-3,영등포구,당산동3가,11560113,137.0,37.5243099,126.8955585,시영,P법정공영,,,,옥외,0.0,137.0,영등포구청,35.0,20.0,1.0,60.5084849246375
온수역(남),구로구 온수동 51-26,구로구,온수동,11530110,42.0,37.4918876,126.8241188,시영,P법정공영,,,,옥외,0.0,42.0,,,10.0,1.0,39.15511790983358
원효대교 남단,영등포구 여의도동 5-0,영등포구,여의도동,11560110,13.0,37.5200472,126.9331794,시영,P법정공영,,,,옥외,0.0,13.0,,,24.0,3.0,6.996116169785758
일원역,강남구 일원동 716-2,강남구,일원동,11680114,67.0,37.4846795,127.084068,시영,P법정공영,,,,옥외,0.0,67.0,,,24.0,1.0,148.5274422735045
잠실역,송파구 신천동 27-0,송파구,신천동,11710102,357.0,37.5142031,127.103294,시영,P법정공영,,,,옥외,0.0,357.0,,,20.0,1.0,51.98423903339558
진흥로,은평구 역촌동 41-8,은평구,역촌동,11380108,14.0,37.6017657,126.9206117,시영,P법정공영,,,,옥외,0.0,14.0,,,9.0,2.0,12.230523007524388
창동역(서),도봉구 창동 330-0,도봉구,창동,11320107,107.0,37.6523244,127.0456717,시영,P법정공영,,,,옥외,0.0,107.0,,,24.0,1.0,49.043196210022955
청계1(북),종로구 관철동 13-14,종로구,관철동,11110135,12.0,37.5683005,126.9886132,시영,P법정공영,,,,옥외,0.0,12.0,,,10.0,1.0,41.23782515022551
청계2(돈화문로),종로구 관수동 91-4,종로구,관수동,11110155,12.0,37.5684334,126.9911997,시영,P법정공영,,,,옥외,0.0,12.0,,,10.0,1.0,49.831282032715
청계2(북1),종로구 관수동 91-4,종로구,관수동,11110155,12.0,37.5684334,126.9911997,시영,P법정공영,,,,옥외,0.0,12.0,,,10.0,1.0,46.859843718412556
청계3(남),중구 주교동 51-3,중구,주교동,11140152,20.0,37.5690467,126.9994282,시영,P법정공영,,,,옥외,0.0,20.0,,,10.0,1.0,47.58470173003325
청계5(방산동),중구 방산동 52-1,중구,방산동,11140153,37.0,37.5695228,127.0044859,시영,P법정공영,,,,옥외,0.0,37.0,,,10.0,1.0,34.43625086545075
청계6(북),종로구 종로6가 289-49,종로구,종로6가,11110164,28.0,37.5698221,127.0080459,시영,P법정공영,,,,옥외,0.0,28.0,,,16.0,1.0,30.316809464151273
청계8(북),동대문구 신설동 109-2,동대문구,신설동,11230101,103.0,37.5714247,127.0251495,시영,P법정공영,,,,옥외,0.0,103.0,,,10.0,1.0,13.068250469954307
청계8가,중구 흥인동 162-1 0,중구,흥인동,11140163,19.0,37.5675489,127.0160567,시영,P법정공영,,,,옥외,0.0,19.0,,,10.0,1.0,35.81411874272859
