gu,dong_canon,adm_nm,adm_cd2,dong_lat,dong_lon,area_km2,assign_rule,is_assigned,n_outdoor_in_dong,nearest_dist_m,cand_id,cand_name,capacity,capacity_available,source,cand_lat,cand_lon,dist_m,cand_beyond_cap
강남구,개포1동,서울특별시 강남구 개포1동,1168066000,37.47928389836681,127.0647095110715,1.7398649099888146,내부,True,2,184.24356996873598,452,구룡산제2호(구),127.0,,공영,37.4772631,127.0664771,273.53264091912246,False
강남구,개포2동,서울특별시 강남구 개포2동,1168067000,37.48647682482661,127.06763495353086,1.5853721815464126,내부,True,1,356.10435923174265,456,개포동공원 공영주차장(구),145.0,,공영,37.4894789,127.0662295,356.10435923174265,False
강남구,개포3동,서울특별시 강남구 개포3동,1168067500,37.495473569030175,127.07931657827795,1.033187900404402,내부,True,2,59.50368703091172,457,대청역 공영주차장(구),162.0,,공영,37.4949385,127.0793065,59.50368703091172,False
강남구,개포4동,서울특별시 강남구 개포4동,1168069000,37.47555236429388,127.05323653104564,1.5824017738312541,내부,True,2,599.1646807998625,367,논현로22길(구),86.0,,공영,37.4814964,127.0482184,795.5713873312263,False
강남구,논현1동,서울특별시 강남구 논현1동,1168052100,37.511909511986815,127.02649594797172,1.245220742434705,내부,True,1,416.04492807736676,8,논현초교 공영주차장(구),186.0,,공영,37.5081715,127.0262901,416.04492807736676,False
강남구,논현2동,서울특별시 강남구 논현2동,1168053100,37.515205803249245,127.03621825035552,1.4395213705175731,경계선상,True,0,1161.7744395062498,620,압구정고가1,19.0,17.0,시영,37.5235601,127.0283075,1161.7744395062498,False
강남구,대치1동,서울특별시 강남구 대치1동,1168060000,37.493391211151945,127.05896536298866,0.8072208658139524,1km대체,True,0,539.3600757188402,455,도곡로 421 공영주차장(구),25.0,,공영,37.4978175,127.0564648,539.3600757188402,False
강남구,대치2동,서울특별시 강남구 대치2동,1168061000,37.500575357643406,127.06641543894298,2.0591197116560696,내부,True,2,699.6353789060482,453,탄천 공영주차장(구),61.0,,공영,37.5086326,127.0683769,912.4801454805332,False
강남구,대치4동,서울특별시 강남구 대치4동,1168063000,37.50166055222825,127.0548989621501,0.7026442622149384,내부,True,1,449.09981590161925,455,도곡로 421 공영주차장(구),25.0,,공영,37.4978175,127.0564648,449.09981590161925,False
강남구,도곡1동,서울특별시 강남구 도곡1동,1168065500,37.48904527758745,127.04097580476127,1.0095532534419138,내부,True,1,432.4654273485102,369,언주초 공영주차장(구),203.0,,공영,37.4866514,127.0371128,432.4654273485102,False
강남구,도곡2동,서울특별시 강남구 도곡2동,1168065600,37.48821110929677,127.0496536609523,1.030686720564111,내부,True,1,701.0030978251943,454,논현로32길15 공영주차장(구),16.0,,공영,37.484321,127.0434017,701.0030978251943,False
강남구,삼성1동,서울특별시 강남구 삼성1동,1168058000,37.5153970245856,127.06062806329264,1.9235846219727828,1km대체,True,0,924.0178451966302,281,공공업무시설,12.0,,KOTSA,37.516267572,127.0502091139,924.0178451966302,False
강남구,삼성2동,서울특별시 강남구 삼성2동,1168059000,37.51183935340836,127.04876028770424,1.2575709034387235,내부,True,1,508.70764115194476,281,공공업무시설,12.0,,KOTSA,37.516267572,127.0502091139,508.70764115194476,False
강남구,세곡동,서울특별시 강남구 세곡동,1168070000,37.47107467549706,127.1043475057745,5.908165370583204,내부,True,2,751.7799984478488,394,밤고개로21길 공영주차장(구),109.0,,공영,37.4733791,127.11456,936.9694187211157,False
강남구,수서동,서울특별시 강남구 수서동,1168075000,37.486836841186886,127.10056930626774,1.622896992003893,보류_대표점,False,0,1404.220978979254,,,,,,,,,False
강남구,신사동,서울특별시 강남구 신사동,1168051000,37.52571779809543,127.02139510450492,1.7404514457298457,내부,True,4,469.3523111104181,366,압구정 428 공영주차장(구),344.0,,공영,37.5270045,127.0264641,469.3523111104181,False
강남구,압구정동,서울특별시 강남구 압구정동,1168054500,37.53026671195776,127.0334834971305,2.510177032561048,1km대체,True,0,647.7968190995437,606,동호대교(남),18.0,3.0,시영,37.5292366,127.0262531,647.7968190995437,False
강남구,역삼1동,서울특별시 강남구 역삼1동,1168064000,37.50088901924014,127.0354909308825,2.3650632179682587,내부,True,1,665.0640030070607,368,역삼1문화센터 공영주차장(구),115.0,,공영,37.495189,127.0332072,665.0640030070607,False
강남구,역삼2동,서울특별시 강남구 역삼2동,1168065000,37.49850208639976,127.04489101179496,1.1225286811147044,내부,True,1,652.688063027946,460,도곡로 327 공영주차장(구),19.0,,공영,37.4962521,127.0517243,652.688063027946,False
강남구,일원1동,서울특별시 강남구 일원1동,1168073000,37.49338575504142,127.08924601336317,0.9454785989145307,내부,True,1,171.3939567167571,374,탄천제2호 공영주차장(구),322.0,,공영,37.4940081,127.0874687,171.3939567167571,False
강남구,일원본동,서울특별시 강남구 일원본동,1168072000,37.48236970534498,127.08467450809717,2.424241767820622,내부,True,1,262.3540198518508,628,일원역,67.0,0.0,시영,37.4846795,127.084068,262.3540198518508,False
강남구,청담동,서울특별시 강남구 청담동,1168056500,37.52453792253327,127.0505033355378,2.3540171039252913,1km대체,True,0,919.9882989116949,281,공공업무시설,12.0,,KOTSA,37.516267572,127.0502091139,919.9882989116949,False
강동구,강일동,서울특별시 강동구 강일동,1174051500,37.5689416781824,127.17262195434384,2.5661297513228956,내부,True,1,311.2472764737385,380,강일동 주차장(구),90.0,,공영,37.5661433,127.1725412,311.2472764737385,False
강동구,고덕1동,서울특별시 강동구 고덕1동,1174055000,37.56334717933064,127.15030722568476,1.9038615497221794,경계선상,True,0,1190.4616993180289,607,명일파출소,12.0,4.0,시영,37.5536018,127.1558987,1190.4616993180289,False
강동구,고덕2동,서울특별시 강동구 고덕2동,1174056000,37.565865150019285,127.1616393071425,2.4132597458643934,1km대체,True,0,961.3790315973179,380,강일동 주차장(구),90.0,,공영,37.5661433,127.1725412,961.3790315973179,False
강동구,길동,서울특별시 강동구 길동,1174068500,37.53972505115117,127.14590682473364,1.5998696313778917,보류_대표점,False,0,1267.1242271130752,,,,,,,,,False
강동구,둔촌1동,서울특별시 강동구 둔촌1동,1174069000,37.52314517023122,127.14043468496318,0.8954569853425712,보류_대표점,False,0,1525.4123031249617,,,,,,,,,False
강동구,둔촌2동,서울특별시 강동구 둔촌2동,1174070000,37.53151448306285,127.14741382644972,1.5927617148960507,보류_대표점,False,0,1702.2420017918537,,,,,,,,,False
강동구,명일1동,서울특별시 강동구 명일1동,1174053000,37.550371396556734,127.1459406109263,0.6207221541411111,1km대체,True,0,948.5080566404534,607,명일파출소,12.0,4.0,시영,37.5536018,127.1558987,948.5080566404534,False
강동구,명일2동,서울특별시 강동구 명일2동,1174054000,37.54828868170932,127.1542046569076,0.9367720678820333,내부,True,1,609.3757091184916,607,명일파출소,12.0,4.0,시영,37.5536018,127.1558987,609.3757091184916,False
강동구,상일1동,서울특별시 강동구 상일제1동,1174052500,37.55074458158521,127.16484233119338,1.7798232752698413,1km대체,True,0,850.0343727459273,607,명일파출소,12.0,4.0,시영,37.5536018,127.1558987,850.0343727459273,False
강동구,상일2동,서울특별시 강동구 상일제2동,1174052600,37.55195629423304,127.1773224558216,1.0849510238169895,보류_대표점,False,0,1632.8531911379334,,,,,,,,,False
강동구,성내1동,서울특별시 강동구 성내1동,1174064000,37.52876407612568,127.12551885771134,0.6610693815731016,내부,True,1,86.33720561003628,272,강동소방서,25.0,,KOTSA,37.5294567499,127.1250764863,86.33720561003628,False
강동구,성내2동,서울특별시 강동구 성내2동,1174065000,37.53436452419719,127.1277368384689,0.6260841054710988,내부,True,1,120.87326665648561,506,성내전통시장 주차장(구),28.0,,공영,37.5333564,127.1282496,120.87326665648561,False
강동구,성내3동,서울특별시 강동구 성내3동,1174066000,37.52840356192547,127.13379669777838,0.6415750248058639,1km대체,True,0,736.5925013595416,506,성내전통시장 주차장(구),28.0,,공영,37.5333564,127.1282496,736.5925013595416,False
강동구,암사1동,서울특별시 강동구 암사1동,1174057000,37.55185500421781,127.13458563736852,0.7296645585575116,경계선상,True,0,1002.5974148755876,126,고분다리전통시장 주차장(구),26.0,,공영,37.5430461,127.132159,1002.5974148755876,False
강동구,암사2동,서울특별시 강동구 암사2동,1174058000,37.55738055926056,127.12324224166056,2.4407323317077334,보류_대표점,False,0,1407.4706237277965,,,,,,,,,False
강동구,암사3동,서울특별시 강동구 암사3동,1174059000,37.56150498510522,127.1385090824411,1.851558883129148,보류_대표점,False,0,1766.9158220128156,,,,,,,,,False
강동구,천호1동,서울특별시 강동구 천호1동,1174060000,37.546318508813606,127.13858167218494,0.6848730466302312,내부,True,1,673.085545789634,126,고분다리전통시장 주차장(구),26.0,,공영,37.5430461,127.132159,673.085545789634,False
강동구,천호2동,서울특별시 강동구 천호2동,1174061000,37.544690975826335,127.12227507463656,1.8271693503058246,내부,True,3,33.88927902608741,570,천호2동복합청사(구),285.0,,공영,37.5421467,127.1282712,599.593158849487,False
강동구,천호3동,서울특별시 강동구 천호3동,1174062000,37.539653867537446,127.13319593991557,0.5384278324142978,1km대체,True,0,388.12117417166263,126,고분다리전통시장 주차장(구),26.0,,공영,37.5430461,127.132159,388.12117417166263,False
강북구,미아동,서울특별시 강북구 미아동,1130553500,37.62870001072235,127.02629268579554,0.8532286806627893,내부,True,2,351.68187594333574,202,강북실버종합복지센터,27.0,,KOTSA,37.6271329344,127.0297614366,351.68187594333574,False
강북구,번1동,서울특별시 강북구 번1동,1130559500,37.637625967351305,127.03054500159236,0.5952072845805525,1km대체,True,0,494.88521827650857,201,강북구청사,40.0,,KOTSA,37.6395459168,127.0254745531,494.88521827650857,False
강북구,번2동,서울특별시 강북구 번2동,1130560300,37.62951529853273,127.03479463981454,1.0115605247360362,내부,True,1,344.82853054144596,378,번2동 공영주차장(무인)(구),20.0,,공영,37.626822,127.0367356,344.82853054144596,False
강북구,번3동,서울특별시 강북구 번3동,1130560800,37.62378240630236,127.04233589946509,1.0902450525914227,1km대체,True,0,597.9073556653875,378,번2동 공영주차장(무인)(구),20.0,,공영,37.626822,127.0367356,597.9073556653875,False
강북구,삼각산동,서울특별시 강북구 삼각산동,1130557500,37.61712720656149,127.0168306387335,0.5862575757211655,1km대체,True,0,451.54124329295166,429,대지시장길 공영주차장(구),47.0,,공영,37.6201495,127.0202547,451.54124329295166,False
강북구,삼양동,서울특별시 강북구 삼양동,1130553400,37.62379261631758,127.0146842754942,0.9509895257058902,내부,True,7,121.72518509097678,588,삼양마을공원 지하 공영주차장(구),95.0,,공영,37.6227377,127.0184709,353.52060510022136,False
강북구,송중동,서울특별시 강북구 송중동,1130554500,37.61770490089242,127.03292179251136,1.0611175956159546,내부,True,2,425.9999880308548,431,오패산 공영주차장(구),75.0,,공영,37.6221491,127.0311274,518.829535592464,False
강북구,송천동,서울특별시 강북구 송천동,1130555500,37.61822154837412,127.02487133809583,0.938758305460172,내부,True,1,339.02170514973534,601,도봉로 15길,16.0,6.0,시영,37.6167455,127.0282393,339.02170514973534,False
강북구,수유1동,서울특별시 강북구 수유1동,1130561500,37.62992670166477,127.00883894232057,1.7269274958531031,1km대체,True,0,748.8840579103164,377,은혜공영주차장(무인)(구),20.0,,공영,37.6279764,127.0169784,748.8840579103164,False
강북구,수유2동,서울특별시 강북구 수유2동,1130562500,37.64540181516462,127.0195037474655,0.6055792794011637,내부,True,1,225.03890557491766,524,수유2동 공영주차장(구),62.0,,공영,37.6460483,127.0219258,225.03890557491766,False
강북구,수유3동,서울특별시 강북구 수유3동,1130563500,37.64045507897664,127.02354625982716,0.7301078695111493,내부,True,3,197.60642180295798,477,장미원시장 공영주차장(구),152.0,,공영,37.6377521,127.0185027,536.2440312252338,False
강북구,우이동,서울특별시 강북구 우이동,1130564500,37.66035273213058,127.0003229911791,10.689144330640662,내부,True,2,646.1636992842573,67,교통광장 공영주차장(구),158.0,,공영,37.6620711,127.0073353,646.1636992842573,False
강북구,인수동,서울특별시 강북구 인수동,1130566000,37.63764064832851,127.00396297377694,2.857941804679335,보류_대표점,False,0,1280.3418203500967,,,,,,,,,False
강서구,가양1동,서울특별시 강서구 가양1동,1150060300,37.57310052968962,126.83434710468016,5.53974694026038,내부,True,2,92.06532206083716,539,서울식물원 제2주차장(구),202.0,,공영,37.572661,126.8352324,92.06532206083716,False
강서구,가양2동,서울특별시 강서구 가양2동,1150060400,37.568657057652864,126.85400715047876,1.012073023115097,내부,True,3,238.22027769352377,591,가양역,79.0,3.0,시영,37.5633208,126.853071,599.074998210226,False
강서구,가양3동,서울특별시 강서구 가양3동,1150060500,37.56268227640656,126.86229669716435,0.9318564552780816,내부,True,1,343.96762398790355,590,가양3동,56.0,0.0,시영,37.5603288,126.8597642,343.96762398790355,False
강서구,공항동,서울특별시 강서구 공항동,1150062000,37.55649097910275,126.79495669179768,11.572975299758962,내부,True,1,1891.846662764472,398,공항2임시(구),75.0,,공영,37.5571723,126.8164012,1891.846662764472,True
강서구,등촌1동,서울특별시 강서구 등촌1동,1150052000,37.55585624228777,126.85963329765916,0.6584724121037137,1km대체,True,0,497.4602557950761,590,가양3동,56.0,0.0,시영,37.5603288,126.8597642,497.4602557950761,False
강서구,등촌2동,서울특별시 강서구 등촌2동,1150053000,37.54573554962246,126.86002527281364,0.8947177886644331,경계선상,True,0,1034.9442087516982,435,달마을주차장(구),35.0,,공영,37.5443539,126.8716341,1034.9442087516982,False
강서구,등촌3동,서울특별시 강서구 등촌3동,1150053500,37.56105481239612,126.84633872179111,1.0419374600704603,내부,True,1,272.51277893153326,315,등촌3동사무소,20.0,,KOTSA,37.5589236862,126.8478653499,272.51277893153326,False
강서구,발산1동,서울특별시 강서구 발산1동,1150061100,37.5504473669674,126.8255767391617,2.9616164743780273,경계선상,True,0,1101.5535173263142,398,공항2임시(구),75.0,,공영,37.5571723,126.8164012,1101.5535173263142,False
강서구,방화1동,서울특별시 강서구 방화1동,1150063000,37.56864278542812,126.8175504102084,1.4863053110667723,경계선상,True,0,1032.0602443353323,610,방화역(동),67.0,0.0,시영,37.5772923,126.813303,1032.0602443353323,False
강서구,방화2동,서울특별시 강서구 방화2동,1150064000,37.58380446037909,126.8045063682252,5.636457898743866,내부,True,1,967.4330026817029,592,개화산역,321.0,21.0,시영,37.57213,126.8051866,1299.525890237458,True
강서구,방화3동,서울특별시 강서구 방화3동,1150064100,37.581584593560535,126.8155342084046,1.9779108533914993,내부,True,3,359.36683642007694,611,방화역(서),69.0,26.0,시영,37.5775701,126.812164,536.1625700186822,False
강서구,염창동,서울특별시 강서구 염창동,1150051000,37.55321166977728,126.87543132399558,2.3881502026342143,1km대체,True,0,807.6736705730073,434,목2동 월촌(구),79.0,,공영,37.5459774,126.8746092,807.6736705730073,False
강서구,우장산동,서울특별시 강서구 우장산동,1150061500,37.55057210725073,126.84101506521706,1.24435912069647,경계선상,True,0,1107.7255407217704,315,등촌3동사무소,20.0,,KOTSA,37.5589236862,126.8478653499,1107.7255407217704,False
강서구,화곡1동,서울특별시 강서구 화곡1동,1150054000,37.53378026586351,126.84093600091062,1.1917399594597702,1km대체,True,0,421.36913085439954,391,신영시장 공동주차장(구),23.0,,공영,37.5330255,126.8362531,421.36913085439954,False
강서구,화곡2동,서울특별시 강서구 화곡2동,1150055000,37.53227844188245,126.85436820123266,0.45659901388072976,1km대체,True,0,572.6426485844712,496,남부골목 전통시장 고객주차장(구),17.0,,공영,37.5322858,126.8608623,572.6426485844712,False
강서구,화곡3동,서울특별시 강서구 화곡3동,1150056000,37.54405575571425,126.83427278268736,0.5262269361482182,경계선상,True,0,1178.2015965816327,404,신우주차장(구),107.0,,공영,37.5344983,126.8285037,1178.2015965816327,False
강서구,화곡4동,서울특별시 강서구 화곡4동,1150057000,37.53609824281437,126.85857557760492,0.855357943134126,내부,True,1,469.4348979747315,496,남부골목 전통시장 고객주차장(구),17.0,,공영,37.5322858,126.8608623,469.4348979747315,False
강서구,화곡6동,서울특별시 강서구 화곡6동,1150059100,37.55172190410461,126.85116590028748,1.0621249776031023,1km대체,True,0,852.0188978885623,315,등촌3동사무소,20.0,,KOTSA,37.5589236862,126.8478653499,852.0188978885623,False
강서구,화곡8동,서울특별시 강서구 화곡8동,1150059300,37.534220711609855,126.84863342498764,0.5751249950440606,경계선상,True,0,1099.5688037151624,496,남부골목 전통시장 고객주차장(구),17.0,,공영,37.5322858,126.8608623,1099.5688037151624,False
강서구,화곡본동,서울특별시 강서구 화곡본동,1150059000,37.542573764974456,126.84816196619768,0.981364398816508,보류_대표점,False,0,1493.257272817962,,,,,,,,,False
관악구,낙성대동,서울특별시 관악구 낙성대동,1162058500,37.46723063684458,126.96004577972576,2.340552682850709,1km대체,True,0,989.4116985016699,340,관악소방서,15.0,,KOTSA,37.4738348893,126.9525324892,989.4116985016699,False
관악구,난곡동,서울특별시 관악구 난곡동,1162077500,37.47049533751223,126.92104857025696,1.0141391491839804,보류_대표점,False,0,1638.1335728433612,,,,,,,,,False
관악구,난향동,서울특별시 관악구 난향동,1162071500,37.46158876662518,126.9182662853229,0.7997640821101412,보류_대표점,False,0,1617.0333668322367,,,,,,,,,False
관악구,남현동,서울특별시 관악구 남현동,1162063000,37.46247161905576,126.97664021536144,4.232746070021329,보류_대표점,False,0,1570.1217084140026,,,,,,,,,False
관악구,대학동,서울특별시 관악구 대학동,1162073500,37.45347540270852,126.94848184993845,8.310363666075624,보류_대표점,False,0,2291.929663456937,,,,,,,,,False
관악구,미성동,서울특별시 관악구 미성동,1162076500,37.47593849638263,126.91542631548432,1.3401475477450466,1km대체,True,0,893.3588555261998,438,독산3동 공영주차장(구),50.0,,공영,37.4794854,126.9063425,893.3588555261998,False
관악구,보라매동,서울특별시 관악구 보라매동,1162052500,37.49035779231734,126.9325945067406,0.7616011937151109,1km대체,True,0,309.8737193593354,614,봉천복개3,62.0,31.0,시영,37.487863,126.9310295,309.8737193593354,False
관악구,삼성동,서울특별시 관악구 삼성동,1162074500,37.4606689054895,126.93013736262688,2.587609290190931,보류_대표점,False,0,2459.6369208756396,,,,,,,,,False
관악구,서림동,서울특별시 관악구 서림동,1162066500,37.47354845807596,126.93921006849772,0.7620925757272119,경계선상,True,0,1176.1091229677343,340,관악소방서,15.0,,KOTSA,37.4738348893,126.9525324892,1176.1091229677343,False
관악구,서원동,서울특별시 관악구 서원동,1162064500,37.48060170592283,126.93344468201876,0.6306240415877796,1km대체,True,0,835.0695255285575,614,봉천복개3,62.0,31.0,시영,37.487863,126.9310295,835.0695255285575,False
관악구,성현동,서울특별시 관악구 성현동,1162056500,37.4895145689628,126.95116640109444,0.6859381445691919,1km대체,True,0,891.7388555867844,578,은천동 공영주차장(구),21.0,,공영,37.486944,126.9415928,891.7388555867844,False
관악구,신림동,서울특별시 관악구 신림동,1162069500,37.48690034172705,126.92761287250046,0.5072626041065672,내부,True,1,319.8962367790401,614,봉천복개3,62.0,31.0,시영,37.487863,126.9310295,319.8962367790401,False
관악구,신사동,서울특별시 관악구 신사동,1162068500,37.4856254977132,126.9187529341403,0.6054131693783953,내부,True,1,178.43789374234257,579,신사시장 공영주차장(구),13.0,,공영,37.4867111,126.9172636,178.43789374234257,False
관악구,신원동,서울특별시 관악구 신원동,1162065500,37.47930040638244,126.9266987673829,0.5762413084091841,경계선상,True,0,1025.9391649463432,614,봉천복개3,62.0,31.0,시영,37.487863,126.9310295,1025.9391649463432,False
관악구,은천동,서울특별시 관악구 은천동,1162060500,37.48682132758225,126.94220905195286,0.7341750385291357,내부,True,1,56.058327879125585,578,은천동 공영주차장(구),21.0,,공영,37.486944,126.9415928,56.058327879125585,False
관악구,인헌동,서울특별시 관악구 인헌동,1162062500,37.47207782305835,126.9666190024522,0.7056522289226765,보류_대표점,False,0,1258.3794413291132,,,,,,,,,False
관악구,조원동,서울특별시 관악구 조원동,1162072500,37.48293838196252,126.90752521995464,0.6478287201311995,내부,True,1,397.88518041411635,594,구로디지털단지역(상),31.0,0.0,시영,37.4848058,126.9032944,427.1750410378105,False
관악구,중앙동,서울특별시 관악구 중앙동,1162061500,37.48412242094695,126.95061800549014,0.3797354246319083,1km대체,True,0,855.9082406203606,578,은천동 공영주차장(구),21.0,,공영,37.486944,126.9415928,855.9082406203606,False
관악구,청룡동,서울특별시 관악구 청룡동,1162059500,37.47804927206542,126.9458840996854,1.2169888965842361,내부,True,1,750.8717323655322,340,관악소방서,15.0,,KOTSA,37.4738348893,126.9525324892,750.8717323655322,False
관악구,청림동,서울특별시 관악구 청림동,1162054500,37.48941469129868,126.9595685474965,0.3163046337202748,보류_대표점,False,0,1609.635601449889,,,,,,,,,False
관악구,행운동,서울특별시 관악구 행운동,1162057500,37.48090361611401,126.96062219562772,0.7232394732532859,경계선상,True,0,1061.7967603144864,340,관악소방서,15.0,,KOTSA,37.4738348893,126.9525324892,1061.7967603144864,False
광진구,광장동,서울특별시 광진구 광장동,1121581000,37.5482830860242,127.10487259671254,2.7537088799576788,보류_대표점,False,0,1551.4896496004033,,,,,,,,,False
광진구,구의1동,서울특별시 광진구 구의1동,1121585000,37.5414904000006,127.08603243647045,0.5518942221519767,내부,True,1,328.0422374347044,396,구의2동 주택가 공영주차장(구),90.0,,공영,37.5434925,127.0832997,328.0422374347044,False
광진구,구의2동,서울특별시 광진구 구의2동,1121586000,37.55100223564359,127.09445032371976,1.3796682996012541,보류_대표점,False,0,1289.8417954376393,,,,,,,,,False
광진구,구의3동,서울특별시 광진구 구의3동,1121587000,37.53509205867271,127.09523590593996,1.4493798852319952,내부,True,1,386.67143542275994,421,동서울 노외주차장(구),25.0,,공영,37.5335413,127.0913109,386.67143542275994,False
광진구,군자동,서울특별시 광진구 군자동,1121573000,37.553065689375806,127.07368087528772,0.7339232778684114,내부,True,1,462.8940534545111,373,광진광장 공영주차장(구),33.0,,공영,37.5476336,127.0737741,604.077522468343,False
광진구,능동,서울특별시 광진구 능동,1121578000,37.55065717904667,127.08164530282896,1.0825451685644065,내부,True,1,397.53186925048533,422,능동공영주차장(구),77.0,,공영,37.5540547,127.0802418,397.53186925048533,False
광진구,자양1동,서울특별시 광진구 자양1동,1121582000,37.5355434765856,127.0804153706334,0.5645864061559264,1km대체,True,0,732.0581310418935,63,자양유수지 공영주차장(구),287.0,,공영,37.5293737,127.0775186,732.0581310418935,False
광진구,자양2동,서울특별시 광진구 자양2동,1121583000,37.52933468544765,127.083253926081,1.629866193177026,내부,True,1,505.77283158535926,63,자양유수지 공영주차장(구),287.0,,공영,37.5293737,127.0775186,505.77283158535926,False
광진구,자양3동,서울특별시 광진구 자양3동,1121584000,37.5316904016155,127.07119828743208,1.1338530881838833,1km대체,True,0,613.9857209121733,63,자양유수지 공영주차장(구),287.0,,공영,37.5293737,127.0775186,613.9857209121733,False
광진구,자양4동,서울특별시 광진구 자양4동,1121584700,37.533891811027694,127.06376594761367,1.1542831448087056,내부,True,1,659.9315041704942,423,자양4동 공영주차장(구),83.0,,공영,37.5386885,127.0681734,659.9315041704942,False
광진구,중곡1동,서울특별시 광진구 중곡1동,1121574000,37.562037303744575,127.07772224647626,0.5903594627422257,1km대체,True,0,759.7279118532558,475,배나무터공원(구),94.0,,공영,37.5686253,127.080007,759.7279118532558,False
광진구,중곡2동,서울특별시 광진구 중곡2동,1121575000,37.55890871114235,127.08458702720438,0.5440883835568757,1km대체,True,0,661.842624225572,422,능동공영주차장(구),77.0,,공영,37.5540547,127.0802418,661.842624225572,False
광진구,중곡3동,서울특별시 광진구 중곡3동,1121576000,37.56785113462245,127.08196967036656,0.602271987813906,내부,True,1,193.21826999616272,475,배나무터공원(구),94.0,,공영,37.5686253,127.080007,193.21826999616272,False
광진구,중곡4동,서울특별시 광진구 중곡4동,1121577000,37.5639118192634,127.0944480591989,2.2828851059912307,보류_대표점,False,0,1376.5014248004024,,,,,,,,,False
광진구,화양동,서울특별시 광진구 화양동,1121571000,37.54326499357664,127.07345993509608,1.1770994610043866,1km대체,True,0,486.55654650978556,373,광진광장 공영주차장(구),33.0,,공영,37.5476336,127.0737741,486.55654650978556,False
구로구,가리봉동,서울특별시 구로구 가리봉동,1153059500,37.48255546445861,126.88825667261546,0.40798625634226304,1km대체,True,0,924.5811451318967,442,가산동 공영주차장(구),130.0,,공영,37.4766234,126.8955989,924.5811451318967,False
구로구,개봉1동,서울특별시 구로구 개봉1동,1153074000,37.49988482080818,126.84987598214208,1.126120902749955,내부,True,2,103.1327282919413,17,개봉1동 노외주차장(구),134.0,,공영,37.4999922,126.8510372,103.1327282919413,False
구로구,개봉2동,서울특별시 구로구 개봉2동,1153075000,37.49272989776441,126.85636397202636,0.8150510626571305,내부,True,1,172.7176536461774,575,개봉고가 공영주차장(구),20.0,,공영,37.4942774,126.8561952,172.7176536461774,False
구로구,개봉3동,서울특별시 구로구 개봉3동,1153076000,37.48683576061384,126.85241118533582,0.8480480869615182,1km대체,True,0,892.2852278541596,575,개봉고가 공영주차장(구),20.0,,공영,37.4942774,126.8561952,892.2852278541596,False
구로구,고척1동,서울특별시 구로구 고척1동,1153072000,37.50065876183032,126.86339911490111,1.13206264476927,1km대체,True,0,952.5731217509741,575,개봉고가 공영주차장(구),20.0,,공영,37.4942774,126.8561952,952.5731217509741,False
구로구,고척2동,서울특별시 구로구 고척2동,1153073000,37.505854488134126,126.85331138857198,0.996398104259648,내부,True,1,538.8392195568706,559,고척근린시장 공영주차장(구),20.0,,공영,37.5018074,126.8499517,538.8392195568706,False
구로구,구로1동,서울특별시 구로구 구로1동,1153052000,37.493032154877454,126.87546049615088,1.082490865122179,1km대체,True,0,621.2181564175851,589,가마산고가밑,18.0,0.0,시영,37.4926646,126.8824865,621.2181564175851,False
구로구,구로2동,서울특별시 구로구 구로2동,1153053000,37.497454803970015,126.8794940793324,1.8086088570226766,내부,True,4,59.04017481529943,560,구로2동 소공원 공영주차장(구),104.0,,공영,37.4975259,126.8838995,388.7264009013438,False
구로구,구로3동,서울특별시 구로구 구로3동,1153054000,37.4848785513592,126.89498390409148,1.042354392016948,내부,True,1,522.5288659073016,593,구로디지털단지역,91.0,22.0,시영,37.4854461,126.9008626,522.5288659073016,False
구로구,구로4동,서울특별시 구로구 구로4동,1153055000,37.49153575189115,126.89019717022543,0.5161187720660333,내부,True,1,166.52827285733994,600,대림역2,31.0,12.0,시영,37.4949737,126.8938632,500.7500703091637,False
구로구,구로5동,서울특별시 구로구 구로5동,1153056000,37.50203021268631,126.88848082889774,1.0224947453296818,내부,True,2,253.37458041515967,436,구로5동마을공동주차장(구),77.0,,공영,37.5008428,126.8860294,253.37458041515967,False
구로구,수궁동,서울특별시 구로구 수궁동,1153079000,37.49827721314202,126.8260695943608,2.6288016652997963,내부,True,2,336.3131540834996,626,온수역(남),42.0,18.0,시영,37.4918876,126.8241188,731.0410729114476,False
구로구,신도림동,서울특별시 구로구 신도림동,1153051000,37.50973385298076,126.88284658969454,1.3754647645375744,1km대체,True,0,817.6330673750116,158,구로미래도서관 공영주차장(구),52.0,,공영,37.5073132,126.8915994,817.6330673750116,False
구로구,오류1동,서울특별시 구로구 오류1동,1153077000,37.4969639812044,126.84163401994708,0.7467436133854699,1km대체,True,0,895.2732836998605,17,개봉1동 노외주차장(구),134.0,,공영,37.4999922,126.8510372,895.2732836998605,False
구로구,오류2동,서울특별시 구로구 오류2동,1153078000,37.48526513570663,126.83837223374562,3.078961863591766,보류_대표점,False,0,1457.322696939766,,,,,,,,,False
구로구,항동,서울특별시 구로구 항동,1153080000,37.48102879436787,126.824492861371,1.430185186957179,공항·개발제한,False,0,1207.8967556033012,,,,,,,,,False
금천구,가산동,서울특별시 금천구 가산동,1154551000,37.4768352607074,126.88434066869392,2.2425635378412796,내부,True,1,993.7559668241362,442,가산동 공영주차장(구),130.0,,공영,37.4766234,126.8955989,993.7559668241362,False
금천구,독산1동,서울특별시 금천구 독산1동,1154561000,37.46419938561283,126.89272030244574,1.9629639202871427,내부,True,2,202.66054631577407,437,독산1동 공영주차장(구),66.0,,공영,37.4649767,126.8947972,202.66054631577407,False
금천구,독산2동,서울특별시 금천구 독산2동,1154562000,37.46382546571854,126.90255401394226,0.6157430127085838,내부,True,1,220.67905074582862,511,독산2동 공영주차장(구),66.0,,공영,37.4638661,126.9000542,220.67905074582862,False
금천구,독산3동,서울특별시 금천구 독산3동,1154563000,37.47593303651959,126.90459384628568,0.9452970321387749,내부,True,1,424.0753137539787,438,독산3동 공영주차장(구),50.0,,공영,37.4794854,126.9063425,424.0753137539787,False
금천구,독산4동,서울특별시 금천구 독산4동,1154564000,37.46921874671305,126.90405171798312,0.6191491204343945,1km대체,True,0,691.8970130964647,511,독산2동 공영주차장(구),66.0,,공영,37.4638661,126.9000542,691.8970130964647,False
금천구,시흥1동,서울특별시 금천구 시흥1동,1154567000,37.45288648449242,126.90014605898136,1.4758686223250927,내부,True,2,279.850082293921,443,상인회주차장(구),22.0,,공영,37.453214,126.9032894,279.850082293921,False
금천구,시흥2동,서울특별시 금천구 시흥2동,1154568000,37.45058997442471,126.92007309206944,1.1793039872675806,보류_대표점,False,0,1510.018138754114,,,,,,,,,False
금천구,시흥3동,서울특별시 금천구 시흥3동,1154569000,37.44027630203189,126.9059255888875,1.3348984553948853,내부,True,1,296.4532177041949,441,시흥3동 공영주차장(구),44.0,,공영,37.4429363,126.9056992,296.4532177041949,False
금천구,시흥4동,서울특별시 금천구 시흥4동,1154570000,37.46007805131972,126.9091054549235,0.7706961112953742,1km대체,True,0,903.1226922152927,511,독산2동 공영주차장(구),66.0,,공영,37.4638661,126.9000542,903.1226922152927,False
금천구,시흥5동,서울특별시 금천구 시흥5동,1154571000,37.44874994975229,126.91243108198996,1.4258531633699172,1km대체,True,0,878.1146488899948,441,시흥3동 공영주차장(구),44.0,,공영,37.4429363,126.9056992,878.1146488899948,False
노원구,공릉1동,서울특별시 노원구 공릉1동,1135059500,37.62411898911327,127.07277010958008,1.2076436687486005,경계선상,True,0,1151.4604648711456,536,석계역 공영주차장(구),29.0,,공영,37.615714,127.0651334,1151.4604648711456,False
노원구,공릉2동,서울특별시 노원구 공릉2동,1135060000,37.6316136118291,127.09422790807032,7.259240324065216,보류_대표점,False,0,1701.0295610202409,,,,,,,,,False
노원구,상계10동,서울특별시 노원구 상계10동,1135072000,37.65964375340828,127.05839849682243,0.8275262709159773,경계선상,True,0,1113.691782906149,509,상계역 서측 주택가 공영주차장(구),19.0,,공영,37.6600476,127.0710398,1113.691782906149,False
노원구,상계1동,서울특별시 노원구 상계1동,1135063000,37.68326823369103,127.06533296418336,5.012631652466548,내부,True,1,1208.5410988915742,210,북부종합사회복지관,33.0,,KOTSA,37.6796018788,127.0524048432,1208.5410988915742,True
노원구,상계2동,서울특별시 노원구 상계2동,1135064000,37.65648818240496,127.06726546316268,0.5905479062634428,1km대체,True,0,516.7610426473884,509,상계역 서측 주택가 공영주차장(구),19.0,,공영,37.6600476,127.0710398,516.7610426473884,False
노원구,상계34동,서울특별시 노원구 상계3·4동,1135066500,37.67514555527662,127.08326687223136,5.778641497853024,내부,True,2,274.8311617781453,502,동막골 노외공영주차장(구),35.0,,공영,37.6752784,127.0863851,274.8311617781453,False
노원구,상계5동,서울특별시 노원구 상계5동,1135067000,37.66322072018295,127.06959880329714,0.4917937319479268,내부,True,1,374.9431519020038,509,상계역 서측 주택가 공영주차장(구),19.0,,공영,37.6600476,127.0710398,374.9431519020038,False
노원구,상계67동,서울특별시 노원구 상계6·7동,1135069500,37.64874986816113,127.06009215105836,1.4245459615009604,내부,True,3,261.43678880189253,125,마들스포츠타운 공영주차장(구),226.0,,공영,37.6436752,127.0579859,593.9686870285371,False
노원구,상계8동,서울특별시 노원구 상계8동,1135070000,37.66629012613882,127.05365095526408,0.6613834481308897,경계선상,True,0,1035.5656008533679,480,도봉2동 법조타운 공영주차장(구),155.0,,공영,37.6736579,127.0464544,1035.5656008533679,False
노원구,상계9동,서울특별시 노원구 상계9동,1135071000,37.66807013116681,127.06249591349749,0.8370337912076774,경계선상,True,0,1166.7781342486467,509,상계역 서측 주택가 공영주차장(구),19.0,,공영,37.6600476,127.0710398,1166.7781342486467,False
노원구,월계1동,서울특별시 노원구 월계1동,1135056000,37.62180521058923,127.0586035243629,1.177916715390176,내부,True,2,784.720166790921,616,석계역,70.0,0.0,시영,37.6154472,127.0624699,784.720166790921,False
노원구,월계2동,서울특별시 노원구 월계2동,1135057000,37.63407486204111,127.05120660410736,1.9903615851063263,경계선상,True,0,1040.9794047455769,215,시립노원시각장애인복지관,46.0,,KOTSA,37.6423388767,127.0567612945,1040.9794047455769,False
노원구,월계3동,서울특별시 노원구 월계3동,1135058000,37.624655457954525,127.06489183408016,1.166869187976687,1km대체,True,0,943.2157280829073,217,구립하계실버센터,11.0,,KOTSA,37.6331197947,127.064190705,943.2157280829073,False
노원구,중계1동,서울특별시 노원구 중계1동,1135062100,37.65001712687073,127.07350089744166,0.6080372416784016,경계선상,True,0,1048.2799436424787,214,대한적십자사,117.0,,KOTSA,37.6470825251,127.0621857617,1048.2799436424787,False
노원구,중계23동,서울특별시 노원구 중계2·3동,1135062500,37.64334421812704,127.06588790575498,0.9458141150927728,내부,True,2,372.6237837687859,505,등나무근린공원 공영주차장(구),120.0,,공영,37.6403111,127.0676872,372.6237837687859,False
노원구,중계4동,서울특별시 노원구 중계4동,1135062400,37.658846973068286,127.08224213584298,1.4567659383076512,1km대체,True,0,995.1182602951708,509,상계역 서측 주택가 공영주차장(구),19.0,,공영,37.6600476,127.0710398,995.1182602951708,False
노원구,중계본동,서울특별시 노원구 중계본동,1135061900,37.648136469600935,127.08576146904788,2.060052971582052,보류_대표점,False,0,1627.0712766747852,,,,,,,,,False
노원구,하계1동,서울특별시 노원구 하계1동,1135061100,37.63861784735307,127.07480878582662,1.439903473058402,내부,True,1,195.5367815199015,122,가재울 공영주차장(구),121.0,,공영,37.6373939,127.0732143,195.5367815199015,False
노원구,하계2동,서울특별시 노원구 하계2동,1135061200,37.634838922375394,127.0648229018116,0.5053501430725188,내부,True,1,199.09989226599694,217,구립하계실버센터,11.0,,KOTSA,37.6331197947,127.064190705,199.09989226599694,False
도봉구,도봉1동,서울특별시 도봉구 도봉1동,1132052100,37.6850840866136,127.02679415450194,8.502019849809752,보류_대표점,False,0,1725.123330439626,,,,,,,,,False
도봉구,도봉2동,서울특별시 도봉구 도봉2동,1132052200,37.68118802109853,127.04779209738656,1.1942206294724718,내부,True,2,307.17585644615053,480,도봉2동 법조타운 공영주차장(구),155.0,,공영,37.6736579,127.0464544,845.5481398964765,False
도봉구,방학1동,서울특별시 도봉구 방학1동,1132069000,37.66503304396384,127.04351705664614,1.0598409449631647,1km대체,True,0,603.1434226356932,105,쌍문2동 5공영주차장(구),77.0,,공영,37.6600549,127.040796,603.1434226356932,False
도봉구,방학2동,서울특별시 도봉구 방학2동,1132070000,37.66914508298191,127.03226016855425,1.1078125777209977,1km대체,True,0,596.1484361485556,483,간송옛집  공영주차장(구),15.0,,공영,37.6652301,127.0276329,596.1484361485556,False
도봉구,방학3동,서울특별시 도봉구 방학3동,1132071000,37.662796240104896,127.02346952059094,1.8591056355754585,내부,True,1,455.57050113341694,483,간송옛집  공영주차장(구),15.0,,공영,37.6652301,127.0276329,455.57050113341694,False
도봉구,쌍문1동,서울특별시 도봉구 쌍문1동,1132066000,37.6530253814456,127.0195119344387,1.160116383138332,1km대체,True,0,804.3976623793889,524,수유2동 공영주차장(구),62.0,,공영,37.6460483,127.0219258,804.3976623793889,False
도봉구,쌍문2동,서울특별시 도봉구 쌍문2동,1132067000,37.657062041379206,127.0370018509035,0.5315742942659966,내부,True,3,471.4907578068296,105,쌍문2동 5공영주차장(구),77.0,,공영,37.6600549,127.040796,471.4907578068296,False
도봉구,쌍문3동,서울특별시 도봉구 쌍문3동,1132068000,37.6476871842867,127.03058634533552,0.499102661533174,1km대체,True,0,649.3066948977174,115,둘리뮤지엄  공영주차장(구),25.0,,공영,37.6520596,127.0354747,649.3066948977174,False
도봉구,쌍문4동,서울특별시 도봉구 쌍문4동,1132068100,37.65555057772182,127.03040767698238,0.5765658682598463,1km대체,True,0,377.9138199541301,482,쌍문2동 2공영주차장(구),18.0,,공영,37.6532429,127.0335592,377.9138199541301,False
도봉구,창1동,서울특별시 도봉구 창1동,1132051100,37.64713518002692,127.0435641181562,1.0922296976515822,1km대체,True,0,560.0511937697565,489,초안산꽃동산공영주차장(구),15.0,,공영,37.6422274,127.0421344,560.0511937697565,False
도봉구,창2동,서울특별시 도봉구 창2동,1132051200,37.64262633845659,127.03682485931948,0.682194540919302,1km대체,True,0,469.5967219295911,489,초안산꽃동산공영주차장(구),15.0,,공영,37.6422274,127.0421344,469.5967219295911,False
도봉구,창3동,서울특별시 도봉구 창3동,1132051300,37.63736038329232,127.04162747479782,0.6372882556175804,내부,True,1,543.0258958811417,489,초안산꽃동산공영주차장(구),15.0,,공영,37.6422274,127.0421344,543.0258958811417,False
도봉구,창4동,서울특별시 도봉구 창4동,1132051400,37.65257763311549,127.05092641282826,1.1138094196091737,1km대체,True,0,463.46305492493457,631,창동역(서),107.0,10.0,시영,37.6523244,127.0456717,463.46305492493457,False
도봉구,창5동,서울특별시 도봉구 창5동,1132051500,37.6553597748835,127.0427663401336,0.6897392894405111,내부,True,1,423.48411280989575,631,창동역(서),107.0,10.0,시영,37.6523244,127.0456717,423.48411280989575,False
동대문구,답십리1동,서울특별시 동대문구 답십리1동,1123060000,37.57094370392223,127.05169920013664,0.7979354762118934,내부,True,1,284.79101586915476,521,장영당길 공영주차장(구3동)(구),193.0,,공영,37.5686637,127.0531712,284.79101586915476,False
동대문구,답십리2동,서울특별시 동대문구 답십리2동,1123061000,37.57089198886264,127.06111378791306,0.8243582269290508,내부,True,3,261.24195261565785,535,동답 공영주차장(구),67.0,,공영,37.5693677,127.0635346,272.48634943304256,False
동대문구,용신동,서울특별시 동대문구 용신동,1123053600,37.575616212996,127.03228627052351,1.5724521071482487,내부,True,2,521.8571624367656,638,청계8(북),103.0,13.0,시영,37.5714247,127.0251495,782.8295998457818,False
동대문구,이문1동,서울특별시 동대문구 이문1동,1123074000,37.59722176355096,127.06029274551398,1.0043200278894266,경계선상,True,0,1085.4239882288493,561,석관동 공영주차장(구),77.0,,공영,37.6069816,127.0600695,1085.4239882288493,False
동대문구,이문2동,서울특별시 동대문구 이문2동,1123075000,37.60283342931345,127.06749215321548,0.8045766374103445,1km대체,True,0,731.6031861424889,493,중화제1공영주차장(구),94.0,,공영,37.5982769,127.0734828,731.6031861424889,False
동대문구,장안1동,서울특별시 동대문구 장안1동,1123065000,37.566231451292914,127.06858989953233,1.36433091155427,내부,True,1,478.30464931470993,520,장안1동(군자유치원) 노외주차장(구),20.0,,공영,37.5651009,127.063354,478.30464931470993,False
동대문구,장안2동,서울특별시 동대문구 장안2동,1123066000,37.575760218401165,127.07253846016152,1.1321043217820583,경계선상,True,0,1030.8631923211374,475,배나무터공원(구),94.0,,공영,37.5686253,127.080007,1030.8631923211374,False
동대문구,전농1동,서울특별시 동대문구 전농1동,1123056000,37.579011594736215,127.05104796784902,1.1692569618255624,내부,True,2,311.0876846174728,584,전농1동 공영주차장(구),88.0,,공영,37.5814383,127.0475007,412.9486836700184,False
동대문구,전농2동,서울특별시 동대문구 전농2동,1123057000,37.58072118946991,127.06114411243236,0.994365059546315,1km대체,True,0,647.0761025198182,525,부군당길 공영주차장(구),63.0,,공영,37.5783055,127.0544638,647.0761025198182,False
동대문구,제기동,서울특별시 동대문구 제기동,1123054500,37.58367676273716,127.0372424220472,1.180336718322167,내부,True,1,475.4038401487301,531,정릉천복개 공영주차장(구),143.0,,공영,37.5797932,127.0349862,475.4038401487301,False
동대문구,청량리동,서울특별시 동대문구 청량리동,1123070500,37.588940553512224,127.04511877796853,1.1756101155943468,내부,True,3,392.35448377706786,425,청량리동 공영주차장(구),67.0,,공영,37.5854412,127.0445474,392.35448377706786,False
동대문구,회기동,서울특별시 동대문구 회기동,1123071000,37.59370059365983,127.05140700725998,0.8032747572197733,1km대체,True,0,728.0490673066304,223,동대문노인종합복지관및청소년수련관,37.0,,KOTSA,37.5872482913,127.0500031369,728.0490673066304,False
동대문구,휘경1동,서울특별시 동대문구 휘경1동,1123072000,37.59187265133792,127.06247452019196,0.5100471515160064,1km대체,True,0,659.9710804223894,385,견인보관소(구),40.0,,공영,37.5890337,127.0690524,659.9710804223894,False
동대문구,휘경2동,서울특별시 동대문구 휘경2동,1123073000,37.586505994905096,127.06643576263724,1.1945956794148993,내부,True,1,363.5346825644523,385,견인보관소(구),40.0,,공영,37.5890337,127.0690524,363.5346825644523,False
동작구,노량진1동,서울특별시 동작구 노량진1동,1159051000,37.51302538119581,126.94915474328477,1.8773162280868072,내부,True,1,701.8109977286009,563,노량진역공영주차장(구),13.0,,공영,37.5138155,126.9412604,701.8109977286009,False
동작구,노량진2동,서울특별시 동작구 노량진2동,1159052000,37.51092998196632,126.93800259318026,0.6609787063101,내부,True,1,194.82024999300327,45,노량진 청사 공영주차장(구),86.0,,공영,37.5122679,126.9394287,194.82024999300327,False
동작구,대방동,서울특별시 동작구 대방동,1159066000,37.507114149333006,126.92802623677368,1.586539253645449,내부,True,1,786.3257309032838,514,대방생태공영주차장(구),38.0,,공영,37.5001792,126.9262824,786.3257309032838,False
동작구,사당1동,서울특별시 동작구 사당1동,1159062000,37.47971692741978,126.97740918402611,0.632252846042085,1km대체,True,0,488.8321500651247,294,방배노인종합복지관,16.0,,KOTSA,37.4807845471,126.9827831234,488.8321500651247,False
동작구,사당2동,서울특별시 동작구 사당2동,1159063000,37.498232750435,126.97519183139106,3.0367374456713883,내부,True,2,906.3445131368223,191,동작대교(위),47.0,37.0,시영,37.5055617,126.9796882,906.3445131368223,False
동작구,사당3동,서울특별시 동작구 사당3동,1159064000,37.48881204459635,126.97086201863029,0.893687957826012,1km대체,True,0,828.9670595992233,540,남성사계시장공영주차장(구),18.0,,공영,37.4877682,126.9801649,828.9670595992233,False
동작구,사당4동,서울특별시 동작구 사당4동,1159065000,37.48059082559276,126.9707700144658,0.4269366744105828,경계선상,True,0,1060.2531665645042,294,방배노인종합복지관,16.0,,KOTSA,37.4807845471,126.9827831234,1060.2531665645042,False
동작구,사당5동,서울특별시 동작구 사당5동,1159065100,37.48580389238028,126.96504020375862,0.6612439818250104,보류_대표점,False,0,1352.2480297423947,,,,,,,,,False
동작구,상도1동,서울특별시 동작구 상도1동,1159053000,37.49832854864793,126.95347044370747,1.4300717985864393,보류_대표점,False,0,1411.2946442171235,,,,,,,,,False
동작구,상도2동,서울특별시 동작구 상도2동,1159054000,37.50367378265454,126.94206010678694,0.7763725461282439,1km대체,True,0,716.8696341619575,586,도화공영주차장(구),58.0,,공영,37.4998649,126.9355036,716.8696341619575,False
동작구,상도3동,서울특별시 동작구 상도3동,1159055000,37.49722768634608,126.93335435021524,0.6727431334014642,1km대체,True,0,349.2025596623522,586,도화공영주차장(구),58.0,,공영,37.4998649,126.9355036,349.2025596623522,False
동작구,상도4동,서울특별시 동작구 상도4동,1159056000,37.49742885220319,126.94076348020266,0.9677937770560986,내부,True,1,537.2968559667415,586,도화공영주차장(구),58.0,,공영,37.4998649,126.9355036,537.2968559667415,False
동작구,신대방1동,서울특별시 동작구 신대방1동,1159067000,37.48994822040149,126.9107055147596,0.6835451476920337,내부,True,2,286.1707101013546,507,서광공영주차장(구),63.0,,공영,37.4887734,126.9078197,286.1707101013546,False
동작구,신대방2동,서울특별시 동작구 신대방2동,1159068000,37.4943096970983,126.92153186086708,1.0324316430070324,내부,True,2,448.65746264640745,612,보라매상업,64.0,0.0,시영,37.4904405,126.9229741,448.65746264640745,False
동작구,흑석동,서울특별시 동작구 흑석동,1159060500,37.50629622039065,126.9637628813445,2.095585351583621,내부,True,1,260.93816633372285,504,빗물펌프장 공영주차장(구),49.0,,공영,37.5085526,126.9629502,260.93816633372285,False
마포구,공덕동,서울특별시 마포구 공덕동,1144056500,37.54911940754117,126.95778558936937,1.0014077962704555,내부,True,1,335.9558582382842,532,공덕1-1 공영주차장(구),77.0,,공영,37.5473742,126.9608963,335.9558582382842,False
마포구,대흥동,서울특별시 마포구 대흥동,1144060000,37.55212201635317,126.94140046210114,0.8353881632447812,1km대체,True,0,450.8851295061473,522,서강대역 환승 공영주차장(구),98.0,,공영,37.5511115,126.9364472,450.8851295061473,False
마포구,도화동,서울특별시 마포구 도화동,1144058500,37.53703988514549,126.94680718363296,0.8594258138042447,1km대체,True,0,764.8934765164925,147,신창 공영주차장(구),108.0,,공영,37.5352625,126.9551874,764.8934765164925,False
마포구,망원1동,서울특별시 마포구 망원1동,1144069000,37.55275257498161,126.90020623547656,1.1240481589995748,내부,True,2,328.0736312741569,503,망원1-1 공영주차장(구),66.0,,공영,37.5561084,126.900035,373.45641895630325,False
마포구,망원2동,서울특별시 마포구 망원2동,1144070000,37.5571201786216,126.89568017644676,1.2071734181520681,내부,True,1,300.5196283885231,499,망원노외주차장(구),21.0,,공영,37.5595824,126.9065798,999.0283270486344,False
마포구,상암동,서울특별시 마포구 상암동,1144074000,37.57179301577043,126.88086062558608,7.672593806262864,내부,True,2,993.293132515067,494,상암1 공영주차장(구),213.0,,공영,37.5777395,126.8970634,1573.5909983702675,True
마포구,서강동,서울특별시 마포구 서강동,1144065500,37.545946245217976,126.92515785032973,1.714293865264134,1km대체,True,0,929.352587366641,251,마포도서관,49.0,,KOTSA,37.5542725672,126.9242429485,929.352587366641,False
마포구,서교동,서울특별시 마포구 서교동,1144066000,37.55477193794403,126.92094452634376,1.6464114556091078,내부,True,2,296.0188713595415,251,마포도서관,49.0,,KOTSA,37.5542725672,126.9242429485,296.0188713595415,False
마포구,성산1동,서울특별시 마포구 성산1동,1144072000,37.56198237711661,126.91184532004904,0.8634040107548127,내부,True,1,360.5368340830371,395,마포중앙도서관 공영주차장(구),193.0,,공영,37.5637892,126.9084489,360.5368340830371,False
마포구,성산2동,서울특별시 마포구 성산2동,1144073000,37.56810577128511,126.90204285251514,1.961729380659537,내부,True,1,550.0661752556542,495,성산2-1 공영주차장(구),56.0,,공영,37.5647272,126.9066015,550.0661752556542,False
마포구,신수동,서울특별시 마포구 신수동,1144063000,37.54362572313896,126.933642400124,1.117597400227176,내부,True,1,868.3337287939329,522,서강대역 환승 공영주차장(구),98.0,,공영,37.5511115,126.9364472,868.3337287939329,False
마포구,아현동,서울특별시 마포구 아현동,1144055500,37.55192606419808,126.95284138383457,0.7307087363627411,1km대체,True,0,872.0295836017435,532,공덕1-1 공영주차장(구),77.0,,공영,37.5473742,126.9608963,872.0295836017435,False
마포구,연남동,서울특별시 마포구 연남동,1144071000,37.56302991902288,126.92154485816648,0.6469058642206512,경계선상,True,0,1002.3970862188064,251,마포도서관,49.0,,KOTSA,37.5542725672,126.9242429485,1002.3970862188064,False
마포구,염리동,서울특별시 마포구 염리동,1144061000,37.54982500495699,126.94754690580328,0.5395214705664723,1km대체,True,0,988.9216643328147,522,서강대역 환승 공영주차장(구),98.0,,공영,37.5511115,126.9364472,988.9216643328147,False
마포구,용강동,서울특별시 마포구 용강동,1144059000,37.54058864509943,126.94127011355754,0.9559915968817497,보류_대표점,False,0,1244.9522987297005,,,,,,,,,False
마포구,합정동,서울특별시 마포구 합정동,1144068000,37.54687171525141,126.9088402082958,1.751748676552332,보류_대표점,False,0,1287.407655579847,,,,,,,,,False
서대문구,남가좌1동,서울특별시 서대문구 남가좌1동,1141069000,37.57169442750591,126.91620137959562,0.4468094956996107,경계선상,True,0,1113.3513495991383,395,마포중앙도서관 공영주차장(구),193.0,,공영,37.5637892,126.9084489,1113.3513495991383,False
서대문구,남가좌2동,서울특별시 서대문구 남가좌2동,1141070000,37.57762435384702,126.92133035658227,0.8118570871400432,보류_대표점,False,0,1911.95002904477,,,,,,,,,False
서대문구,북가좌1동,서울특별시 서대문구 북가좌1동,1141071000,37.57526769236731,126.90800324904102,0.5806538562928766,경계선상,True,0,1002.504526190456,494,상암1 공영주차장(구),213.0,,공영,37.5777395,126.8970634,1002.504526190456,False
서대문구,북가좌2동,서울특별시 서대문구 북가좌2동,1141072000,37.58100351394823,126.91350094879724,0.7947464962212938,보류_대표점,False,0,1493.305480016292,,,,,,,,,False
서대문구,북아현동,서울특별시 서대문구 북아현동,1141055500,37.55924765176818,126.95551673425189,0.44437432098053536,경계선상,True,0,1034.1981086271978,354,천연동 구세군 아동복지시설,23.0,,KOTSA,37.568035482,126.9593594009,1034.1981086271978,False
서대문구,신촌동,서울특별시 서대문구 신촌동,1141058500,37.5636356564499,126.94106287299296,2.564938506446047,내부,True,1,514.4209278894756,487,신촌역 동측 공영주차장(구),30.0,,공영,37.5593002,126.9430995,514.4209278894756,False
서대문구,연희동,서울특별시 서대문구 연희동,1141061500,37.57200573359478,126.93273482278046,2.823833117460765,보류_대표점,False,0,1682.418415374028,,,,,,,,,False
서대문구,천연동,서울특별시 서대문구 천연동,1141052000,37.571214466054734,126.95714053175024,0.8931789289106553,내부,True,1,403.9761985955095,354,천연동 구세군 아동복지시설,23.0,,KOTSA,37.568035482,126.9593594009,403.9761985955095,False
서대문구,충현동,서울특별시 서대문구 충현동,1141056500,37.56390858509339,126.95809809183476,1.136046039992845,1km대체,True,0,472.1646893233488,354,천연동 구세군 아동복지시설,23.0,,KOTSA,37.568035482,126.9593594009,472.1646893233488,False
서대문구,홍1동,서울특별시 서대문구 홍제1동,1141062000,37.5815412509431,126.9452007022412,1.5600576222049272,보류_대표점,False,0,1713.0758309039304,,,,,,,,,False
서대문구,홍2동,서울특별시 서대문구 홍제2동,1141065500,37.5845468100646,126.95252583642562,0.7119996097804316,경계선상,True,0,1162.379351439879,519,누상 공영주차장(구),36.0,,공영,37.5802963,126.9645771,1162.379351439879,False
서대문구,홍3동,서울특별시 서대문구 홍제3동,1141064000,37.59202282883998,126.9511599050023,1.0308263012086196,1km대체,True,0,806.3217007505629,240,구립서대문노인전문요양센터,10.0,,KOTSA,37.5981815118,126.9559911638,806.3217007505629,False
서대문구,홍은1동,서울특별시 서대문구 홍은1동,1141066000,37.5999796939407,126.94702732607988,1.549340715585395,내부,True,1,814.6318958585521,240,구립서대문노인전문요양센터,10.0,,KOTSA,37.5981815118,126.9559911638,814.6318958585521,False
서대문구,홍은2동,서울특별시 서대문구 홍은2동,1141068500,37.58699157241927,126.93217384072317,2.046572665797443,보류_대표점,False,0,1933.0153001727263,,,,,,,,,False
서초구,내곡동,서울특별시 서초구 내곡동,1165066000,37.4565217449784,127.0705480456132,13.128243813129991,내부,True,3,1451.1047728518624,577,내곡동 (임시) 공영주차장(구),80.0,,공영,37.4465494,127.0599447,1451.1047728518624,True
서초구,반포1동,서울특별시 서초구 반포1동,1165056000,37.50550591434419,127.01663100431357,1.0090204071944595,내부,True,1,395.36883936515454,461,언구비 공영주차장(구),50.0,,공영,37.5047213,127.0210026,395.36883936515454,False
서초구,반포2동,서울특별시 서초구 반포2동,1165057000,37.50637942121233,126.99569508958533,1.241591937697824,경계선상,True,0,1071.5129027947235,392,반포4동 주민센터 공영주차장(구),51.0,,공영,37.4974647,127.000307,1071.5129027947235,False
서초구,반포3동,서울특별시 서초구 반포3동,1165058000,37.51240830467932,127.00359218211668,1.3081725707447005,경계선상,True,0,1197.0025210931467,371,잠원동 방음언덕형 공영주차장(구),92.0,,공영,37.5161854,127.0163008,1197.0025210931467,False
서초구,반포4동,서울특별시 서초구 반포4동,1165058100,37.49958086318499,127.0032889686731,1.457423378268851,내부,True,2,352.9487368952138,465,반포 둥근마을 공영주차장(구),177.0,,공영,37.4999237,127.0104411,632.0921965750554,False
서초구,반포본동,서울특별시 서초구 반포본동,1165055000,37.50628943535504,126.9864759137996,1.5388095062381493,1km대체,True,0,604.1876329070609,191,동작대교(위),47.0,37.0,시영,37.5055617,126.9796882,604.1876329070609,False
서초구,방배1동,서울특별시 서초구 방배1동,1165060000,37.48491250724669,126.99630280180192,0.6975452251916252,1km대체,True,0,480.35950665928834,508,중앙로 공영주차장(구),49.0,,공영,37.4822569,126.9920089,480.35950665928834,False
서초구,방배2동,서울특별시 서초구 방배2동,1165061000,37.47301541905807,126.9884853413138,1.9330436208307196,내부,True,9,496.13505331404184,615,사당노외,183.0,10.0,시영,37.4754166,126.9837468,496.13505331404184,False
서초구,방배3동,서울특별시 서초구 방배3동,1165062000,37.47431988538499,126.99789993002108,2.4104502267589516,경계선상,True,0,1024.275568943016,508,중앙로 공영주차장(구),49.0,,공영,37.4822569,126.9920089,1024.275568943016,False
서초구,방배4동,서울특별시 서초구 방배4동,1165062100,37.48981878516143,126.99098704454558,0.9408305046002734,내부,True,1,144.53880242145306,387,방배열린문화센터 공영주차장(구),109.0,,공영,37.489016,126.9922755,144.53880242145306,False
서초구,방배본동,서울특별시 서초구 방배본동,1165059000,37.49494885765654,126.9877656456428,0.6591539888456709,내부,True,1,266.383889059819,459,방배카페골목(이수) 공영주차장(구),152.0,,공영,37.4961033,126.9851199,266.383889059819,False
서초구,서초1동,서울특별시 서초구 서초1동,1165051000,37.4869554775027,127.0201386357811,1.3707869701888453,내부,True,2,700.8705817350626,296,구립서초 노인요양센터,29.0,,KOTSA,37.4817887481,127.0246882549,700.8705817350626,False
서초구,서초2동,서울특별시 서초구 서초2동,1165052000,37.48881700309866,127.0279102465376,1.2339576097290146,1km대체,True,0,831.6097503817807,296,구립서초 노인요양센터,29.0,,KOTSA,37.4817887481,127.0246882549,831.6097503817807,False
서초구,서초3동,서울특별시 서초구 서초3동,1165053000,37.48543126857357,127.0095920786771,3.0085169174820616,내부,True,1,868.5354054433861,297,한국예술종합학교,87.0,,KOTSA,37.4776498273,127.0104463682,868.5354054433861,False
서초구,서초4동,서울특별시 서초구 서초4동,1165053100,37.49898521834468,127.01996412464705,0.875706613742161,1km대체,True,0,644.3692426456637,461,언구비 공영주차장(구),50.0,,공영,37.5047213,127.0210026,644.3692426456637,False
서초구,양재1동,서울특별시 서초구 양재1동,1165065100,37.46955773257226,127.02253083610816,5.7345760524626055,내부,True,1,676.8254736294416,299,서울우면동우체국,15.0,,KOTSA,37.4637216858,127.0247094416,676.8254736294416,False
서초구,양재2동,서울특별시 서초구 양재2동,1165065200,37.45114771075297,127.0459050910007,7.4280450010169545,내부,True,4,1126.974363623871,462,구룡공영주차빌딩(구),107.0,,공영,37.4741927,127.0459417,2562.49146544984,True
서초구,잠원동,서울특별시 서초구 잠원동,1165054000,37.51763843039392,127.01303877872492,1.8364808991249881,내부,True,1,329.9642257886946,371,잠원동 방음언덕형 공영주차장(구),92.0,,공영,37.5161854,127.0163008,329.9642257886946,False
성동구,금호1가동,서울특별시 성동구 금호1가동,1120059000,37.55366878075117,127.02505565091614,0.4073449072006734,경계선상,True,0,1048.432515242876,416,약수동 공영주차장(구),88.0,,공영,37.5521985,127.013308,1048.432515242876,False
성동구,금호23가동,서울특별시 성동구 금호2·3가동,1120061500,37.55142835764212,127.01989216013328,0.6652291552689263,1km대체,True,0,586.7147968295365,416,약수동 공영주차장(구),88.0,,공영,37.5521985,127.013308,586.7147968295365,False
성동구,금호4가동,서울특별시 성동구 금호4가동,1120062000,37.54459485033439,127.02460004889018,0.9293207411305023,1km대체,True,0,654.5156860615825,472,옥수유수지(평면) 공영주차장(구),45.0,,공영,37.5413638,127.0183948,654.5156860615825,False
성동구,마장동,서울특별시 성동구 마장동,1120054000,37.56763672609421,127.0404901457302,1.1264012389282472,내부,True,2,396.7895035914523,558,마장축산물시장 북문(평면) 임시공영주차장(구),67.0,,공영,37.5711269,127.0414277,396.7895035914523,False
성동구,사근동,서울특별시 성동구 사근동,1120055000,37.55801499791771,127.0454347471005,1.153272277464682,내부,True,1,553.1239253627052,370,살곶이(평면) 공영주차장(구),203.0,,공영,37.5538416,127.0488492,553.1239253627052,False
성동구,성수1가1동,서울특별시 성동구 성수1가1동,1120065000,37.54042032088258,127.04104428948328,2.2363416921377457,내부,True,2,472.71910222147335,420,강변(건물) 공영주차장(구),99.0,,공영,37.5369515,127.0490226,802.2651995062323,False
성동구,성수1가2동,서울특별시 성동구 성수1가2동,1120066000,37.5490737402934,127.04395214077265,0.9763236307859566,1km대체,True,0,683.6975443613018,370,살곶이(평면) 공영주차장(구),203.0,,공영,37.5538416,127.0488492,683.6975443613018,False
성동구,성수2가1동,서울특별시 성동구 성수2가1동,1120067000,37.53665520390331,127.05528144396402,1.149610221383879,내부,True,1,94.83126547511672,419,성수2가1동(건물) 공영주차장(구),161.0,,공영,37.5371598,127.0561485,94.83126547511672,False
성동구,성수2가3동,서울특별시 성동구 성수2가3동,1120069000,37.54554227998609,127.0581428699828,1.0453697803636977,내부,True,1,477.3471686686675,418,성수2가3동(건물) 공영주차장(구),192.0,,공영,37.5491384,127.0551858,477.3471686686675,False
성동구,송정동,서울특별시 성동구 송정동,1120072000,37.552333152290224,127.06569799444858,0.5871846353673715,내부,True,2,262.1404693838216,375,송정동(건물) 공영주차장(구),120.0,,공영,37.5500042,127.0680872,333.8067011742978,False
성동구,옥수동,서울특별시 성동구 옥수동,1120064500,37.54196706245388,127.01617565937522,1.2499250521451724,내부,True,1,206.83619673691283,472,옥수유수지(평면) 공영주차장(구),45.0,,공영,37.5413638,127.0183948,206.83619673691283,False
성동구,왕십리2동,서울특별시 성동구 왕십리2동,1120052000,37.56149776106841,127.0276903543703,0.33411812617318914,1km대체,True,0,749.0387572293379,414,신당역 공영주차장(구),29.0,,공영,37.5653531,127.0207217,749.0387572293379,False
성동구,왕십리도선동,서울특별시 성동구 왕십리도선동,1120053500,37.5667911701956,127.02956946289147,0.7212975128738315,1km대체,True,0,602.2594545264554,365,마장동(건물) 공영주차장(구),52.0,,공영,37.5699681,127.0351038,602.2594545264554,False
성동구,용답동,서울특별시 성동구 용답동,1120079000,37.55854018057594,127.05784879147345,2.370920767925939,내부,True,2,548.98720060947,384,용답제2(평면) 공영주차장(구),153.0,,공영,37.5633116,127.0562486,548.98720060947,False
성동구,응봉동,서울특별시 성동구 응봉동,1120058000,37.55098880041986,127.03398220631232,0.5626168404268168,1km대체,True,0,859.7197720454859,268,행당1동주민센터,13.0,,KOTSA,37.5585296329,127.0361354778,859.7197720454859,False
성동구,행당1동,서울특별시 성동구 행당1동,1120056000,37.55901977910057,127.03605663540296,0.5661893909852469,내부,True,1,54.943156068174794,268,행당1동주민센터,13.0,,KOTSA,37.5585296329,127.0361354778,54.943156068174794,False
성동구,행당2동,서울특별시 성동구 행당2동,1120057000,37.55667576470133,127.0295034229269,0.47916921007004376,1km대체,True,0,619.887857577665,268,행당1동주민센터,13.0,,KOTSA,37.5585296329,127.0361354778,619.887857577665,False
성북구,길음1동,서울특별시 성북구 길음1동,1129066000,37.60811224475701,127.01973516614872,0.8178213391527255,보류_대표점,False,0,1217.649744807173,,,,,,,,,False
성북구,길음2동,서울특별시 성북구 길음2동,1129068500,37.60797109801607,127.02723103908652,0.6156655378491456,1km대체,True,0,694.0745541118297,430,송중동 공영주차장(구),54.0,,공영,37.6116456,127.0336005,694.0745541118297,False
성북구,돈암1동,서울특별시 성북구 돈암1동,1129058000,37.59932703660618,127.02404157393453,0.4606657298735903,1km대체,True,0,493.08302478925685,576,개운산공영주차장(구),26.0,,공영,37.5952331,127.0261922,493.08302478925685,False
성북구,돈암2동,서울특별시 성북구 돈암2동,1129059000,37.597275291556784,127.01162922402143,0.5233296569342833,보류_대표점,False,0,1302.9842545959787,,,,,,,,,False
성북구,동선동,서울특별시 성북구 동선동,1129057500,37.59373543479171,127.01842606452836,0.731254934673904,1km대체,True,0,704.2115033474566,576,개운산공영주차장(구),26.0,,공영,37.5952331,127.0261922,704.2115033474566,False
성북구,보문동,서울특별시 성북구 보문동,1129061000,37.58260325834279,127.01921889656106,0.5895250875917147,1km대체,True,0,638.2123592534879,557,숭인 공영주차장(구),119.0,,공영,37.5771878,127.0168196,638.2123592534879,False
성북구,삼선동,서울특별시 성북구 삼선동,1129055500,37.58661879616184,127.01179563427112,0.9113862543086841,1km대체,True,0,983.6464325562553,231,아르코예술극장,30.0,,KOTSA,37.5811969624,127.0029752199,983.6464325562553,False
성북구,석관동,서울특별시 성북구 석관동,1129081000,37.60826024063046,127.06133585863248,1.7297640459538393,내부,True,1,180.71757253153058,561,석관동 공영주차장(구),77.0,,공영,37.6069816,127.0600695,180.71757253153058,False
성북구,성북동,서울특별시 성북구 성북동,1129052500,37.59586827856368,126.99615007923408,2.4143609180827896,내부,True,1,230.79506241804216,562,성북동길 공영주차장(구),26.0,,공영,37.5948365,126.9938771,230.79506241804216,False
성북구,안암동,서울특별시 성북구 안암동,1129060000,37.58725170812379,127.02730901553971,1.2735968696742235,1km대체,True,0,892.9300381987122,576,개운산공영주차장(구),26.0,,공영,37.5952331,127.0261922,892.9300381987122,False
성북구,월곡1동,서울특별시 성북구 월곡1동,1129071500,37.60787813443581,127.036447944391,0.7642245145137477,1km대체,True,0,488.2717693563351,430,송중동 공영주차장(구),54.0,,공영,37.6116456,127.0336005,488.2717693563351,False
성북구,월곡2동,서울특별시 성북구 월곡2동,1129072500,37.603299815373134,127.04519267448975,1.3331666257849026,내부,True,1,524.5244420503063,228,성북정보도서관,34.0,,KOTSA,37.6050047121,127.0507443398,524.5244420503063,False
성북구,장위1동,서울특별시 성북구 장위1동,1129076000,37.61494425019895,127.04426486030324,0.7237572537380075,내부,True,1,290.11382266958776,517,장위1동동방고개공영주차장(구),64.0,,공영,37.614667,127.0409898,290.11382266958776,False
성북구,장위2동,서울특별시 성북구 장위2동,1129077000,37.612223753817126,127.05172669327274,0.6653219218586843,내부,True,1,339.2020881197002,569,벤처빌딩 공영주차장(구),49.0,,공영,37.6093929,127.0531615,339.2020881197002,False
성북구,장위3동,서울특별시 성북구 장위3동,1129078000,37.61817789118338,127.05349443513444,0.6823881012969796,1km대체,True,0,846.854944049715,616,석계역,70.0,0.0,시영,37.6154472,127.0624699,846.854944049715,False
성북구,정릉1동,서울특별시 성북구 정릉1동,1129062000,37.60326167212401,127.01665279871489,0.3894164277472715,보류_대표점,False,0,1226.0840636042826,,,,,,,,,False
성북구,정릉2동,서울특별시 성북구 정릉2동,1129063000,37.6037936140402,127.0081181939846,1.1251858106132804,보류_대표점,False,0,1601.903712881706,,,,,,,,,False
성북구,정릉3동,서울특별시 성북구 정릉3동,1129064000,37.61226302841292,126.993764974265,3.355426684422871,보류_대표점,False,0,1880.2093786392923,,,,,,,,,False
성북구,정릉4동,서울특별시 성북구 정릉4동,1129065000,37.62351062441897,126.99518011779932,3.709812439426294,보류_대표점,False,0,1557.325755617234,,,,,,,,,False
성북구,종암동,서울특별시 성북구 종암동,1129070500,37.59725006990479,127.03337444592796,1.5188679994580012,내부,True,1,671.3486023641453,576,개운산공영주차장(구),26.0,,공영,37.5952331,127.0261922,671.3486023641453,False
송파구,가락1동,서울특별시 송파구 가락1동,1171063100,37.49532907164889,127.10823503794292,1.3669515365963607,1km대체,True,0,907.0574212949027,388,풍납유수지(구),234.0,,공영,37.4951722,127.1185146,907.0574212949027,False
송파구,가락2동,서울특별시 송파구 가락2동,1171063200,37.49585963904156,127.1306430431001,0.9409602393080518,1km대체,True,0,651.5822220096388,412,장지동공영(체비지)(구),101.0,,공영,37.4910553,127.1348715,651.5822220096388,False
송파구,가락본동,서울특별시 송파구 가락본동,1171062000,37.49721685730376,127.12163949804489,1.0489422653702178,내부,True,3,320.42673661211364,388,풍납유수지(구),234.0,,공영,37.4951722,127.1185146,357.33999229767585,False
송파구,거여1동,서울특별시 송파구 거여1동,1171053100,37.49438601645826,127.14167634144634,0.5058873649535389,1km대체,True,0,673.07128441242,274,마천2동청사,10.0,,KOTSA,37.4969393225,127.1485936541,673.07128441242,False
송파구,거여2동,서울특별시 송파구 거여2동,1171053200,37.49237517111198,127.1471746661474,0.5055835422923352,내부,True,1,282.6426410138943,473,거여동 거주자상생주차장(구),174.0,,공영,37.4922453,127.1503741,282.6426410138943,False
송파구,마천1동,서울특별시 송파구 마천1동,1171054000,37.49478347156677,127.1557245667836,0.51915516533642,내부,True,4,61.16943645186831,411,마천동1(건축물식)(구),215.0,,공영,37.4954333,127.1555089,74.72077943519581,False
송파구,마천2동,서울특별시 송파구 마천2동,1171055000,37.50032843076863,127.15145763770168,0.9573224465505957,내부,True,1,453.710180285285,274,마천2동청사,10.0,,KOTSA,37.4969393225,127.1485936541,453.710180285285,False
송파구,문정1동,서울특별시 송파구 문정1동,1171064100,37.48817303944372,127.12685932891998,0.667295199993899,내부,True,1,312.861628444797,464,문정근린공원(구),290.0,,공영,37.4859784,127.1246404,312.861628444797,False
송파구,문정2동,서울특별시 송파구 문정2동,1171064200,37.48069392703768,127.11913610192576,2.3554128263065914,1km대체,True,0,720.18259608981,276,국립농산물품질관리원 서울사무소,15.0,,KOTSA,37.4785480937,127.1268366809,720.18259608981,False
송파구,방이1동,서울특별시 송파구 방이1동,1171056100,37.50977182948971,127.12231506260684,0.5850393102614546,내부,True,1,418.6420213734621,390,방이고분(구),60.0,,공영,37.5079481,127.1181629,418.6420213734621,False
송파구,방이2동,서울특별시 송파구 방이2동,1171056200,37.51325462854047,127.11382629887152,0.766981201125179,내부,True,1,55.61884814937736,466,방이동 공영주차장(구),131.0,,공영,37.5137527,127.1137683,55.61884814937736,False
송파구,삼전동,서울특별시 송파구 삼전동,1171061000,37.50172020584825,127.09190592095408,0.9897601748264385,내부,True,1,386.75665608358395,469,삼전동(건축물식)(구),196.0,,공영,37.5002454,127.0958765,386.75665608358395,False
송파구,석촌동,서울특별시 송파구 석촌동,1171060000,37.50272361931824,127.10246227378649,0.9317331521580976,1km대체,True,0,643.0066182340063,469,삼전동(건축물식)(구),196.0,,공영,37.5002454,127.0958765,643.0066182340063,False
송파구,송파1동,서울특별시 송파구 송파1동,1171058000,37.50716769199981,127.11032061839153,0.6962042449231857,1km대체,True,0,666.7436158996828,35,송파나루공원 동호주차장(구),20.0,,공영,37.5115213,127.1051229,666.7436158996828,False
송파구,송파2동,서울특별시 송파구 송파2동,1171059000,37.50283563298562,127.1168312025799,0.5988152459840341,1km대체,True,0,580.4911868286625,390,방이고분(구),60.0,,공영,37.5079481,127.1181629,580.4911868286625,False
송파구,오금동,서울특별시 송파구 오금동,1171057000,37.503989614114175,127.1343985143622,1.7322937812444144,보류_대표점,False,0,1438.8372677144564,,,,,,,,,False
송파구,오륜동,서울특별시 송파구 오륜동,1171056600,37.51765847366047,127.12850757940149,3.1357426528729784,보류_대표점,False,0,1346.352983227113,,,,,,,,,False
송파구,위례동,서울특별시 송파구 위례동,1171064700,37.48166110382221,127.14124305323202,2.6059743715560058,내부,True,1,1186.2602663423218,613,복정역,362.0,23.0,시영,37.4701499,127.1277363,1749.0056054681072,True
송파구,잠실2동,서울특별시 송파구 잠실2동,1171067000,37.51771945915045,127.0788194299842,2.875070727594387,보류_대표점,False,0,1300.9620943361701,,,,,,,,,False
송파구,잠실3동,서울특별시 송파구 잠실3동,1171068000,37.51363836945988,127.09431930713002,1.5132653513107788,내부,True,1,668.2957261211812,556,서호1(구),15.0,,공영,37.510734,127.1009527,668.2957261211812,False
송파구,잠실4동,서울특별시 송파구 잠실4동,1171069000,37.52125459190773,127.108152287028,0.8395661465270622,1km대체,True,0,539.0285304844141,617,성내역(잠실나루역),28.0,9.0,시영,37.517102,127.104999,539.0285304844141,False
송파구,잠실6동,서울특별시 송파구 잠실6동,1171071000,37.51906527803059,127.09998160874032,1.3974061707423096,내부,True,3,493.43154721604174,629,잠실역,357.0,17.0,시영,37.5142031,127.103294,614.5330588106768,False
송파구,잠실7동,서울특별시 송파구 잠실7동,1171072000,37.50748107943242,127.07409762940902,0.6800536344609686,1km대체,True,0,520.6029587249016,453,탄천 공영주차장(구),61.0,,공영,37.5086326,127.0683769,520.6029587249016,False
송파구,잠실본동,서울특별시 송파구 잠실본동,1171065000,37.50550698959705,127.0822938706941,1.139330335178083,내부,True,1,494.5302885182321,555,21-37(구),13.0,,공영,37.5022496,127.0861108,494.5302885182321,False
송파구,장지동,서울특별시 송파구 장지동,1171064600,37.482788950921226,127.13162901446508,1.2205049128332983,내부,True,3,633.3988727258883,412,장지동공영(체비지)(구),101.0,,공영,37.4910553,127.1348715,962.6712106305026,False
송파구,풍납1동,서울특별시 송파구 풍납1동,1171051000,37.538239298328506,127.11429966102445,1.0570353810608086,내부,True,2,290.52333238943504,91,풍납2(구),80.0,,공영,37.5360315,127.1160616,290.52333238943504,False
송파구,풍납2동,서울특별시 송파구 풍납2동,1171052000,37.529850468387565,127.11012716522198,1.9913666273677375,1km대체,True,0,863.8350035909106,91,풍납2(구),80.0,,공영,37.5360315,127.1160616,863.8350035909106,False
양천구,목1동,서울특별시 양천구 목1동,1147051000,37.52744429405589,126.8750988421342,1.563520897815549,내부,True,2,340.9415656150451,516,바람개비 공영주차장(구),186.0,,공영,37.5304435,126.8742953,340.9415656150451,False
양천구,목2동,서울특별시 양천구 목2동,1147052000,37.54359371670669,126.87409847861252,1.0534799792776643,내부,True,2,233.1355791827804,434,목2동 월촌(구),79.0,,공영,37.5459774,126.8746092,268.85126140768205,False
양천구,목3동,서울특별시 양천구 목3동,1147053000,37.54520039593156,126.8654122796417,0.5004008546093981,1km대체,True,0,556.5580879633036,435,달마을주차장(구),35.0,,공영,37.5443539,126.8716341,556.5580879633036,False
양천구,목4동,서울특별시 양천구 목4동,1147054000,37.53543665672434,126.86689594620448,0.5612784876305457,1km대체,True,0,637.0293770687074,496,남부골목 전통시장 고객주차장(구),17.0,,공영,37.5322858,126.8608623,637.0293770687074,False
양천구,목5동,서울특별시 양천구 목5동,1147055000,37.53631130152868,126.88102737877564,2.0675902777178803,내부,True,6,63.02299737712555,608,목동체비지,55.0,0.0,시영,37.5367868,126.8806384,63.02299737712555,False
양천구,신월1동,서울특별시 양천구 신월1동,1147056000,37.53126559745664,126.83453205009442,0.6296188303165741,내부,True,2,232.1091751308951,406,곰달래주차장(구),106.0,,공영,37.5295563,126.8360429,232.1091751308951,False
양천구,신월2동,서울특별시 양천구 신월2동,1147057000,37.52339747308008,126.8463302894895,0.6137692723270085,내부,True,2,153.75230007121593,403,당곡주차장(구),45.0,,공영,37.5243635,126.8450829,153.75230007121593,False
양천구,신월3동,서울특별시 양천구 신월3동,1147058000,37.53236069111584,126.82746717058392,0.9259869553175326,내부,True,3,254.6585706616734,404,신우주차장(구),107.0,,공영,37.5344983,126.8285037,254.6585706616734,False
양천구,신월4동,서울특별시 양천구 신월4동,1147059000,37.52224911245785,126.83982067379262,0.45438421006118823,1km대체,True,0,520.2307666525004,403,당곡주차장(구),45.0,,공영,37.5243635,126.8450829,520.2307666525004,False
양천구,신월5동,서울특별시 양천구 신월5동,1147060000,37.540044845165326,126.8298984263171,0.5149852858073454,1km대체,True,0,628.8895972508925,404,신우주차장(구),107.0,,공영,37.5344983,126.8285037,628.8895972508925,False
양천구,신월6동,서울특별시 양천구 신월6동,1147061000,37.51597381795568,126.8421299623487,0.4731411202731546,내부,True,1,155.58939166257457,405,신곡주차장(구),18.0,,공영,37.5170521,126.8410057,155.58939166257457,False
양천구,신월7동,서울특별시 양천구 신월7동,1147061100,37.520662894144245,126.83233735451527,0.8998736095689623,1km대체,True,0,829.7037180847783,401,서서울주차장(구),70.0,,공영,37.5281165,126.8318994,829.7037180847783,False
양천구,신정1동,서울특별시 양천구 신정1동,1147062000,37.51887730816406,126.85963447817208,0.7393444323842936,내부,True,1,321.4131639226708,400,법마을공영주차장(구),18.0,,공영,37.5216713,126.8605685,321.4131639226708,False
양천구,신정2동,서울특별시 양천구 신정2동,1147063000,37.518952892126336,126.87517706467985,0.6482231169334323,내부,True,1,241.89026615381167,408,신정교주차장(구),294.0,,공영,37.5186239,126.8778882,241.89026615381167,False
양천구,신정3동,서울특별시 양천구 신정3동,1147064000,37.51178227377784,126.83939700410215,3.1671362628747572,내부,True,5,351.10830718707007,407,다락골주차장(구),101.0,,공영,37.5161275,126.8496535,1025.5744822086015,False
양천구,신정4동,서울특별시 양천구 신정4동,1147065000,37.52540924953345,126.85757062505677,0.9955172382912777,1km대체,True,0,492.6000165652145,400,법마을공영주차장(구),18.0,,공영,37.5216713,126.8605685,492.6000165652145,False
양천구,신정6동,서울특별시 양천구 신정6동,1147067000,37.51591081227876,126.86964365051146,0.9260857595048438,내부,True,2,527.1982488799083,533,문화회관 동측 공영주차장(구),80.0,,공영,37.5170691,126.8638473,527.1982488799083,False
양천구,신정7동,서울특별시 양천구 신정7동,1147068000,37.51011625504282,126.8646832561502,1.1430894344420777,내부,True,5,500.91882613613035,402,신정7동 한사랑교회 주차장(구),125.0,,공영,37.5149378,126.8600996,671.4810432482021,False
영등포구,당산1동,서울특별시 영등포구 당산1동,1156055000,37.52393073393195,126.89685120883482,0.7429552693948882,내부,True,4,121.5485381549101,598,당산노외,236.0,114.0,시영,37.5262449,126.899559,351.05217485939755,False
영등포구,당산2동,서울특별시 영등포구 당산2동,1156056000,37.53298289917501,126.90391180797384,1.5629773813345669,내부,True,2,285.7360955253774,447,당산2동(구),31.0,,공영,37.5282536,126.9077822,626.9179274185256,False
영등포구,대림1동,서울특별시 영등포구 대림1동,1156070000,37.49376859379766,126.90526160032842,0.48135135662237605,내부,True,1,324.07530664661135,451,대림1동공영(구),155.0,,공영,37.49315,126.901672,324.07530664661135,False
영등포구,대림2동,서울특별시 영등포구 대림2동,1156071000,37.4896346399107,126.90064337542954,0.5784559368330706,1km대체,True,0,401.2874462044929,451,대림1동공영(구),155.0,,공영,37.49315,126.901672,401.2874462044929,False
영등포구,대림3동,서울특별시 영등포구 대림3동,1156072000,37.499868270120906,126.89727217429387,0.9368273754003358,내부,True,2,347.0381953476941,450,대림3동 공영주차장(구),99.0,,공영,37.4979935,126.9004172,347.0381953476941,False
영등포구,도림동,서울특별시 영등포구 도림동,1156058500,37.50927724708946,126.9012357809238,0.5494085157642169,1km대체,True,0,574.2439477861511,609,문래1동,11.0,3.0,시영,37.5134045,126.8973225,574.2439477861511,False
영등포구,문래동,서울특별시 영등포구 문래동,1156060500,37.51638045686377,126.89147171207703,1.741661147654278,내부,True,3,235.17357345088098,445,문래동공영(구),52.0,,공영,37.5162783,126.8878482,319.7872188386237,False
영등포구,신길1동,서울특별시 영등포구 신길1동,1156063000,37.51233790693703,126.9195105156098,0.8112098442014204,내부,True,1,241.00025870824945,492,신길1동 공영주차장(구),13.0,,공영,37.5102942,126.9186008,241.00025870824945,False
영등포구,신길3동,서울특별시 영등포구 신길3동,1156065000,37.50644709829763,126.90588662734018,0.48005952018044545,1km대체,True,0,486.23551892726596,379,신길5동 공영(구),26.0,,공영,37.5021639,126.9047764,486.23551892726596,False
영등포구,신길4동,서울특별시 영등포구 신길4동,1156066000,37.5072845767661,126.9129179002125,0.28807199496482455,내부,True,1,232.4762612048998,449,신길4동 공영주차장(구),23.0,,공영,37.5053028,126.9120783,232.4762612048998,False
영등포구,신길5동,서울특별시 영등포구 신길5동,1156067000,37.501117087811984,126.90555465656836,0.5305405503919643,내부,True,1,135.13848011398497,379,신길5동 공영(구),26.0,,공영,37.5021639,126.9047764,135.13848011398497,False
영등포구,신길6동,서울특별시 영등포구 신길6동,1156068000,37.49915626123201,126.91354110878508,0.6792995324336057,1km대체,True,0,695.539891794962,449,신길4동 공영주차장(구),23.0,,공영,37.5053028,126.9120783,695.539891794962,False
영등포구,신길7동,서울특별시 영등포구 신길7동,1156069000,37.50579781064799,126.91980313707468,0.5476501970020502,1km대체,True,0,511.1008363582484,492,신길1동 공영주차장(구),13.0,,공영,37.5102942,126.9186008,511.1008363582484,False
영등포구,양평1동,서울특별시 영등포구 양평1동,1156061000,37.52507414939888,126.8870734013948,0.864132856024267,내부,True,1,517.2627575468205,107,양평유수지 공영주차장(구),392.0,,공영,37.5289755,126.8902681,517.2627575468205,False
영등포구,양평2동,서울특별시 영등포구 양평2동,1156062000,37.54060040589972,126.8941778679997,1.8906689675704567,경계선상,True,0,1060.9645521507534,597,당산고가밑,23.0,6.0,시영,37.5325873,126.90071,1060.9645521507534,False
영등포구,여의동,서울특별시 영등포구 여의동,1156054000,37.52748902713224,126.92757086379429,6.651453407503896,내부,True,3,260.5368075800385,623,여의서로,84.0,45.0,시영,37.5286614,126.9301289,260.5368075800385,False
영등포구,영등포동,서울특별시 영등포구 영등포동,1156053500,37.52152233014445,126.90784213998168,1.4147652805351,내부,True,2,258.8898413679987,399,양평2동청사 공영(구),93.0,,공영,37.5186045,126.9101161,381.42657620116177,False
영등포구,영등포본동,서울특별시 영등포구 영등포본동,1156051500,37.51372245613579,126.90969575892468,0.8076398017263725,내부,True,2,86.81596947920399,440,영등포본동제1공영(구),194.0,,공영,37.5143767,126.9091586,86.81596947920399,False
용산구,남영동,서울특별시 용산구 남영동,1117053000,37.54510711578613,126.97350570216976,0.7513628896372777,1km대체,True,0,324.8249458342143,546,청파동청사 공영주차장(구),34.0,,공영,37.5454975,126.9698544,324.8249458342143,False
용산구,보광동,서울특별시 용산구 보광동,1117070000,37.52587096409743,127.0012625645411,0.8722553313316219,1km대체,True,0,969.5370487830257,258,한남제2동 주민자치센터,16.0,,KOTSA,37.534568588,127.0004887726,969.5370487830257,False
용산구,서빙고동,서울특별시 용산구 서빙고동,1117069000,37.522469621421465,126.98837647365455,2.9148668816649494,내부,True,3,671.5163734832885,550,용산전자상가1 공영주차장(구),202.0,,공영,37.5315417,126.9791912,1293.7250304641639,True
용산구,용문동,서울특별시 용산구 용문동,1117059000,37.53814689579242,126.95858432668696,0.26788660054448693,1km대체,True,0,438.8392961058763,147,신창 공영주차장(구),108.0,,공영,37.5352625,126.9551874,438.8392961058763,False
용산구,용산2가동,서울특별시 용산구 용산2가동,1117052000,37.54023872953823,126.9835320945082,2.0438535823012245,경계선상,True,0,1040.0581345623057,548,용산전자상가5 공영주차장(구),42.0,,공영,37.5315417,126.9791912,1040.0581345623057,False
용산구,원효로1동,서울특별시 용산구 원효로1동,1117056000,37.53747049132142,126.96656019691778,0.5635029004121336,1km대체,True,0,615.6471558215969,549,용산전자상가2 공영주차장(구),196.0,,공영,37.5326568,126.9631106,615.6471558215969,False
용산구,원효로2동,서울특별시 용산구 원효로2동,1117057000,37.53310437896889,126.95139330745626,0.9429003806008412,내부,True,2,411.71660527880243,547,용산전자상가4 공영주차장(구),114.0,,공영,37.5338844,126.9603066,790.7223361370033,False
용산구,이촌1동,서울특별시 용산구 이촌1동,1117063000,37.51727710009726,126.97095937945156,2.1273432600554636,경계선상,True,0,1087.055360251753,605,동작대교,88.0,0.0,시영,37.5180039,126.9832507,1087.055360251753,False
용산구,이촌2동,서울특별시 용산구 이촌2동,1117064000,37.5233311530496,126.95393937104664,1.2026598539437348,경계선상,True,0,1172.7339934276201,551,용산전자상가3 공영주차장(구),167.0,,공영,37.5325775,126.9603363,1172.7339934276201,False
용산구,이태원1동,서울특별시 용산구 이태원1동,1117065000,37.53339456084741,126.99324929977938,0.5331468498811036,1km대체,True,0,651.5656209363132,258,한남제2동 주민자치센터,16.0,,KOTSA,37.534568588,127.0004887726,651.5656209363132,False
용산구,이태원2동,서울특별시 용산구 이태원2동,1117066000,37.54166032055419,126.99213416763229,0.8910425277384926,내부,True,1,296.8121258516723,544,용산구 이태원동 258-29(구),30.0,,공영,37.5419122,126.9954856,296.8121258516723,False
용산구,청파동,서울특별시 용산구 청파동,1117055500,37.54785722161096,126.96716655612704,0.8539483205609417,내부,True,1,353.55440235087036,546,청파동청사 공영주차장(구),34.0,,공영,37.5454975,126.9698544,353.55440235087036,False
용산구,한강로동,서울특별시 용산구 한강로동,1117062500,37.5291845415466,126.96785521884529,2.6306948143039985,내부,True,4,179.55226421561443,549,용산전자상가2 공영주차장(구),196.0,,공영,37.5326568,126.9631106,569.3116101224542,False
용산구,한남동,서울특별시 용산구 한남동,1117068500,37.53710166134339,127.00580097460109,3.1924935701875445,내부,True,1,546.566805484373,258,한남제2동 주민자치센터,16.0,,KOTSA,37.534568588,127.0004887726,546.566805484373,False
용산구,효창동,서울특별시 용산구 효창동,1117058000,37.543051222505376,126.96130887733756,0.5023413294494823,1km대체,True,0,482.0680925742759,532,공덕1-1 공영주차장(구),77.0,,공영,37.5473742,126.9608963,482.0680925742759,False
용산구,후암동,서울특별시 용산구 후암동,1117051000,37.54993772492742,126.98058874176694,0.8646347462469122,1km대체,True,0,804.610029421811,194,소파길노상,21.0,12.0,시영,37.5566332,126.9840502,804.610029421811,False
은평구,갈현1동,서울특별시 은평구 갈현1동,1138055100,37.62535252233455,126.91488711024748,0.95274861375356,내부,True,1,132.94366975048652,433,갈현1동공영주차장(구),61.0,,공영,37.6264983,126.9153183,132.94366975048652,False
은평구,갈현2동,서울특별시 은평구 갈현2동,1138055200,37.61828359872021,126.91212349795948,1.0526175594163136,내부,True,1,329.73491821670757,236,갈현2동주민센터 및 자치회관,10.0,,KOTSA,37.6186013602,126.9158456595,329.73491821670757,False
은평구,구산동,서울특별시 은평구 구산동,1138056000,37.61106365570734,126.90764653824364,1.351653686379418,내부,True,2,446.52276212222887,238,시립은혜로운집,172.0,,KOTSA,37.607424877,126.9055024874,446.52276212222887,False
은평구,녹번동,서울특별시 은평구 녹번동,1138051000,37.60541498540633,126.9350497410538,1.9137590032102723,보류_대표점,False,0,1335.0723371983047,,,,,,,,,False
은평구,대조동,서울특별시 은평구 대조동,1138057000,37.61227983873352,126.92309503971543,0.8704423908528461,1km대체,True,0,934.4276008622196,237,구산동도서관마을,13.0,,KOTSA,37.6095534177,126.9130607154,934.4276008622196,False
은평구,불광1동,서울특별시 은평구 불광1동,1138052000,37.61731253757322,126.93927147203588,3.344269791136851,보류_대표점,False,0,1619.5841274624186,,,,,,,,,False
은평구,불광2동,서울특별시 은평구 불광2동,1138053000,37.62437284018545,126.92865030024704,1.3372852469500967,경계선상,True,0,1197.680691075555,433,갈현1동공영주차장(구),61.0,,공영,37.6264983,126.9153183,1197.680691075555,False
은평구,수색동,서울특별시 은평구 수색동,1138065000,37.585770584258384,126.89490083428812,1.1392906812773098,1km대체,True,0,913.1236784867167,494,상암1 공영주차장(구),213.0,,공영,37.5777395,126.8970634,913.1236784867167,False
은평구,신사1동,서울특별시 은평구 신사1동,1138063100,37.59899369066011,126.90884284536992,0.8296586820916819,1km대체,True,0,982.604853577415,238,시립은혜로운집,172.0,,KOTSA,37.607424877,126.9055024874,982.604853577415,False
은평구,신사2동,서울특별시 은평구 신사2동,1138063200,37.59289124161235,126.90628553655704,1.040277978521437,보류_대표점,False,0,1602.1295436118169,,,,,,,,,False
은평구,역촌동,서울특별시 은평구 역촌동,1138062500,37.604568866736834,126.91452946990786,1.0862460846496083,내부,True,1,569.1585113345229,630,진흥로,14.0,5.0,시영,37.6017657,126.9206117,619.8808809931543,False
은평구,응암1동,서울특별시 은평구 응암1동,1138058000,37.59825533469796,126.92690012655056,1.159405807732399,1km대체,True,0,677.7020838816093,630,진흥로,14.0,5.0,시영,37.6017657,126.9206117,677.7020838816093,False
은평구,응암2동,서울특별시 은평구 응암2동,1138059000,37.591885202236,126.92302423567536,0.7463905422527558,경계선상,True,0,1119.034168816504,630,진흥로,14.0,5.0,시영,37.6017657,126.9206117,1119.034168816504,False
은평구,응암3동,서울특별시 은평구 응암3동,1138060000,37.58865367076863,126.91774524840892,0.732753486855088,보류_대표점,False,0,1479.704011996187,,,,,,,,,False
은평구,증산동,서울특별시 은평구 증산동,1138064000,37.58378124015584,126.90581107185862,0.9192089055051033,경계선상,True,0,1022.522812917602,494,상암1 공영주차장(구),213.0,,공영,37.5777395,126.8970634,1022.522812917602,False
은평구,진관동,서울특별시 은평구 진관동,1138069000,37.63927860121216,126.9405177961816,12.902003280243095,내부,True,3,1899.5741267596666,488,은평 한문화 공영주차장 (구),71.0,,공영,37.638209,126.918987,1899.5741267596666,True
종로구,가회동,서울특별시 종로구 가회동,1111060000,37.58267644374534,126.98661822520296,0.6049297315796741,1km대체,True,0,734.9478892380661,353,풍문여자고등학교,18.0,,KOTSA,37.5765971514,126.9833452274,734.9478892380661,False
종로구,교남동,서울특별시 종로구 교남동,1111058000,37.5710529786725,126.9641609771286,0.34573273987948094,1km대체,True,0,540.0621328722362,354,천연동 구세군 아동복지시설,23.0,,KOTSA,37.568035482,126.9593594009,540.0621328722362,False
종로구,무악동,서울특별시 종로구 무악동,1111057000,37.577740752083706,126.95898905009368,0.46722726997189884,1km대체,True,0,568.5466940522966,519,누상 공영주차장(구),36.0,,공영,37.5802963,126.9645771,568.5466940522966,False
종로구,부암동,서울특별시 종로구 부암동,1111055000,37.59669865828476,126.9625567482272,2.2004328126327257,1km대체,True,0,601.4811416901779,240,구립서대문노인전문요양센터,10.0,,KOTSA,37.5981815118,126.9559911638,601.4811416901779,False
종로구,사직동,서울특별시 종로구 사직동,1111053000,37.57410804599584,126.97014369441912,1.1649098759923981,내부,True,1,137.53272473906668,233,광희빌딩,13.0,,KOTSA,37.5750306825,126.9711830474,137.53272473906668,False
종로구,삼청동,서울특별시 종로구 삼청동,1111054000,37.58801343786098,126.98111371535116,1.3604262034548136,내부,True,1,1284.5747383333382,353,풍문여자고등학교,18.0,,KOTSA,37.5765971514,126.9833452274,1284.5747383333382,True
종로구,숭인1동,서울특별시 종로구 숭인1동,1111070000,37.57722517676631,127.01686118953198,0.23694847522059304,내부,True,1,5.541324388678063,557,숭인 공영주차장(구),119.0,,공영,37.5771878,127.0168196,5.541324388678063,False
종로구,숭인2동,서울특별시 종로구 숭인2동,1111071000,37.57430674868888,127.02063762918092,0.3212220207637171,내부,True,1,189.38377933650028,554,동묘 공영주차장(구),23.0,,공영,37.573297,127.0189071,189.38377933650028,False
종로구,이화동,서울특별시 종로구 이화동,1111064000,37.57969000921074,127.00306925618813,0.7553330273387233,내부,True,2,45.231010378788056,231,아르코예술극장,30.0,,KOTSA,37.5811969624,127.0029752199,167.77055613721288,False
종로구,종로1234가동,서울특별시 종로구 종로1·2·3·4가동,1111061500,37.57507655259655,126.98973332075823,2.3923702388060493,내부,True,4,544.2798197795705,109,서인사마당(구),40.0,,공영,37.5734993,126.9838868,544.2798197795705,False
종로구,종로56가동,서울특별시 종로구 종로5·6가동,1111063000,37.5730159965488,127.00424098497233,0.6329863658380566,내부,True,1,389.0255531950849,637,청계6(북),28.0,24.0,시영,37.5698221,127.0080459,488.4456765865859,False
종로구,창신1동,서울특별시 종로구 창신1동,1111067000,37.5722626469465,127.01401911698252,0.31359491036283765,1km대체,True,0,445.8721867850471,554,동묘 공영주차장(구),23.0,,공영,37.573297,127.0189071,445.8721867850471,False
종로구,창신2동,서울특별시 종로구 창신2동,1111068000,37.5757548136863,127.01025166159512,0.24970546410319977,1km대체,True,0,209.8762779782969,552,창삼 공영주차장(구),21.0,,공영,37.5762901,127.0125354,209.8762779782969,False
종로구,창신3동,서울특별시 종로구 창신3동,1111069000,37.57881917356342,127.01320882226344,0.22022852015575545,내부,True,2,182.3271755522105,553,낙산 공영주차장(구),50.0,,공영,37.5773832,127.01221,182.3271755522105,False
종로구,청운효자동,서울특별시 종로구 청운효자동,1111051500,37.58465805959887,126.97041748796045,2.43648724054047,내부,True,1,707.1757237189044,519,누상 공영주차장(구),36.0,,공영,37.5802963,126.9645771,707.1757237189044,False
종로구,평창동,서울특별시 종로구 평창동,1111056000,37.61396501050034,126.96927401969062,9.010589589477792,내부,True,1,1137.3302251668356,515,비봉(구),40.0,,공영,37.6122978,126.9565347,1137.3302251668356,False
종로구,혜화동,서울특별시 종로구 혜화동,1111065000,37.58747147540306,126.997689108179,1.1638162876066431,1km대체,True,0,838.8955515924091,231,아르코예술극장,30.0,,KOTSA,37.5811969624,127.0029752199,838.8955515924091,False
중구,광희동,서울특별시 중구 광희동,1114059000,37.56520433899328,127.00362537964584,0.7521726642935983,1km대체,True,0,486.14431898020257,636,청계5(방산동),37.0,27.0,시영,37.5695228,127.0044859,486.14431898020257,False
중구,다산동,서울특별시 중구 다산동,1114062500,37.55470265694498,127.0082630810708,0.5462744947371768,내부,True,1,313.0767085860388,543,문화공영주차장(구),31.0,,공영,37.5565491,127.0109443,313.0767085860388,False
중구,동화동,서울특별시 중구 동화동,1114066500,37.56059412635044,127.0186710281711,0.34467335821566103,1km대체,True,0,559.1928823911717,414,신당역 공영주차장(구),29.0,,공영,37.5653531,127.0207217,559.1928823911717,False
중구,명동,서울특별시 중구 명동,1114055000,37.56372808973063,126.98435541919,1.0060965133690598,내부,True,2,408.22112934467896,194,소파길노상,21.0,12.0,시영,37.5566332,126.9840502,789.3754390035076,False
중구,소공동,서울특별시 중구 소공동,1114052000,37.5642967924413,126.97435863252048,0.9349575505271616,내부,True,2,293.11714254906803,415,서소문삼성생명뒤(구),24.0,,공영,37.5616627,126.9742301,293.11714254906803,False
중구,신당5동,서울특별시 중구 신당5동,1114065000,37.56358115885781,127.02201622764538,0.3154133834904738,내부,True,1,227.68449696654645,414,신당역 공영주차장(구),29.0,,공영,37.5653531,127.0207217,227.68449696654645,False
중구,신당동,서울특별시 중구 신당동,1114061500,37.56574751723653,127.0137747769244,0.5409454115657412,내부,True,1,283.85408939466913,639,청계8가,19.0,7.0,시영,37.5675489,127.0160567,283.85408939466913,False
중구,약수동,서울특별시 중구 약수동,1114063500,37.549837281161935,127.01023984062832,0.5115524741859677,내부,True,1,376.9540547411604,416,약수동 공영주차장(구),88.0,,공영,37.5521985,127.013308,376.9540547411604,False
중구,을지로동,서울특별시 중구 을지로동,1114060500,37.56664042726516,126.9964914199419,0.5990795640576598,내부,True,3,372.274997701276,603,돈화문로,49.0,15.0,시영,37.5652305,126.9926255,375.07559764878005,False
중구,장충동,서울특별시 중구 장충동,1114058000,37.55560997567427,127.00227980529615,1.0023286325577132,1km대체,True,0,770.8868359383517,543,문화공영주차장(구),31.0,,공영,37.5565491,127.0109443,770.8868359383517,False
중구,중림동,서울특별시 중구 중림동,1114068000,37.55731796360112,126.9659614349917,0.4919420549094918,1km대체,True,0,756.6554449344036,542,서소문올리브타워옆 공영주차장(구),16.0,,공영,37.5615205,126.9727128,756.6554449344036,False
중구,청구동,서울특별시 중구 청구동,1114064500,37.55685545929058,127.0149895950711,0.3298167262427041,1km대체,True,0,358.21604565522125,543,문화공영주차장(구),31.0,,공영,37.5565491,127.0109443,358.21604565522125,False
중구,필동,서울특별시 중구 필동,1114057000,37.55680278676147,126.99384827768316,1.4774120605323438,내부,True,1,366.8036882104836,595,남산한옥마을,16.0,13.0,시영,37.5600532,126.9931386,366.8036882104836,False
중구,황학동,서울특별시 중구 황학동,1114067000,37.56841910821237,127.02079795002598,0.31463978353478844,1km대체,True,0,340.9912621644471,414,신당역 공영주차장(구),29.0,,공영,37.5653531,127.0207217,340.9912621644471,False
중구,회현동,서울특별시 중구 회현동,1114054000,37.55696815989703,126.97670860333842,0.892306737841121,1km대체,True,0,565.8836780830047,415,서소문삼성생명뒤(구),24.0,,공영,37.5616627,126.9742301,565.8836780830047,False
중랑구,망우3동,서울특별시 중랑구 망우3동,1126066000,37.59180769592533,127.1029394660671,0.9904479873089062,내부,True,1,707.6177769396396,564,망우3동공영주차장(구),55.0,,공영,37.591895,127.094909,707.6177769396396,False
중랑구,망우본동,서울특별시 중랑구 망우본동,1126065500,37.6019869010745,127.10753599246983,2.9457279825382034,내부,True,6,354.8548831913987,566,망우역사문화공원 제3공영주차장(구),56.0,,공영,37.5996271,127.1115184,438.1122837202469,False
중랑구,면목2동,서울특별시 중랑구 면목2동,1126052000,37.5893778321792,127.07814383032355,0.7443617721188105,1km대체,True,0,652.9239672433401,485,중랑역제1공영주차장(구),152.0,,공영,37.5952425,127.0777767,652.9239672433401,False
중랑구,면목38동,서울특별시 중랑구 면목3·8동,1126057500,37.58459651615551,127.09738127960073,1.399904979489516,1km대체,True,0,696.1446591169557,427,동원시장공영주차장(구),26.0,,공영,37.5898756,127.0931343,696.1446591169557,False
중랑구,면목4동,서울특별시 중랑구 면목4동,1126054000,37.573477479797546,127.08647480564126,0.8485969515013705,1km대체,True,0,784.8774198266312,475,배나무터공원(구),94.0,,공영,37.5686253,127.080007,784.8774198266312,False
중랑구,면목5동,서울특별시 중랑구 면목5동,1126055000,37.58297243731308,127.07966564155608,0.5903494009619843,경계선상,True,0,1152.7491348353478,385,견인보관소(구),40.0,,공영,37.5890337,127.0690524,1152.7491348353478,False
중랑구,면목7동,서울특별시 중랑구 면목7동,1126057000,37.577294795890445,127.092691167975,1.1798335129115602,보류_대표점,False,0,1399.4683867416763,,,,,,,,,False
중랑구,면목본동,서울특별시 중랑구 면목본동,1126056500,37.5883406110723,127.08953054327564,0.8273112800792659,내부,True,1,360.4994248973504,427,동원시장공영주차장(구),26.0,,공영,37.5898756,127.0931343,360.4994248973504,False
중랑구,묵1동,서울특별시 중랑구 묵1동,1126062000,37.613736011779054,127.0824504745282,1.2067808787906795,1km대체,True,0,888.8556386315654,426,봉화산역(남) 공영주차장(구),86.0,,공영,37.6164222,127.091955,888.8556386315654,False
중랑구,묵2동,서울특별시 중랑구 묵2동,1126063000,37.610372175578654,127.07466565684354,0.6676709206530417,경계선상,True,0,1028.4940851287995,536,석계역 공영주차장(구),29.0,,공영,37.615714,127.0651334,1028.4940851287995,False
중랑구,상봉1동,서울특별시 중랑구 상봉1동,1126058000,37.60202535597752,127.08946841687924,0.8612842396545884,경계선상,True,0,1104.2787077707003,428,상봉2동공영주차장(구),83.0,,공영,37.5930143,127.0841998,1104.2787077707003,False
중랑구,상봉2동,서울특별시 중랑구 상봉2동,1126059000,37.59424490804898,127.08389767714446,0.6550862266441144,내부,True,1,139.40259879040178,428,상봉2동공영주차장(구),83.0,,공영,37.5930143,127.0841998,139.40259879040178,False
중랑구,신내1동,서울특별시 중랑구 신내1동,1126068000,37.612801747161896,127.1045066823183,2.4884800961564375,내부,True,1,791.013248592819,381,봉수대공영주차장(구),31.0,,공영,37.6163652,127.1122792,791.013248592819,False
중랑구,신내2동,서울특별시 중랑구 신내2동,1126069000,37.61095053508642,127.09161631947087,0.9343759293669643,내부,True,3,551.1988186442003,426,봉화산역(남) 공영주차장(구),86.0,,공영,37.6164222,127.091955,609.1531290588956,False
중랑구,중화1동,서울특별시 중랑구 중화1동,1126060000,37.60228731515067,127.08314920575124,0.6688252766969277,1km대체,True,0,785.018772399945,491,중화제4공영주차장(구),89.0,,공영,37.5958213,127.0795722,785.018772399945,False
중랑구,중화2동,서울특별시 중랑구 중화2동,1126061000,37.59872325493066,127.07520818914502,0.9571451257028771,내부,True,6,136.23448123810238,485,중랑역제1공영주차장(구),152.0,,공영,37.5952425,127.0777767,448.3414629385505,False
