cand_id,rank,name,seed,when,metric,value
411,1,마천동1(건축물식)(구),42,before,n_calls,1961.0
411,1,마천동1(건축물식)(구),42,before,n_boarded,1777.0
411,1,마천동1(건축물식)(구),42,before,wait_mean,18.463478088378906
411,1,마천동1(건축물식)(구),42,before,wait_p50,11.808358192443848
411,1,마천동1(건축물식)(구),42,before,wait_p90,38.75649642944336
411,1,마천동1(건축물식)(구),42,before,n_abandoned,45.0
411,1,마천동1(건축물식)(구),42,before,n_immediate,61.0
411,1,마천동1(건축물식)(구),42,before,n_over60,67.0
411,1,마천동1(건축물식)(구),42,before,max_wait,144.76441955566406
411,1,마천동1(건축물식)(구),42,before,pickup_mean,13.04364729504364
411,1,마천동1(건축물식)(구),42,after,n_calls,1961.0
411,1,마천동1(건축물식)(구),42,after,n_boarded,1784.0
411,1,마천동1(건축물식)(구),42,after,wait_mean,16.220542907714844
411,1,마천동1(건축물식)(구),42,after,wait_p50,10.07856273651123
411,1,마천동1(건축물식)(구),42,after,wait_p90,35.5520133972168
411,1,마천동1(건축물식)(구),42,after,n_abandoned,37.0
411,1,마천동1(건축물식)(구),42,after,n_immediate,61.0
411,1,마천동1(건축물식)(구),42,after,n_over60,45.0
411,1,마천동1(건축물식)(구),42,after,max_wait,190.9002685546875
411,1,마천동1(건축물식)(구),42,after,pickup_mean,11.771042330247973
240,122,구립서대문노인전문요양센터,42,before,n_calls,3426.0
240,122,구립서대문노인전문요양센터,42,before,n_boarded,3169.0
240,122,구립서대문노인전문요양센터,42,before,wait_mean,18.145605087280273
240,122,구립서대문노인전문요양센터,42,before,wait_p50,12.87876033782959
240,122,구립서대문노인전문요양센터,42,before,wait_p90,37.31980895996094
240,122,구립서대문노인전문요양센터,42,before,n_abandoned,39.0
240,122,구립서대문노인전문요양센터,42,before,n_immediate,110.0
240,122,구립서대문노인전문요양센터,42,before,n_over60,26.0
240,122,구립서대문노인전문요양센터,42,before,max_wait,139.60824584960938
240,122,구립서대문노인전문요양센터,42,before,pickup_mean,13.351211737931317
240,122,구립서대문노인전문요양센터,42,after,n_calls,3426.0
240,122,구립서대문노인전문요양센터,42,after,n_boarded,3169.0
240,122,구립서대문노인전문요양센터,42,after,wait_mean,17.3215274810791
240,122,구립서대문노인전문요양센터,42,after,wait_p50,12.036108016967773
240,122,구립서대문노인전문요양센터,42,after,wait_p90,35.91130828857422
240,122,구립서대문노인전문요양센터,42,after,n_abandoned,39.0
240,122,구립서대문노인전문요양센터,42,after,n_immediate,110.0
240,122,구립서대문노인전문요양센터,42,after,n_over60,28.0
240,122,구립서대문노인전문요양센터,42,after,max_wait,109.7157211303711
240,122,구립서대문노인전문요양센터,42,after,pickup_mean,12.942621886974262
598,244,당산노외,42,before,n_calls,6148.0
598,244,당산노외,42,before,n_boarded,5632.0
598,244,당산노외,42,before,wait_mean,15.26431655883789
598,244,당산노외,42,before,wait_p50,10.02033805847168
598,244,당산노외,42,before,wait_p90,31.59688949584961
598,244,당산노외,42,before,n_abandoned,64.0
598,244,당산노외,42,before,n_immediate,220.0
598,244,당산노외,42,before,n_over60,32.0
598,244,당산노외,42,before,max_wait,209.3829345703125
598,244,당산노외,42,before,pickup_mean,12.166860713750173
598,244,당산노외,42,after,n_calls,6148.0
598,244,당산노외,42,after,n_boarded,5642.0
598,244,당산노외,42,after,wait_mean,14.688514709472656
598,244,당산노외,42,after,wait_p50,9.616789817810059
598,244,당산노외,42,after,wait_p90,30.373546600341797
598,244,당산노외,42,after,n_abandoned,54.0
598,244,당산노외,42,after,n_immediate,219.0
598,244,당산노외,42,after,n_over60,37.0
598,244,당산노외,42,after,max_wait,173.3592987060547
598,244,당산노외,42,after,pickup_mean,11.89853781383562
411,1,마천동1(건축물식)(구),43,before,n_calls,1961.0
411,1,마천동1(건축물식)(구),43,before,n_boarded,1789.0
411,1,마천동1(건축물식)(구),43,before,wait_mean,18.896869659423828
411,1,마천동1(건축물식)(구),43,before,wait_p50,12.59776496887207
411,1,마천동1(건축물식)(구),43,before,wait_p90,38.976646423339844
411,1,마천동1(건축물식)(구),43,before,n_abandoned,49.0
411,1,마천동1(건축물식)(구),43,before,n_immediate,54.0
411,1,마천동1(건축물식)(구),43,before,n_over60,70.0
411,1,마천동1(건축물식)(구),43,before,max_wait,197.66604614257812
411,1,마천동1(건축물식)(구),43,before,pickup_mean,13.275286762057052
411,1,마천동1(건축물식)(구),43,after,n_calls,1961.0
411,1,마천동1(건축물식)(구),43,after,n_boarded,1799.0
411,1,마천동1(건축물식)(구),43,after,wait_mean,16.77090835571289
411,1,마천동1(건축물식)(구),43,after,wait_p50,10.27959156036377
411,1,마천동1(건축물식)(구),43,after,wait_p90,35.4632682800293
411,1,마천동1(건축물식)(구),43,after,n_abandoned,38.0
411,1,마천동1(건축물식)(구),43,after,n_immediate,54.0
411,1,마천동1(건축물식)(구),43,after,n_over60,52.0
411,1,마천동1(건축물식)(구),43,after,max_wait,235.5449981689453
411,1,마천동1(건축물식)(구),43,after,pickup_mean,12.070701095114211
240,122,구립서대문노인전문요양센터,43,before,n_calls,3426.0
240,122,구립서대문노인전문요양센터,43,before,n_boarded,3124.0
240,122,구립서대문노인전문요양센터,43,before,wait_mean,18.525617599487305
240,122,구립서대문노인전문요양센터,43,before,wait_p50,12.706500053405762
240,122,구립서대문노인전문요양센터,43,before,wait_p90,38.85573196411133
240,122,구립서대문노인전문요양센터,43,before,n_abandoned,58.0
240,122,구립서대문노인전문요양센터,43,before,n_immediate,122.0
240,122,구립서대문노인전문요양센터,43,before,n_over60,42.0
240,122,구립서대문노인전문요양센터,43,before,max_wait,219.67779541015625
240,122,구립서대문노인전문요양센터,43,before,pickup_mean,13.37494138913441
240,122,구립서대문노인전문요양센터,43,after,n_calls,3426.0
240,122,구립서대문노인전문요양센터,43,after,n_boarded,3127.0
240,122,구립서대문노인전문요양센터,43,after,wait_mean,17.570037841796875
240,122,구립서대문노인전문요양센터,43,after,wait_p50,12.034645080566406
240,122,구립서대문노인전문요양센터,43,after,wait_p90,36.836734771728516
240,122,구립서대문노인전문요양센터,43,after,n_abandoned,55.0
240,122,구립서대문노인전문요양센터,43,after,n_immediate,122.0
240,122,구립서대문노인전문요양센터,43,after,n_over60,32.0
240,122,구립서대문노인전문요양센터,43,after,max_wait,226.3304901123047
240,122,구립서대문노인전문요양센터,43,after,pickup_mean,12.934771582802155
598,244,당산노외,43,before,n_calls,6148.0
598,244,당산노외,43,before,n_boarded,5651.0
598,244,당산노외,43,before,wait_mean,15.512772560119629
598,244,당산노외,43,before,wait_p50,9.921039581298828
598,244,당산노외,43,before,wait_p90,31.99510383605957
598,244,당산노외,43,before,n_abandoned,73.0
598,244,당산노외,43,before,n_immediate,200.0
598,244,당산노외,43,before,n_over60,52.0
598,244,당산노외,43,before,max_wait,223.08721923828125
598,244,당산노외,43,before,pickup_mean,12.064429849000838
598,244,당산노외,43,after,n_calls,6148.0
598,244,당산노외,43,after,n_boarded,5661.0
598,244,당산노외,43,after,wait_mean,15.136812210083008
598,244,당산노외,43,after,wait_p50,9.703499794006348
598,244,당산노외,43,after,wait_p90,31.675315856933594
598,244,당산노외,43,after,n_abandoned,63.0
598,244,당산노외,43,after,n_immediate,200.0
598,244,당산노외,43,after,n_over60,44.0
598,244,당산노외,43,after,max_wait,227.89964294433594
598,244,당산노외,43,after,pickup_mean,12.063850369897219
411,1,마천동1(건축물식)(구),44,before,n_calls,1961.0
411,1,마천동1(건축물식)(구),44,before,n_boarded,1792.0
411,1,마천동1(건축물식)(구),44,before,wait_mean,18.640432357788086
411,1,마천동1(건축물식)(구),44,before,wait_p50,12.60101318359375
411,1,마천동1(건축물식)(구),44,before,wait_p90,39.732852935791016
411,1,마천동1(건축물식)(구),44,before,n_abandoned,41.0
411,1,마천동1(건축물식)(구),44,before,n_immediate,64.0
411,1,마천동1(건축물식)(구),44,before,n_over60,62.0
411,1,마천동1(건축물식)(구),44,before,max_wait,147.64468383789062
411,1,마천동1(건축물식)(구),44,before,pickup_mean,13.192681690011208
411,1,마천동1(건축물식)(구),44,after,n_calls,1961.0
411,1,마천동1(건축물식)(구),44,after,n_boarded,1800.0
411,1,마천동1(건축물식)(구),44,after,wait_mean,16.85628890991211
411,1,마천동1(건축물식)(구),44,after,wait_p50,10.550477981567383
411,1,마천동1(건축물식)(구),44,after,wait_p90,36.290069580078125
411,1,마천동1(건축물식)(구),44,after,n_abandoned,33.0
411,1,마천동1(건축물식)(구),44,after,n_immediate,63.0
411,1,마천동1(건축물식)(구),44,after,n_over60,48.0
411,1,마천동1(건축물식)(구),44,after,max_wait,147.64468383789062
411,1,마천동1(건축물식)(구),44,after,pickup_mean,12.286675069728787
240,122,구립서대문노인전문요양센터,44,before,n_calls,3426.0
240,122,구립서대문노인전문요양센터,44,before,n_boarded,3140.0
240,122,구립서대문노인전문요양센터,44,before,wait_mean,17.648944854736328
240,122,구립서대문노인전문요양센터,44,before,wait_p50,12.675682067871094
240,122,구립서대문노인전문요양센터,44,before,wait_p90,36.165645599365234
240,122,구립서대문노인전문요양센터,44,before,n_abandoned,54.0
240,122,구립서대문노인전문요양센터,44,before,n_immediate,118.0
240,122,구립서대문노인전문요양센터,44,before,n_over60,16.0
240,122,구립서대문노인전문요양센터,44,before,max_wait,137.67160034179688
240,122,구립서대문노인전문요양센터,44,before,pickup_mean,13.321453699412109
240,122,구립서대문노인전문요양센터,44,after,n_calls,3426.0
240,122,구립서대문노인전문요양센터,44,after,n_boarded,3145.0
240,122,구립서대문노인전문요양센터,44,after,wait_mean,17.004560470581055
240,122,구립서대문노인전문요양센터,44,after,wait_p50,12.034645080566406
240,122,구립서대문노인전문요양센터,44,after,wait_p90,34.95714569091797
240,122,구립서대문노인전문요양센터,44,after,n_abandoned,48.0
240,122,구립서대문노인전문요양센터,44,after,n_immediate,119.0
240,122,구립서대문노인전문요양센터,44,after,n_over60,17.0
240,122,구립서대문노인전문요양센터,44,after,max_wait,155.50079345703125
240,122,구립서대문노인전문요양센터,44,after,pickup_mean,13.005707743588024
598,244,당산노외,44,before,n_calls,6148.0
598,244,당산노외,44,before,n_boarded,5626.0
598,244,당산노외,44,before,wait_mean,15.092280387878418
598,244,당산노외,44,before,wait_p50,9.859341621398926
598,244,당산노외,44,before,wait_p90,31.176605224609375
598,244,당산노외,44,before,n_abandoned,62.0
598,244,당산노외,44,before,n_immediate,214.0
598,244,당산노외,44,before,n_over60,17.0
598,244,당산노외,44,before,max_wait,100.8920669555664
598,244,당산노외,44,before,pickup_mean,12.281280879358734
598,244,당산노외,44,after,n_calls,6148.0
598,244,당산노외,44,after,n_boarded,5629.0
598,244,당산노외,44,after,wait_mean,14.536751747131348
598,244,당산노외,44,after,wait_p50,9.497793197631836
598,244,당산노외,44,after,wait_p90,30.241390228271484
598,244,당산노외,44,after,n_abandoned,57.0
598,244,당산노외,44,after,n_immediate,215.0
598,244,당산노외,44,after,n_over60,13.0
598,244,당산노외,44,after,max_wait,120.01236724853516
598,244,당산노외,44,after,pickup_mean,12.009139941246705
