timeline,survival,cum_abandon,n_at_risk
0.0,1.0,0.0,1478844
0.5,1.0,0.0,1478844
1.0,1.0,0.0,1478844
1.5,0.9937355750879419,0.006264424912058142,1430092
2.0,0.9905429187702411,0.009457081229758857,1362140
2.5,0.988278675637062,0.011721324362938046,1298304
3.0,0.9863590450411488,0.013640954958851204,1246463
3.5,0.9846172649840222,0.015382735015977755,1203084
4.0,0.9829915642649483,0.01700843573505173,1165393
4.5,0.9814891635802194,0.018510836419780574,1131435
5.0,0.9800560488517482,0.01994395114825176,1100306
5.5,0.9786184473461628,0.021381552653837232,1070782
6.0,0.9772679833505133,0.022732016649486653,1043148
6.5,0.9760016087512419,0.023998391248758133,1016462
7.0,0.9746789638884233,0.025321036111576656,990583
7.5,0.9733614696481573,0.026638530351842715,965264
8.0,0.9720181844056811,0.027981815594318893,939515
8.5,0.970694668824793,0.02930533117520695,912089
9.0,0.9692948414867347,0.030705158513265274,869416
9.5,0.9679664217076704,0.032033578292329556,811797
10.0,0.9666344027898978,0.03336559721010224,765270
10.5,0.9653988298169217,0.03460117018307829,737745
11.0,0.9640438532615827,0.035956146738417294,718189
11.5,0.9626817997840192,0.03731820021598076,701542
12.0,0.9613454488593738,0.038654551140626214,686253
12.5,0.9600224183473565,0.039977581652643535,671995
13.0,0.9588113865183336,0.04118861348166636,658746
13.5,0.9574708269932858,0.042529173006714216,646146
14.0,0.9562090169418922,0.0437909830581078,633807
14.5,0.954823680395319,0.04517631960468105,621867
15.0,0.9534424628257324,0.04655753717426758,610343
15.5,0.9520559844763941,0.04794401552360594,599323
16.0,0.9507360054033124,0.04926399459668762,588386
16.5,0.9493651877547137,0.05063481224528632,577428
17.0,0.9480252977958776,0.05197470220412237,566764
17.5,0.9466752902554919,0.05332470974450809,556219
18.0,0.9452954347124801,0.05470456528751988,546229
18.5,0.9439361832661761,0.05606381673382388,536664
19.0,0.9425086126859888,0.057491387314011155,527421
19.5,0.9410777978340674,0.05892220216593258,518621
20.0,0.939552710459165,0.060447289540835,509942
20.5,0.9381528419832184,0.061847158016781645,501651
21.0,0.9367167025970398,0.06328329740296024,493486
21.5,0.9353301568137927,0.06466984318620728,485368
22.0,0.9339461267812404,0.06605387321875955,477720
22.5,0.9324358000119604,0.06756419998803964,470182
23.0,0.9310289937032986,0.06897100629670139,462707
23.5,0.9295313540641711,0.07046864593582891,455408
24.0,0.9280331254923103,0.07196687450768968,448295
24.5,0.9266050841205964,0.07339491587940361,441301
25.0,0.9252306094806543,0.07476939051934572,434387
25.5,0.9237395382477601,0.07626046175223988,427591
26.0,0.9221820518978842,0.07781794810211584,420859
26.5,0.9207566532735605,0.07924334672643951,414281
27.0,0.9192766917372085,0.0807233082627915,407800
27.5,0.9177810969950149,0.08221890300498513,401539
28.0,0.9163198630724473,0.08368013692755272,395277
28.5,0.9149026192768155,0.08509738072318451,389089
29.0,0.9133992618096046,0.08660073819039538,383086
29.5,0.9119701315167748,0.08802986848322525,376993
30.0,0.9104571760473672,0.0895428239526328,371124
30.5,0.9086898717903387,0.09131012820966133,365175
31.0,0.9066770676162474,0.09332293238375255,359202
31.5,0.9047599166926822,0.09524008330731781,353315
32.0,0.9030502468869217,0.0969497531130783,347613
32.5,0.901440727765954,0.09855927223404604,342142
33.0,0.8996972196101273,0.10030278038987273,336613
33.5,0.8981654797219564,0.10183452027804363,331256
34.0,0.8967128786863826,0.10328712131361739,326092
34.5,0.8951751006233309,0.10482489937666906,320739
35.0,0.8936084430003164,0.10639155699968361,315437
35.5,0.8921131862883058,0.10788681371169417,310359
36.0,0.8906165860298687,0.1093834139701313,305420
36.5,0.8891300656201413,0.1108699343798587,300446
37.0,0.8875588957145777,0.11244110428542231,295582
37.5,0.8861486993494572,0.11385130065054283,290718
38.0,0.8845667378652757,0.11543326213472427,285995
38.5,0.8829989594520163,0.11700104054798366,281218
39.0,0.8814237519493033,0.11857624805069666,276647
39.5,0.8799436805787905,0.12005631942120953,272049
40.0,0.8783760976442357,0.12162390235576426,267594
40.5,0.8768906886622145,0.12310931133778547,263127
41.0,0.8753961020095392,0.12460389799046079,258682
41.5,0.8738884886016611,0.12611151139833887,254368
42.0,0.8723279407930268,0.12767205920697322,250099
42.5,0.8709993852705752,0.1290006147294248,245912
43.0,0.8694639520018851,0.1305360479981149,241682
43.5,0.8680355086763439,0.13196449132365606,237678
44.0,0.8666774001172679,0.1333225998827321,233670
44.5,0.8652007468051959,0.13479925319480413,229753
45.0,0.8637547883152997,0.13624521168470027,225850
45.5,0.8622394703039034,0.13776052969609665,221952
46.0,0.8607554077152663,0.13924459228473374,218043
46.5,0.8592714899656785,0.14072851003432152,214174
47.0,0.8576499932535689,0.14235000674643106,210466
47.5,0.8561548543540821,0.14384514564591788,206802
48.0,0.8546523933434088,0.1453476066565912,203159
48.5,0.8532360325512587,0.14676396744874132,199600
49.0,0.8519091303608867,0.14809086963911333,196228
49.5,0.85036386903349,0.14963613096650996,192640
50.0,0.849051109220516,0.15094889077948404,189275
50.5,0.8475999750565452,0.15240002494345484,185960
51.0,0.846220098698309,0.15377990130169095,182542
51.5,0.8447054862942454,0.15529451370575464,179204
52.0,0.8431558275275932,0.15684417247240678,175870
52.5,0.8416673311106844,0.15833266888931563,172666
53.0,0.8403099441542524,0.15969005584574758,169477
53.5,0.8388401501217507,0.16115984987824927,166374
54.0,0.8372238231563384,0.16277617684366164,163302
54.5,0.8357817366795232,0.16421826332047684,160307
55.0,0.8342844660569773,0.16571553394302274,157369
55.5,0.8326848461397144,0.16731515386028561,154405
56.0,0.831384939854381,0.168615060145619,151518
56.5,0.8299290419693689,0.1700709580306311,148690
57.0,0.8282902919654366,0.17170970803456342,145866
57.5,0.8268628970824636,0.17313710291753637,143067
58.0,0.825580281668856,0.174419718331144,140317
58.5,0.8241434720882242,0.17585652791177575,137466
59.0,0.8226360055938866,0.1773639944061134,134568
59.5,0.8211974165321381,0.17880258346786193,131775
60.0,0.8198826757601063,0.18011732423989368,129093
60.5,0.8181760216083214,0.18182397839167863,126297
61.0,0.816212915435759,0.18378708456424098,123371
61.5,0.8141875057040875,0.1858124942959125,120573
62.0,0.8124140349108642,0.18758596508913583,117899
62.5,0.8107641636378025,0.18923583636219754,115169
63.0,0.8090757351350902,0.19092426486490977,112516
63.5,0.8076284445532587,0.19237155544674134,109941
64.0,0.8061570955852255,0.19384290441477448,107373
64.5,0.804736256630648,0.19526374336935204,104837
65.0,0.803129743306264,0.19687025669373603,102355
65.5,0.8015505616845905,0.1984494383154095,99858
66.0,0.799999997973719,0.200000002026281,97441
66.5,0.79869513195528,0.20130486804472003,94965
67.0,0.7974363143469504,0.2025636856530496,92628
67.5,0.7961369180673346,0.20386308193266545,90287
68.0,0.7947533587255443,0.2052466412744557,88003
68.5,0.7933914862328632,0.20660851376713685,85701
69.0,0.7920224864879609,0.20797751351203908,83339
69.5,0.7906374103683955,0.20936258963160448,81092
70.0,0.7891752901455243,0.21082470985447566,78916
70.5,0.7877665035201502,0.2122334964798498,76692
71.0,0.7864121590015355,0.2135878409984645,74581
71.5,0.7852795773429987,0.2147204226570013,72575
72.0,0.7837559373055347,0.21624406269446528,70536
72.5,0.7825180287620969,0.21748197123790314,68611
73.0,0.7813732870235872,0.21862671297641278,66758
73.5,0.7801626856476774,0.21983731435232257,64877
74.0,0.7789786729027339,0.22102132709726607,62959
74.5,0.7777006604895244,0.22229933951047565,61220
75.0,0.776464289834477,0.22353571016552298,59474
75.5,0.7752475259261907,0.22475247407380927,57782
76.0,0.7739284776871943,0.2260715223128057,56137
76.5,0.7724467677924194,0.2275532322075806,54525
77.0,0.7714995825696546,0.22850041743034544,53086
77.5,0.7704510612724882,0.2295489387275118,51491
78.0,0.7691002039655136,0.2308997960344864,50030
78.5,0.7679466849593265,0.2320533150406735,48572
79.0,0.7663273478499877,0.23367265215001232,47169
79.5,0.7648762304495033,0.23512376955049674,45801
80.0,0.763878341497532,0.23612165850246802,44534
80.5,0.7627822065645641,0.23721779343543592,43301
81.0,0.7615836934088707,0.23841630659112933,42078
81.5,0.7603734375326645,0.2396265624673355,40878
82.0,0.759052416636199,0.24094758336380095,39694
82.5,0.7579879698000643,0.24201203019993567,38642
83.0,0.7568533519590716,0.24314664804092845,37552
83.5,0.7553387299019835,0.24466127009801653,36476
84.0,0.754182897047372,0.24581710295262804,35408
84.5,0.7526323224706981,0.2473676775293019,34408
85.0,0.7509914124189647,0.24900858758103528,33439
85.5,0.7496476810662439,0.2503523189337561,32508
86.0,0.7483403774087526,0.2516596225912474,31568
86.5,0.7468026754053412,0.2531973245946588,30704
87.0,0.7455190934522032,0.25448090654779676,29847
87.5,0.744327869591446,0.25567213040855397,29029
88.0,0.7431314674224433,0.2568685325775567,28271
88.5,0.7420634817552624,0.2579365182447376,27462
89.0,0.7411587169869533,0.25884128301304665,26769
89.5,0.7400660253889353,0.2599339746110647,26009
90.0,0.7385392574354654,0.26146074256453455,25295
90.5,0.7371218348731525,0.2628781651268475,24630
91.0,0.7353045391791811,0.26469546082081885,23923
91.5,0.7335019135528779,0.26649808644712214,23306
92.0,0.7323547059004792,0.26764529409952076,22693
92.5,0.7311119430115851,0.2688880569884149,22077
93.0,0.7296683637623383,0.27033163623766165,21454
93.5,0.7284972054818714,0.27150279451812864,20819
94.0,0.7272576188960715,0.27274238110392846,20306
94.5,0.7258770329488021,0.2741229670511979,19694
95.0,0.7247949950760245,0.2752050049239755,19171
95.5,0.7237253955970862,0.27627460440291385,18715
96.0,0.7222341291778802,0.2777658708221198,18168
96.5,0.7209026389958519,0.27909736100414806,17678
97.0,0.7195390033580874,0.2804609966419126,17169
97.5,0.718517839608223,0.281482160391777,16726
98.0,0.7174310367310404,0.28256896326895964,16308
98.5,0.7164983157902297,0.2835016842097703,15964
99.0,0.7154014381388728,0.2845985618611272,15514
99.5,0.7142304009981713,0.28576959900182874,15062
100.0,0.712692133449525,0.287307866550475,14669
100.5,0.7117558597615566,0.28824414023844336,14280
101.0,0.7107922352022448,0.28920776479775523,13855
101.5,0.7094402611575056,0.2905597388424944,13504
102.0,0.7082156679140676,0.29178433208593235,13119
102.5,0.7071774089635188,0.29282259103648123,12786
103.0,0.7058901264638354,0.2941098735361646,12464
103.5,0.7048603605207286,0.29513963947927135,12176
104.0,0.7040958601013768,0.2959041398986232,11855
104.5,0.7030140439658262,0.29698595603417377,11596
105.0,0.7021522693984492,0.2978477306015508,11264
105.5,0.7004446042868091,0.2995553957131909,10994
106.0,0.6994788274638045,0.3005211725361955,10783
106.5,0.698489338212214,0.30151066178778596,10475
107.0,0.6974781231966225,0.3025218768033775,10203
107.5,0.6965755962164172,0.3034244037835828,9951
108.0,0.6957222575308653,0.30427774246913475,9724
108.5,0.6944160803802478,0.3055839196197522,9477
109.0,0.6933030959667599,0.3066969040332401,9231
109.5,0.6923143984005373,0.3076856015994627,9040
110.0,0.6913821577579425,0.30861784224205746,8836
110.5,0.6902691379054209,0.3097308620945791,8604
111.0,0.6890501052828861,0.3109498947171139,8413
111.5,0.6880519979077311,0.3119480020922689,8186
112.0,0.6869483275405105,0.3130516724594895,8002
112.5,0.686513449985666,0.313486550014334,7835
113.0,0.685003299101754,0.31499670089824605,7634
113.5,0.6838218595581067,0.3161781404418933,7439
114.0,0.6825208631119525,0.3174791368880475,7265
114.5,0.6814764599311314,0.3185235400688686,7075
115.0,0.6803045840533669,0.3196954159466331,6887
115.5,0.6795038070700498,0.32049619292995024,6730
116.0,0.6783846656506253,0.3216153343493747,6612
116.5,0.6775445977027144,0.32245540229728564,6388
117.0,0.6760417042844178,0.3239582957155822,6243
117.5,0.6753834188549604,0.32461658114503955,6107
118.0,0.674591877945942,0.325408122054058,5927
118.5,0.6730947852136845,0.3269052147863155,5775
119.0,0.6721460783743985,0.32785392162560145,5635
119.5,0.6713006747288656,0.32869932527113443,5510
120.0,0.6700690823638062,0.32993091763619375,5401
120.5,0.6689371232821703,0.33106287671782975,5283
121.0,0.6672804634661303,0.33271953653386965,5195
121.5,0.6657075198660084,0.3342924801339916,5036
122.0,0.6643708876401302,0.3356291123598698,4920
122.5,0.6625844735663864,0.3374155264336136,4792
123.0,0.6617475257987343,0.3382524742012657,4684
123.5,0.6608871346840633,0.33911286531593665,4582
124.0,0.6598630493375763,0.34013695066242366,4464
124.5,0.6594107329318607,0.3405892670681393,4345
125.0,0.6584913870775945,0.34150861292240553,4234
125.5,0.6561312107977315,0.3438687892022685,4123
126.0,0.6551696495867902,0.34483035041320975,4039
126.5,0.6540195869781279,0.3459804130218721,3940
127.0,0.6526790863223245,0.3473209136776755,3869
127.5,0.6519983139789979,0.3480016860210021,3808
128.0,0.6506069016502991,0.3493930983497009,3696
128.5,0.6495294935587953,0.3504705064412047,3590
129.0,0.6486158155326683,0.35138418446733166,3513
129.5,0.6473043951080469,0.35269560489195306,3447
130.0,0.6461559662269096,0.35384403377309037,3348
130.5,0.6449875769467784,0.35501242305322156,3278
131.0,0.643995322924483,0.356004677075517,3219
131.5,0.6431839969744325,0.3568160030255675,3128
132.0,0.6425616942735944,0.35743830572640556,3096
132.5,0.6408662262151933,0.3591337737848067,3000
133.0,0.6404302246487762,0.3595697753512238,2912
133.5,0.6393188935301404,0.3606811064698596,2872
134.0,0.6386400080685604,0.36135999193143964,2797
134.5,0.6372565354477644,0.3627434645522356,2747
135.0,0.6365496814373565,0.36345031856264354,2691
135.5,0.6353495167488898,0.36465048325111016,2634
136.0,0.6346187503211068,0.3653812496788932,2594
136.5,0.6331266888112923,0.3668733111887077,2541
137.0,0.6321057133972502,0.3678942866027498,2471
137.5,0.6313261405727438,0.36867385942725617,2404
138.0,0.630264951015169,0.369735048984831,2365
138.5,0.630264951015169,0.369735048984831,2365
139.0,0.6286096736824184,0.3713903263175816,2255
139.5,0.6283302916052261,0.37166970839477387,2250
140.0,0.6277540731373863,0.3722459268626137,2164
140.5,0.6271594635146371,0.37284053648536286,2105
141.0,0.626254165388378,0.37374583461162203,2068
141.5,0.6253328465114393,0.3746671534885607,2017
142.0,0.6237534613567716,0.37624653864322843,1963
142.5,0.6227870591560669,0.3772129408439331,1929
143.0,0.622129701468713,0.37787029853128695,1876
143.5,0.6211291244581659,0.3788708755418341,1856
144.0,0.6200984822903849,0.3799015177096151,1803
144.5,0.618703202944409,0.38129679705559105,1765
145.0,0.6183478306279561,0.38165216937204394,1741
145.5,0.6176239729652727,0.3823760270347273,1702
146.0,0.6165241061203858,0.3834758938796142,1676
146.5,0.615772930108153,0.38422706989184696,1637
147.0,0.6150108086159606,0.3849891913840394,1606
147.5,0.6134669945102371,0.3865330054897629,1584
148.0,0.6130729887334162,0.3869270112665838,1557
148.5,0.6122590836522372,0.38774091634776275,1504
149.0,0.611436702994476,0.38856329700552406,1485
149.5,0.6110144400780433,0.3889855599219567,1448
150.0,0.6093040544160855,0.3906959455839145,1421
150.5,0.6075810059780289,0.3924189940219711,1404
151.0,0.6044931590200368,0.39550684097996325,1359
151.5,0.6013267177771366,0.39867328222286336,1321
152.0,0.6004040643365357,0.3995959356634643,1297
152.5,0.5975997345421151,0.4024002654578849,1267
153.0,0.595688155250023,0.40431184474997695,1243
153.5,0.5942204272292246,0.40577957277077537,1205
154.0,0.5922187996661873,0.4077812003338127,1179
154.5,0.5917130620063528,0.40828693799364724,1171
155.0,0.5906781076687192,0.4093218923312808,1136
155.5,0.590152593338053,0.40984740666194697,1124
156.0,0.590152593338053,0.40984740666194697,1124
156.5,0.590152593338053,0.40984740666194697,1124
157.0,0.588480743060365,0.411519256939635,1052
157.5,0.5873523023585109,0.4126476976414891,1041
158.0,0.5867775936477883,0.41322240635221175,1022
158.5,0.5844495425144276,0.4155504574855724,995
159.0,0.5844495425144276,0.4155504574855724,995
159.5,0.5844495425144276,0.4155504574855724,995
160.0,0.5838284484203634,0.4161715515796366,941
160.5,0.5831952288450701,0.41680477115492987,922
161.0,0.5806295722885833,0.41937042771141675,902
161.5,0.5786715923339765,0.42132840766602353,882
162.0,0.576661496748716,0.42333850325128397,858
162.5,0.5746165978240753,0.42538340217592474,844
163.0,0.5746165978240753,0.42538340217592474,844
163.5,0.5718066691364884,0.42819333086351163,810
164.0,0.571090119425791,0.428909880574209,798
164.5,0.5703672205404419,0.42963277945955813,790
165.0,0.5696226158138878,0.43037738418611216,766
165.5,0.568866144876552,0.43113385512344804,753
166.0,0.568094277651482,0.431905722348518,737
166.5,0.5672997402002212,0.4327002597997788,715
167.0,0.5672997402002212,0.4327002597997788,715
167.5,0.5672997402002212,0.4327002597997788,715
168.0,0.5672997402002212,0.4327002597997788,715
168.5,0.5672997402002212,0.4327002597997788,715
169.0,0.5664401951393119,0.4335598048606881,660
169.5,0.5655592617098573,0.43444073829014274,643
170.0,0.5655592617098573,0.43444073829014274,643
170.5,0.5618822983923841,0.4381177016076159,611
171.0,0.560947386082247,0.43905261391775297,601
171.5,0.5600014377077407,0.4399985622922593,593
172.0,0.5600014377077407,0.4399985622922593,593
172.5,0.5580278597548377,0.4419721402451623,566
173.0,0.5560365809425716,0.4439634190574284,556
173.5,0.5539923149657151,0.4460076850342849,542
174.0,0.5529410961517384,0.44705890384826164,527
174.5,0.5508245072416136,0.4491754927583864,519
175.0,0.5497402070305081,0.4502597929694919,508
175.5,0.5475477469232634,0.45245225307673664,498
176.0,0.5464348449986226,0.4535651550013774,492
176.5,0.5441625698050045,0.45583743019499545,476
177.0,0.5430169643948888,0.4569830356051112,475
177.5,0.5430169643948888,0.4569830356051112,475
178.0,0.5430169643948888,0.4569830356051112,475
178.5,0.5430169643948888,0.4569830356051112,475
179.0,0.5430169643948888,0.4569830356051112,475
179.5,0.5430169643948888,0.4569830356051112,475
180.0,0.5430169643948888,0.4569830356051112,475
180.5,0.5417332363466739,0.4582667636533261,423
181.0,0.5404403169281854,0.4595596830718146,419
181.5,0.5391285685861267,0.4608714314138733,412
182.0,0.5350612871190247,0.4649387128809753,394
182.5,0.5350612871190247,0.4649387128809753,394
183.0,0.5350612871190247,0.4649387128809753,394
183.5,0.533599371034,0.466400628966,366
184.0,0.533599371034,0.466400628966,366
184.5,0.5321046949246611,0.46789530507533894,357
185.0,0.5321046949246611,0.46789530507533894,357
185.5,0.5321046949246611,0.46789530507533894,357
186.0,0.5305488332435948,0.4694511667564052,342
186.5,0.5289791621393238,0.47102083786067617,338
187.0,0.5289791621393238,0.47102083786067617,338
187.5,0.5273209202517397,0.4726790797482603,319
188.0,0.5273209202517397,0.4726790797482603,319
188.5,0.5273209202517397,0.4726790797482603,319
189.0,0.5238908722454334,0.4761091277545666,304
189.5,0.5238908722454334,0.4761091277545666,304
190.0,0.5238908722454334,0.4761091277545666,304
190.5,0.5238908722454334,0.4761091277545666,304
191.0,0.5238908722454334,0.4761091277545666,304
191.5,0.5220063727049822,0.4779936272950178,278
192.0,0.5220063727049822,0.4779936272950178,278
192.5,0.5220063727049822,0.4779936272950178,278
193.0,0.5220063727049822,0.4779936272950178,278
193.5,0.5220063727049822,0.4779936272950178,278
194.0,0.5220063727049822,0.4779936272950178,278
194.5,0.520006348288488,0.479993651711512,261
195.0,0.517942831033375,0.482057168966625,252
195.5,0.5158287786618102,0.4841712213381898,245
196.0,0.5158287786618102,0.4841712213381898,245
196.5,0.5158287786618102,0.4841712213381898,245
197.0,0.5114010638235115,0.48859893617648853,232
197.5,0.5114010638235115,0.48859893617648853,232
198.0,0.5114010638235115,0.48859893617648853,232
198.5,0.5114010638235115,0.48859893617648853,232
199.0,0.5114010638235115,0.48859893617648853,232
199.5,0.5114010638235115,0.48859893617648853,232
200.0,0.5114010638235115,0.48859893617648853,232
200.5,0.5114010638235115,0.48859893617648853,232
201.0,0.5114010638235115,0.48859893617648853,232
201.5,0.5114010638235115,0.48859893617648853,232
202.0,0.5086952380889955,0.4913047619110045,189
202.5,0.5086952380889955,0.4913047619110045,189
203.0,0.5086952380889955,0.4913047619110045,189
203.5,0.5086952380889955,0.4913047619110045,189
204.0,0.5086952380889955,0.4913047619110045,189
204.5,0.5086952380889955,0.4913047619110045,189
205.0,0.5086952380889955,0.4913047619110045,189
205.5,0.5057204121352588,0.49427958786474124,171
206.0,0.5057204121352588,0.49427958786474124,171
206.5,0.5057204121352588,0.49427958786474124,171
207.0,0.5025596595594134,0.4974403404405866,160
207.5,0.5025596595594134,0.4974403404405866,160
208.0,0.5025596595594134,0.4974403404405866,160
208.5,0.5025596595594134,0.4974403404405866,160
209.0,0.5025596595594134,0.4974403404405866,160
209.5,0.5025596595594134,0.4974403404405866,160
210.0,0.5025596595594134,0.4974403404405866,160
210.5,0.5025596595594134,0.4974403404405866,160
211.0,0.5025596595594134,0.4974403404405866,160
211.5,0.4989954066547367,0.5010045933452634,141
212.0,0.4989954066547367,0.5010045933452634,141
212.5,0.4989954066547367,0.5010045933452634,141
213.0,0.4989954066547367,0.5010045933452634,141
213.5,0.4989954066547367,0.5010045933452634,141
214.0,0.4989954066547367,0.5010045933452634,141
214.5,0.4989954066547367,0.5010045933452634,141
215.0,0.49518628141309745,0.5048137185869026,131
215.5,0.49518628141309745,0.5048137185869026,131
216.0,0.4912871768350416,0.5087128231649585,127
216.5,0.4912871768350416,0.5087128231649585,127
217.0,0.4912871768350416,0.5087128231649585,127
217.5,0.4912871768350416,0.5087128231649585,127
218.0,0.4912871768350416,0.5087128231649585,127
218.5,0.4912871768350416,0.5087128231649585,127
219.0,0.4912871768350416,0.5087128231649585,127
219.5,0.4912871768350416,0.5087128231649585,127
220.0,0.4912871768350416,0.5087128231649585,127
220.5,0.4912871768350416,0.5087128231649585,127
221.0,0.4912871768350416,0.5087128231649585,127
221.5,0.4912871768350416,0.5087128231649585,127
222.0,0.4912871768350416,0.5087128231649585,127
222.5,0.4912871768350416,0.5087128231649585,127
223.0,0.4912871768350416,0.5087128231649585,127
223.5,0.4912871768350416,0.5087128231649585,127
224.0,0.4912871768350416,0.5087128231649585,127
224.5,0.4912871768350416,0.5087128231649585,127
225.0,0.4912871768350416,0.5087128231649585,127
225.5,0.4912871768350416,0.5087128231649585,127
226.0,0.4852219030469546,0.5147780969530453,81
226.5,0.4852219030469546,0.5147780969530453,81
227.0,0.4852219030469546,0.5147780969530453,81
227.5,0.4852219030469546,0.5147780969530453,81
228.0,0.4852219030469546,0.5147780969530453,81
228.5,0.4852219030469546,0.5147780969530453,81
229.0,0.4852219030469546,0.5147780969530453,81
229.5,0.4852219030469546,0.5147780969530453,81
230.0,0.4852219030469546,0.5147780969530453,81
230.5,0.4852219030469546,0.5147780969530453,81
231.0,0.4852219030469546,0.5147780969530453,81
231.5,0.4852219030469546,0.5147780969530453,81
232.0,0.4852219030469546,0.5147780969530453,81
232.5,0.4852219030469546,0.5147780969530453,81
233.0,0.4852219030469546,0.5147780969530453,81
233.5,0.4852219030469546,0.5147780969530453,81
234.0,0.4763996866279191,0.5236003133720809,55
234.5,0.4763996866279191,0.5236003133720809,55
235.0,0.4763996866279191,0.5236003133720809,55
235.5,0.4763996866279191,0.5236003133720809,55
236.0,0.4763996866279191,0.5236003133720809,55
236.5,0.4763996866279191,0.5236003133720809,55
237.0,0.4763996866279191,0.5236003133720809,55
237.5,0.4763996866279191,0.5236003133720809,55
238.0,0.4763996866279191,0.5236003133720809,55
238.5,0.4763996866279191,0.5236003133720809,55
239.0,0.4763996866279191,0.5236003133720809,55
239.5,0.4763996866279191,0.5236003133720809,55
240.0,0.4763996866279191,0.5236003133720809,55
240.5,0.4763996866279191,0.5236003133720809,55
241.0,0.4763996866279191,0.5236003133720809,55
241.5,0.4763996866279191,0.5236003133720809,55
242.0,0.4763996866279191,0.5236003133720809,55
242.5,0.4763996866279191,0.5236003133720809,55
243.0,0.4763996866279191,0.5236003133720809,55
243.5,0.4763996866279191,0.5236003133720809,55
244.0,0.4763996866279191,0.5236003133720809,55
244.5,0.4644896944622211,0.5355103055377789,40
245.0,0.45193591893621515,0.5480640810637849,37
245.5,0.45193591893621515,0.5480640810637849,37
246.0,0.45193591893621515,0.5480640810637849,37
246.5,0.45193591893621515,0.5480640810637849,37
247.0,0.45193591893621515,0.5480640810637849,37
247.5,0.4357953504027789,0.564204649597221,28
248.0,0.4357953504027789,0.564204649597221,28
248.5,0.4196547818693427,0.5803452181306573,27
249.0,0.4196547818693427,0.5803452181306573,27
249.5,0.4196547818693427,0.5803452181306573,27
250.0,0.4196547818693427,0.5803452181306573,27
250.5,0.4196547818693427,0.5803452181306573,27
251.0,0.4196547818693427,0.5803452181306573,27
251.5,0.4196547818693427,0.5803452181306573,27
252.0,0.4196547818693427,0.5803452181306573,27
252.5,0.4196547818693427,0.5803452181306573,27
253.0,0.4196547818693427,0.5803452181306573,27
253.5,0.4196547818693427,0.5803452181306573,27
254.0,0.39756768808674575,0.6024323119132542,19
254.5,0.39756768808674575,0.6024323119132542,19
255.0,0.39756768808674575,0.6024323119132542,19
255.5,0.39756768808674575,0.6024323119132542,19
256.0,0.39756768808674575,0.6024323119132542,19
256.5,0.39756768808674575,0.6024323119132542,19
257.0,0.39756768808674575,0.6024323119132542,19
257.5,0.39756768808674575,0.6024323119132542,19
258.0,0.39756768808674575,0.6024323119132542,19
258.5,0.39756768808674575,0.6024323119132542,19
259.0,0.39756768808674575,0.6024323119132542,19
259.5,0.39756768808674575,0.6024323119132542,19
260.0,0.39756768808674575,0.6024323119132542,19
260.5,0.39756768808674575,0.6024323119132542,19
261.0,0.39756768808674575,0.6024323119132542,19
261.5,0.39756768808674575,0.6024323119132542,19
262.0,0.39756768808674575,0.6024323119132542,19
262.5,0.39756768808674575,0.6024323119132542,19
263.0,0.39756768808674575,0.6024323119132542,19
263.5,0.39756768808674575,0.6024323119132542,19
264.0,0.39756768808674575,0.6024323119132542,19
264.5,0.39756768808674575,0.6024323119132542,19
265.0,0.39756768808674575,0.6024323119132542,19
265.5,0.39756768808674575,0.6024323119132542,19
266.0,0.39756768808674575,0.6024323119132542,19
266.5,0.39756768808674575,0.6024323119132542,19
267.0,0.39756768808674575,0.6024323119132542,19
267.5,0.39756768808674575,0.6024323119132542,19
268.0,0.39756768808674575,0.6024323119132542,19
268.5,0.39756768808674575,0.6024323119132542,19
269.0,0.39756768808674575,0.6024323119132542,19
269.5,0.39756768808674575,0.6024323119132542,19
270.0,0.39756768808674575,0.6024323119132542,19
270.5,0.39756768808674575,0.6024323119132542,19
271.0,0.39756768808674575,0.6024323119132542,19
271.5,0.39756768808674575,0.6024323119132542,19
272.0,0.3252826538891556,0.6747173461108444,10
272.5,0.3252826538891556,0.6747173461108444,10
273.0,0.3252826538891556,0.6747173461108444,10
273.5,0.3252826538891556,0.6747173461108444,10
274.0,0.3252826538891556,0.6747173461108444,10
274.5,0.3252826538891556,0.6747173461108444,10
275.0,0.3252826538891556,0.6747173461108444,10
275.5,0.3252826538891556,0.6747173461108444,10
276.0,0.3252826538891556,0.6747173461108444,10
276.5,0.3252826538891556,0.6747173461108444,10
277.0,0.3252826538891556,0.6747173461108444,10
277.5,0.28914013679036055,0.7108598632096395,9
278.0,0.28914013679036055,0.7108598632096395,9
278.5,0.28914013679036055,0.7108598632096395,9
279.0,0.28914013679036055,0.7108598632096395,9
279.5,0.28914013679036055,0.7108598632096395,9
280.0,0.28914013679036055,0.7108598632096395,9
280.5,0.28914013679036055,0.7108598632096395,9
281.0,0.28914013679036055,0.7108598632096395,9
281.5,0.28914013679036055,0.7108598632096395,9
282.0,0.28914013679036055,0.7108598632096395,9
282.5,0.28914013679036055,0.7108598632096395,9
283.0,0.28914013679036055,0.7108598632096395,9
283.5,0.28914013679036055,0.7108598632096395,9
284.0,0.28914013679036055,0.7108598632096395,9
284.5,0.28914013679036055,0.7108598632096395,9
285.0,0.28914013679036055,0.7108598632096395,9
285.5,0.28914013679036055,0.7108598632096395,9
286.0,0.28914013679036055,0.7108598632096395,9
286.5,0.28914013679036055,0.7108598632096395,9
287.0,0.28914013679036055,0.7108598632096395,9
287.5,0.28914013679036055,0.7108598632096395,9
288.0,0.28914013679036055,0.7108598632096395,9
288.5,0.28914013679036055,0.7108598632096395,9
289.0,0.28914013679036055,0.7108598632096395,9
289.5,0.28914013679036055,0.7108598632096395,9
290.0,0.28914013679036055,0.7108598632096395,9
290.5,0.28914013679036055,0.7108598632096395,9
291.0,0.28914013679036055,0.7108598632096395,9
291.5,0.28914013679036055,0.7108598632096395,9
292.0,0.28914013679036055,0.7108598632096395,9
292.5,0.28914013679036055,0.7108598632096395,9
293.0,0.28914013679036055,0.7108598632096395,9
293.5,0.28914013679036055,0.7108598632096395,9
294.0,0.28914013679036055,0.7108598632096395,9
294.5,0.28914013679036055,0.7108598632096395,9
295.0,0.28914013679036055,0.7108598632096395,9
295.5,0.28914013679036055,0.7108598632096395,9
296.0,0.28914013679036055,0.7108598632096395,9
296.5,0.28914013679036055,0.7108598632096395,9
297.0,0.28914013679036055,0.7108598632096395,9
297.5,0.28914013679036055,0.7108598632096395,9
298.0,0.28914013679036055,0.7108598632096395,9
298.5,0.28914013679036055,0.7108598632096395,9
299.0,0.28914013679036055,0.7108598632096395,9
299.5,0.28914013679036055,0.7108598632096395,9
300.0,0.28914013679036055,0.7108598632096395,9
300.5,0.28914013679036055,0.7108598632096395,9
301.0,0.28914013679036055,0.7108598632096395,9
301.5,0.28914013679036055,0.7108598632096395,9
302.0,0.28914013679036055,0.7108598632096395,9
302.5,0.28914013679036055,0.7108598632096395,9
303.0,0.28914013679036055,0.7108598632096395,9
303.5,0.28914013679036055,0.7108598632096395,9
304.0,0.28914013679036055,0.7108598632096395,9
304.5,0.28914013679036055,0.7108598632096395,9
305.0,0.28914013679036055,0.7108598632096395,9
305.5,0.28914013679036055,0.7108598632096395,9
306.0,0.28914013679036055,0.7108598632096395,9
306.5,0.28914013679036055,0.7108598632096395,9
307.0,0.28914013679036055,0.7108598632096395,9
307.5,0.28914013679036055,0.7108598632096395,9
308.0,0.28914013679036055,0.7108598632096395,9
308.5,0.28914013679036055,0.7108598632096395,9
309.0,0.28914013679036055,0.7108598632096395,9
309.5,0.28914013679036055,0.7108598632096395,9
310.0,0.28914013679036055,0.7108598632096395,9
310.5,0.28914013679036055,0.7108598632096395,9
311.0,0.28914013679036055,0.7108598632096395,9
311.5,0.28914013679036055,0.7108598632096395,9
312.0,0.28914013679036055,0.7108598632096395,9
312.5,0.28914013679036055,0.7108598632096395,9
313.0,0.28914013679036055,0.7108598632096395,9
313.5,0.28914013679036055,0.7108598632096395,9
314.0,0.28914013679036055,0.7108598632096395,9
314.5,0.28914013679036055,0.7108598632096395,9
315.0,0.28914013679036055,0.7108598632096395,9
315.5,0.28914013679036055,0.7108598632096395,9
316.0,0.28914013679036055,0.7108598632096395,9
316.5,0.28914013679036055,0.7108598632096395,9
317.0,0.28914013679036055,0.7108598632096395,9
317.5,0.28914013679036055,0.7108598632096395,9
318.0,0.28914013679036055,0.7108598632096395,9
318.5,0.28914013679036055,0.7108598632096395,9
319.0,0.28914013679036055,0.7108598632096395,9
319.5,0.28914013679036055,0.7108598632096395,9
320.0,0.28914013679036055,0.7108598632096395,9
320.5,0.28914013679036055,0.7108598632096395,9
321.0,0.28914013679036055,0.7108598632096395,9
321.5,0.28914013679036055,0.7108598632096395,9
322.0,0.28914013679036055,0.7108598632096395,9
322.5,0.28914013679036055,0.7108598632096395,9
323.0,0.28914013679036055,0.7108598632096395,9
323.5,0.28914013679036055,0.7108598632096395,9
324.0,0.28914013679036055,0.7108598632096395,9
324.5,0.28914013679036055,0.7108598632096395,9
325.0,0.28914013679036055,0.7108598632096395,9
325.5,0.28914013679036055,0.7108598632096395,9
326.0,0.28914013679036055,0.7108598632096395,9
326.5,0.28914013679036055,0.7108598632096395,9
327.0,0.28914013679036055,0.7108598632096395,9
327.5,0.28914013679036055,0.7108598632096395,9
328.0,0.28914013679036055,0.7108598632096395,9
328.5,0.28914013679036055,0.7108598632096395,9
329.0,0.28914013679036055,0.7108598632096395,9
329.5,0.28914013679036055,0.7108598632096395,9
330.0,0.28914013679036055,0.7108598632096395,9
330.5,0.28914013679036055,0.7108598632096395,9
331.0,0.28914013679036055,0.7108598632096395,9
331.5,0.28914013679036055,0.7108598632096395,9
332.0,0.28914013679036055,0.7108598632096395,9
332.5,0.28914013679036055,0.7108598632096395,9
333.0,0.28914013679036055,0.7108598632096395,9
333.5,0.28914013679036055,0.7108598632096395,9
334.0,0.28914013679036055,0.7108598632096395,9
334.5,0.28914013679036055,0.7108598632096395,9
335.0,0.28914013679036055,0.7108598632096395,9
335.5,0.0,1.0,1
336.0,0.0,1.0,1
336.5,0.0,1.0,1
337.0,0.0,1.0,1
337.5,0.0,1.0,1
338.0,0.0,1.0,1
338.5,0.0,1.0,1
339.0,0.0,1.0,1
339.5,0.0,1.0,1
340.0,0.0,1.0,1
340.5,0.0,1.0,1
341.0,0.0,1.0,1
341.5,0.0,1.0,1
342.0,0.0,1.0,1
342.5,0.0,1.0,1
343.0,0.0,1.0,1
343.5,0.0,1.0,1
344.0,0.0,1.0,1
344.5,0.0,1.0,1
345.0,0.0,1.0,1
345.5,0.0,1.0,1
346.0,0.0,1.0,1
346.5,0.0,1.0,1
347.0,0.0,1.0,1
347.5,0.0,1.0,1
348.0,0.0,1.0,1
348.5,0.0,1.0,1
349.0,0.0,1.0,1
349.5,0.0,1.0,1
350.0,0.0,1.0,1
350.5,0.0,1.0,1
351.0,0.0,1.0,1
351.5,0.0,1.0,1
352.0,0.0,1.0,1
352.5,0.0,1.0,1
353.0,0.0,1.0,1
353.5,0.0,1.0,1
354.0,0.0,1.0,1
354.5,0.0,1.0,1
355.0,0.0,1.0,1
355.5,0.0,1.0,1
356.0,0.0,1.0,1
356.5,0.0,1.0,1
357.0,0.0,1.0,1
357.5,0.0,1.0,1
358.0,0.0,1.0,1
358.5,0.0,1.0,1
359.0,0.0,1.0,1
359.5,0.0,1.0,1
360.0,0.0,1.0,1
360.5,0.0,1.0,1
361.0,0.0,1.0,1
361.5,0.0,1.0,1
362.0,0.0,1.0,1
362.5,0.0,1.0,1
363.0,0.0,1.0,1
363.5,0.0,1.0,1
364.0,0.0,1.0,1
364.5,0.0,1.0,1
365.0,0.0,1.0,1
365.5,0.0,1.0,1
366.0,0.0,1.0,1
366.5,0.0,1.0,1
367.0,0.0,1.0,1
367.5,0.0,1.0,1
368.0,0.0,1.0,1
368.5,0.0,1.0,1
369.0,0.0,1.0,1
369.5,0.0,1.0,1
370.0,0.0,1.0,1
370.5,0.0,1.0,1
371.0,0.0,1.0,1
371.5,0.0,1.0,1
372.0,0.0,1.0,1
372.5,0.0,1.0,1
373.0,0.0,1.0,1
373.5,0.0,1.0,1
374.0,0.0,1.0,1
374.5,0.0,1.0,1
375.0,0.0,1.0,1
375.5,0.0,1.0,1
376.0,0.0,1.0,1
376.5,0.0,1.0,1
377.0,0.0,1.0,1
377.5,0.0,1.0,1
378.0,0.0,1.0,1
378.5,0.0,1.0,1
379.0,0.0,1.0,1
379.5,0.0,1.0,1
380.0,0.0,1.0,1
380.5,0.0,1.0,1
381.0,0.0,1.0,1
381.5,0.0,1.0,1
382.0,0.0,1.0,1
382.5,0.0,1.0,1
383.0,0.0,1.0,1
383.5,0.0,1.0,1
384.0,0.0,1.0,1
384.5,0.0,1.0,1
385.0,0.0,1.0,1
385.5,0.0,1.0,1
386.0,0.0,1.0,1
386.5,0.0,1.0,1
387.0,0.0,1.0,1
387.5,0.0,1.0,1
388.0,0.0,1.0,1
388.5,0.0,1.0,1
389.0,0.0,1.0,1
389.5,0.0,1.0,1
390.0,0.0,1.0,1
390.5,0.0,1.0,1
391.0,0.0,1.0,1
391.5,0.0,1.0,1
392.0,0.0,1.0,1
392.5,0.0,1.0,1
393.0,0.0,1.0,1
393.5,0.0,1.0,1
394.0,0.0,1.0,1
394.5,0.0,1.0,1
395.0,0.0,1.0,1
395.5,0.0,1.0,1
396.0,0.0,1.0,1
396.5,0.0,1.0,1
397.0,0.0,1.0,1
397.5,0.0,1.0,1
398.0,0.0,1.0,1
398.5,0.0,1.0,1
399.0,0.0,1.0,1
399.5,0.0,1.0,1
400.0,0.0,1.0,1
400.5,0.0,1.0,1
401.0,0.0,1.0,1
401.5,0.0,1.0,1
402.0,0.0,1.0,1
402.5,0.0,1.0,1
403.0,0.0,1.0,1
403.5,0.0,1.0,1
404.0,0.0,1.0,1
404.5,0.0,1.0,1
405.0,0.0,1.0,1
405.5,0.0,1.0,1
406.0,0.0,1.0,1
406.5,0.0,1.0,1
407.0,0.0,1.0,1
407.5,0.0,1.0,1
408.0,0.0,1.0,1
408.5,0.0,1.0,1
409.0,0.0,1.0,1
409.5,0.0,1.0,1
410.0,0.0,1.0,1
410.5,0.0,1.0,1
411.0,0.0,1.0,1
411.5,0.0,1.0,1
412.0,0.0,1.0,1
412.5,0.0,1.0,1
413.0,0.0,1.0,1
413.5,0.0,1.0,1
414.0,0.0,1.0,1
414.5,0.0,1.0,1
415.0,0.0,1.0,1
415.5,0.0,1.0,1
416.0,0.0,1.0,1
416.5,0.0,1.0,1
417.0,0.0,1.0,1
417.5,0.0,1.0,1
418.0,0.0,1.0,1
418.5,0.0,1.0,1
419.0,0.0,1.0,1
419.5,0.0,1.0,1
420.0,0.0,1.0,1
420.5,0.0,1.0,1
421.0,0.0,1.0,1
421.5,0.0,1.0,1
422.0,0.0,1.0,1
422.5,0.0,1.0,1
423.0,0.0,1.0,1
423.5,0.0,1.0,1
424.0,0.0,1.0,1
424.5,0.0,1.0,1
425.0,0.0,1.0,1
425.5,0.0,1.0,1
426.0,0.0,1.0,1
426.5,0.0,1.0,1
427.0,0.0,1.0,1
427.5,0.0,1.0,1
428.0,0.0,1.0,1
428.5,0.0,1.0,1
429.0,0.0,1.0,1
429.5,0.0,1.0,1
430.0,0.0,1.0,1
430.5,0.0,1.0,1
431.0,0.0,1.0,1
431.5,0.0,1.0,1
432.0,0.0,1.0,1
432.5,0.0,1.0,1
433.0,0.0,1.0,1
433.5,0.0,1.0,1
434.0,0.0,1.0,1
434.5,0.0,1.0,1
435.0,0.0,1.0,1
435.5,0.0,1.0,1
436.0,0.0,1.0,1
436.5,0.0,1.0,1
437.0,0.0,1.0,1
437.5,0.0,1.0,1
438.0,0.0,1.0,1
438.5,0.0,1.0,1
439.0,0.0,1.0,1
439.5,0.0,1.0,1
440.0,0.0,1.0,1
440.5,0.0,1.0,1
441.0,0.0,1.0,1
441.5,0.0,1.0,1
442.0,0.0,1.0,1
442.5,0.0,1.0,1
443.0,0.0,1.0,1
443.5,0.0,1.0,1
444.0,0.0,1.0,1
444.5,0.0,1.0,1
445.0,0.0,1.0,1
445.5,0.0,1.0,1
446.0,0.0,1.0,1
446.5,0.0,1.0,1
447.0,0.0,1.0,1
447.5,0.0,1.0,1
448.0,0.0,1.0,1
448.5,0.0,1.0,1
449.0,0.0,1.0,1
449.5,0.0,1.0,1
450.0,0.0,1.0,1
450.5,0.0,1.0,1
451.0,0.0,1.0,1
451.5,0.0,1.0,1
452.0,0.0,1.0,1
452.5,0.0,1.0,1
453.0,0.0,1.0,1
453.5,0.0,1.0,1
454.0,0.0,1.0,1
454.5,0.0,1.0,1
455.0,0.0,1.0,1
455.5,0.0,1.0,1
456.0,0.0,1.0,1
456.5,0.0,1.0,1
457.0,0.0,1.0,1
457.5,0.0,1.0,1
458.0,0.0,1.0,1
458.5,0.0,1.0,1
459.0,0.0,1.0,1
459.5,0.0,1.0,1
460.0,0.0,1.0,1
460.5,0.0,1.0,1
461.0,0.0,1.0,1
461.5,0.0,1.0,1
462.0,0.0,1.0,1
462.5,0.0,1.0,1
463.0,0.0,1.0,1
463.5,0.0,1.0,1
464.0,0.0,1.0,1
464.5,0.0,1.0,1
465.0,0.0,1.0,1
465.5,0.0,1.0,1
466.0,0.0,1.0,1
466.5,0.0,1.0,1
467.0,0.0,1.0,1
467.5,0.0,1.0,1
468.0,0.0,1.0,1
468.5,0.0,1.0,1
469.0,0.0,1.0,1
469.5,0.0,1.0,1
470.0,0.0,1.0,1
470.5,0.0,1.0,1
471.0,0.0,1.0,1
471.5,0.0,1.0,1
472.0,0.0,1.0,1
472.5,0.0,1.0,1
473.0,0.0,1.0,1
473.5,0.0,1.0,1
474.0,0.0,1.0,1
474.5,0.0,1.0,1
475.0,0.0,1.0,1
475.5,0.0,1.0,1
476.0,0.0,1.0,1
476.5,0.0,1.0,1
477.0,0.0,1.0,1
477.5,0.0,1.0,1
478.0,0.0,1.0,1
478.5,0.0,1.0,1
479.0,0.0,1.0,1
479.5,0.0,1.0,1
480.0,0.0,1.0,1
480.5,0.0,1.0,1
481.0,0.0,1.0,1
481.5,0.0,1.0,1
482.0,0.0,1.0,1
482.5,0.0,1.0,1
483.0,0.0,1.0,1
483.5,0.0,1.0,1
484.0,0.0,1.0,1
484.5,0.0,1.0,1
485.0,0.0,1.0,1
485.5,0.0,1.0,1
486.0,0.0,1.0,1
486.5,0.0,1.0,1
487.0,0.0,1.0,1
487.5,0.0,1.0,1
488.0,0.0,1.0,1
488.5,0.0,1.0,1
489.0,0.0,1.0,1
489.5,0.0,1.0,1
490.0,0.0,1.0,1
490.5,0.0,1.0,1
491.0,0.0,1.0,1
491.5,0.0,1.0,1
492.0,0.0,1.0,1
492.5,0.0,1.0,1
493.0,0.0,1.0,1
493.5,0.0,1.0,1
494.0,0.0,1.0,1
494.5,0.0,1.0,1
495.0,0.0,1.0,1
495.5,0.0,1.0,1
496.0,0.0,1.0,1
496.5,0.0,1.0,1
497.0,0.0,1.0,1
497.5,0.0,1.0,1
498.0,0.0,1.0,1
498.5,0.0,1.0,1
499.0,0.0,1.0,1
499.5,0.0,1.0,1
500.0,0.0,1.0,1
500.5,0.0,1.0,1
501.0,0.0,1.0,1
501.5,0.0,1.0,1
502.0,0.0,1.0,1
502.5,0.0,1.0,1
503.0,0.0,1.0,1
503.5,0.0,1.0,1
504.0,0.0,1.0,1
504.5,0.0,1.0,1
505.0,0.0,1.0,1
505.5,0.0,1.0,1
506.0,0.0,1.0,1
506.5,0.0,1.0,1
507.0,0.0,1.0,1
507.5,0.0,1.0,1
508.0,0.0,1.0,1
508.5,0.0,1.0,1
509.0,0.0,1.0,1
509.5,0.0,1.0,1
510.0,0.0,1.0,1
510.5,0.0,1.0,1
511.0,0.0,1.0,1
511.5,0.0,1.0,1
512.0,0.0,1.0,1
512.5,0.0,1.0,1
513.0,0.0,1.0,1
513.5,0.0,1.0,1
514.0,0.0,1.0,1
514.5,0.0,1.0,1
515.0,0.0,1.0,1
515.5,0.0,1.0,1
516.0,0.0,1.0,1
516.5,0.0,1.0,1
517.0,0.0,1.0,1
517.5,0.0,1.0,1
518.0,0.0,1.0,1
518.5,0.0,1.0,1
519.0,0.0,1.0,1
519.5,0.0,1.0,1
520.0,0.0,1.0,1
520.5,0.0,1.0,1
521.0,0.0,1.0,1
521.5,0.0,1.0,1
522.0,0.0,1.0,1
522.5,0.0,1.0,1
523.0,0.0,1.0,1
523.5,0.0,1.0,1
524.0,0.0,1.0,1
524.5,0.0,1.0,1
525.0,0.0,1.0,1
525.5,0.0,1.0,1
526.0,0.0,1.0,1
526.5,0.0,1.0,1
527.0,0.0,1.0,1
527.5,0.0,1.0,1
528.0,0.0,1.0,1
528.5,0.0,1.0,1
529.0,0.0,1.0,1
529.5,0.0,1.0,1
530.0,0.0,1.0,1
530.5,0.0,1.0,1
531.0,0.0,1.0,1
531.5,0.0,1.0,1
532.0,0.0,1.0,1
532.5,0.0,1.0,1
533.0,0.0,1.0,1
533.5,0.0,1.0,1
534.0,0.0,1.0,1
534.5,0.0,1.0,1
535.0,0.0,1.0,1
535.5,0.0,1.0,1
536.0,0.0,1.0,1
536.5,0.0,1.0,1
537.0,0.0,1.0,1
537.5,0.0,1.0,1
538.0,0.0,1.0,1
538.5,0.0,1.0,1
539.0,0.0,1.0,1
539.5,0.0,1.0,1
540.0,0.0,1.0,1
540.5,0.0,1.0,1
541.0,0.0,1.0,1
541.5,0.0,1.0,1
542.0,0.0,1.0,1
542.5,0.0,1.0,1
543.0,0.0,1.0,1
543.5,0.0,1.0,1
544.0,0.0,1.0,1
544.5,0.0,1.0,1
545.0,0.0,1.0,1
545.5,0.0,1.0,1
546.0,0.0,1.0,1
546.5,0.0,1.0,1
547.0,0.0,1.0,1
547.5,0.0,1.0,1
548.0,0.0,1.0,1
548.5,0.0,1.0,1
549.0,0.0,1.0,1
549.5,0.0,1.0,1
550.0,0.0,1.0,1
550.5,0.0,1.0,1
551.0,0.0,1.0,1
551.5,0.0,1.0,1
552.0,0.0,1.0,1
552.5,0.0,1.0,1
553.0,0.0,1.0,1
553.5,0.0,1.0,1
554.0,0.0,1.0,1
554.5,0.0,1.0,1
555.0,0.0,1.0,1
555.5,0.0,1.0,1
556.0,0.0,1.0,1
556.5,0.0,1.0,1
557.0,0.0,1.0,1
557.5,0.0,1.0,1
558.0,0.0,1.0,1
558.5,0.0,1.0,1
559.0,0.0,1.0,1
559.5,0.0,1.0,1
560.0,0.0,1.0,1
560.5,0.0,1.0,1
561.0,0.0,1.0,1
561.5,0.0,1.0,1
562.0,0.0,1.0,1
562.5,0.0,1.0,1
563.0,0.0,1.0,1
563.5,0.0,1.0,1
564.0,0.0,1.0,1
564.5,0.0,1.0,1
565.0,0.0,1.0,1
565.5,0.0,1.0,1
566.0,0.0,1.0,1
566.5,0.0,1.0,1
567.0,0.0,1.0,1
567.5,0.0,1.0,1
568.0,0.0,1.0,1
568.5,0.0,1.0,1
569.0,0.0,1.0,1
569.5,0.0,1.0,1
570.0,0.0,1.0,1
570.5,0.0,1.0,1
571.0,0.0,1.0,1
571.5,0.0,1.0,1
572.0,0.0,1.0,1
572.5,0.0,1.0,1
573.0,0.0,1.0,1
573.5,0.0,1.0,1
574.0,0.0,1.0,1
574.5,0.0,1.0,1
575.0,0.0,1.0,1
575.5,0.0,1.0,1
576.0,0.0,1.0,1
576.5,0.0,1.0,1
577.0,0.0,1.0,1
577.5,0.0,1.0,1
578.0,0.0,1.0,1
578.5,0.0,1.0,1
579.0,0.0,1.0,1
579.5,0.0,1.0,1
580.0,0.0,1.0,1
580.5,0.0,1.0,1
581.0,0.0,1.0,1
581.5,0.0,1.0,1
582.0,0.0,1.0,1
582.5,0.0,1.0,1
583.0,0.0,1.0,1
583.5,0.0,1.0,1
584.0,0.0,1.0,1
584.5,0.0,1.0,1
585.0,0.0,1.0,1
585.5,0.0,1.0,1
586.0,0.0,1.0,1
586.5,0.0,1.0,1
587.0,0.0,1.0,1
587.5,0.0,1.0,1
588.0,0.0,1.0,1
588.5,0.0,1.0,1
589.0,0.0,1.0,1
589.5,0.0,1.0,1
590.0,0.0,1.0,1
590.5,0.0,1.0,1
591.0,0.0,1.0,1
591.5,0.0,1.0,1
592.0,0.0,1.0,1
592.5,0.0,1.0,1
593.0,0.0,1.0,1
593.5,0.0,1.0,1
594.0,0.0,1.0,1
594.5,0.0,1.0,1
595.0,0.0,1.0,1
595.5,0.0,1.0,1
596.0,0.0,1.0,1
596.5,0.0,1.0,1
597.0,0.0,1.0,1
597.5,0.0,1.0,1
598.0,0.0,1.0,1
598.5,0.0,1.0,1
599.0,0.0,1.0,1
599.5,0.0,1.0,1
600.0,0.0,1.0,1
