cand_id,cand_name,gu,dongs,n_seed,n_dong_scope,n_calls_scope,before,delta,rate_pct,rate_sd,rate_lo,rate_hi,interval,sample_ok,total_delta_min,n_overlap,rank_rate,rank_total,rate_total_pct,rate_total_sd,before_total,after_total,obs_total_min,sim_obs_ratio,ref_grade,ref_gap_prev,ref_threshold_prev
411,마천동1(건축물식)(구),송파구,송파구 마천1동,3,9,1777,13.170538582370634,-1.1277324173403098,-8.565967081146445,1.5099997725642975,-10.701429238687163,-6.430504923605726,-8.57% ± 2.14%p,False,-2003.9805056137307,24,1,64,-10.989884932643418,1.307892876540484,18.666926701863606,16.61591339111328,42.272950909381684,0.44158087619383185,상,,
380,강일동 주차장(구),강동구,강동구 강일동 · 강동구 고덕2동,3,6,2382,13.237076226069737,-1.0943124338740702,-8.26653727582804,0.26536494331465416,-8.641819977641992,-7.89125457401409,-8.27% ± 0.38%p,True,-2606.652217488035,4,2,9,-10.497950762701018,0.6475806365496538,18.196102142333984,16.28657341003418,37.18939604860312,0.48928200174461967,상,0.2994298053184039,3.066279743457612
577,내곡동 (임시) 공영주차장(구),서초구,서초구 내곡동,3,2,666,15.996446713474894,-1.319554447841319,-8.236981631197862,1.8794039379371308,-10.894860169405955,-5.579103092989769,-8.24% ± 2.66%p,False,-878.8232622623185,39,3,234,-9.026900544064853,2.467948576185401,19.559619903564453,17.788057327270508,51.59591559207801,0.37909240836434777,상,0.02955564463017879,3.7960915242254023
473,거여동 거주자상생주차장(구),송파구,송파구 거여2동,3,9,1777,13.170538582370634,-1.044847086266974,-7.933278025811639,0.11030825551206698,-8.08927745679852,-7.7772785948247565,-7.93% ± 0.16%p,False,-1856.693272296413,4,4,93,-9.964895427331681,0.8676499899896041,18.666926701863606,16.80668067932129,42.272950909381684,0.44158087619383185,상,0.30370360538622343,3.765276655528892
274,마천2동청사,송파구,송파구 거여1동 · 송파구 마천2동,3,12,2003,13.18363958954908,-0.9232705200051594,-7.004227018456407,0.19015035174428224,-7.273140224783186,-6.735313812129629,-7.00% ± 0.27%p,True,-1849.3108515703343,14,5,94,-9.068150517779285,1.0550390770522637,18.82196299235026,17.114573796590168,42.61145895225567,0.44171130149379473,하,0.9290510073552314,0.4396592658074646
441,시흥3동 공영주차장(구),금천구,금천구 시흥3동 · 금천구 시흥5동,3,10,1678,13.077153676587544,-0.8941068338311862,-6.836347827799131,0.1423043236885575,-7.03759653234382,-6.6350991232544425,-6.84% ± 0.20%p,False,-1500.3112671687304,15,6,169,-8.698506290394901,0.5466263551335675,17.941757202148438,16.37999725341797,47.918567788021605,0.37442181664355606,하,0.16787919065727586,0.4750060075785653
412,장지동공영(체비지)(구),송파구,송파구 가락2동 · 송파구 장지동,3,14,2331,13.239888037241613,-0.8783954702617276,-6.636936886879437,0.8878234793340395,-7.892508892346905,-5.381364881411969,-6.64% ± 1.26%p,True,-2047.539841180087,46,7,53,-8.88327934415701,1.4687585348380883,18.55573336283366,16.90817705790202,41.82344795219839,0.44366818785581025,하,0.19941094091969447,1.798311486920169
488,은평 한문화 공영주차장 (구),은평구,은평구 진관동,3,6,1789,13.926411240500258,-0.9092422143987987,-6.529961540527765,0.47173840966981856,-7.197100397375137,-5.862822683680393,-6.53% ± 0.67%p,False,-1626.6343215594509,30,8,145,-8.888707550630759,0.6958450550817634,19.801327387491863,18.03793462117513,40.45042689454784,0.4895208507715603,하,0.10697534635167205,2.0107388270132045
299,서울우면동우체국,서초구,서초구 양재1동,3,7,1517,14.757539930955716,-0.9076052491244333,-6.149932183176659,0.12011756936152693,-6.319804078847022,-5.980060287506297,-6.15% ± 0.17%p,False,-1376.8371629217654,27,9,190,-7.607443124495288,0.2875123380514398,18.23063023885091,16.842830022176106,55.501910160711354,0.3284685191205544,하,0.38002935735110555,0.9735817533769433
443,상인회주차장(구),금천구,금천구 시흥1동,3,13,2151,12.91339063652215,-0.7924252612391024,-6.133843259147465,0.6120470950456824,-6.999408561772124,-5.268277956522806,-6.13% ± 0.87%p,True,-1704.5067369253093,51,10,123,-7.501630866972833,1.2637923193955356,17.927218755086262,16.58359654744466,47.54888818829747,0.3770270859771319,하,0.016088924029194374,1.2474451924203802
613,복정역,송파구,송파구 위례동,3,6,1741,13.342738422590246,-0.7942880376890038,-5.945077751003558,0.8904476141757344,-7.204360843553647,-4.68579465845347,-5.95% ± 1.26%p,False,-1382.8554736165556,72,11,189,-9.449170670927705,0.5301649198403141,19.26078732808431,17.440379460652668,44.055969377433726,0.43718904839147715,하,0.18876550814390658,2.1610169829458683
276,국립농산물품질관리원 서울사무소,송파구,송파구 문정2동,3,12,3232,12.952857663401872,-0.7146099013510389,-5.514046906149553,1.1012121137100306,-7.0713960124078215,-3.956697799891285,-5.51% ± 1.56%p,True,-2309.6192011665576,105,12,22,-8.698251251626692,1.1408569304805443,18.220500946044922,16.634698232014973,42.535261371022564,0.4283622660059111,하,0.4310308448540052,2.8323594919945956
464,문정근린공원(구),송파구,송파구 문정1동,3,17,3794,12.973204741514328,-0.7001181025146916,-5.396443070671435,0.24078708393390624,-5.736967430415033,-5.055918710927836,-5.40% ± 0.34%p,True,-2656.2480809407402,55,13,7,-8.283814648642823,0.28534824719364243,18.18072255452474,16.67501958211263,42.73196250015856,0.4254595738367335,하,0.11760383547811859,2.2544591716605624
626,온수역(남),구로구,구로구 수궁동,3,7,2488,12.648678196557332,-0.6784358104131935,-5.361463169311908,0.7952247119059122,-6.4860807420234865,-4.23684559660033,-5.36% ± 1.12%p,True,-1687.9482963080254,86,14,128,-7.077048536786788,1.45407615272508,18.252090454101562,16.96046257019043,42.167027560448666,0.43285219542535275,하,0.034979901359526444,1.661759022500236
457,대청역 공영주차장(구),강남구,강남구 개포3동,3,18,3099,13.623306143160724,-0.7234040230550031,-5.309110640653988,0.9924830998954091,-6.712693700952167,-3.9055275803558094,-5.31% ± 1.40%p,True,-2241.8290674474547,109,15,29,-6.565622761049236,1.2759593090003498,17.415058135986328,16.269039789835613,44.737874025321865,0.3892687910500467,하,0.05235252865792006,2.543544806763853
296,구립서초 노인요양센터,서초구,서초구 서초1동 · 서초구 서초2동,3,14,2808,14.697120750245674,-0.7749700973687812,-5.267090673985156,1.2425934730908716,-7.024383216146554,-3.509798131823758,-5.27% ± 1.76%p,True,-2176.1160334115375,144,16,35,-6.092586181227293,1.4244807070282748,17.97001075744629,16.871387481689453,57.742975736081945,0.3112068702447792,하,0.0420199666688319,3.1806044978563652
394,밤고개로21길 공영주차장(구),강남구,강남구 세곡동,3,9,2847,13.00035062611502,-0.6821404573977053,-5.245773301552472,0.9271994543530596,-6.557031344923502,-3.9345152581814413,-5.25% ± 1.31%p,True,-1942.0538822112671,105,17,74,-8.150711422707053,0.5752752950943707,18.057283401489258,16.584619522094727,43.01286837426641,0.4198111886974854,하,0.0213173724326845,3.100798198864703
607,명일파출소,강동구,강동구 고덕1동 · 강동구 명일1동 · 강동구 명일2동 · 강동구 상일1동,3,13,4513,12.482924728240059,-0.6546436794651935,-5.245730376442313,0.5490629122584799,-6.022222593554324,-4.469238159330302,-5.25% ± 0.78%p,True,-2954.406925426418,75,18,1,-8.373966695414625,0.6439375495865777,17.315549850463867,15.864828745524088,37.65853756249378,0.45980409679289785,하,4.292511015879796e-05,2.155150955056629
433,갈현1동공영주차장(구),은평구,은평구 갈현1동 · 은평구 불광2동,3,9,3834,12.332771039119349,-0.6451911961588296,-5.227269861267977,0.9930861608269929,-6.631705778514538,-3.822833944021415,-5.23% ± 1.40%p,True,-2473.6630460729525,114,19,13,-7.511591566728906,1.4860203508916765,16.92067591349284,15.644465128580729,39.204633349704544,0.4315988817587133,하,0.018460515174336223,2.269528765575673
628,일원역,강남구,강남구 일원본동,3,15,3031,13.343286831856267,-0.6893004090105374,-5.167249070455536,0.8954106438680273,-6.433550946906925,-3.9009471940041465,-5.17% ± 1.27%p,True,-2089.2695397109387,108,20,46,-6.776526977554703,1.167447159695664,17.47183672587077,16.286112467447918,43.830660405571976,0.3986213432378414,하,0.06002079081244105,2.6743076442161633
511,독산2동 공영주차장(구),금천구,금천구 독산2동 · 금천구 독산4동 · 금천구 시흥4동,3,20,3070,12.690438724223222,-0.6550289424452096,-5.159320480498912,0.700786406270469,-6.150382120573311,-4.168258840424513,-5.16% ± 0.99%p,True,-2010.9388533067934,92,21,62,-7.243211963951978,1.2876220013682098,17.43370183308919,16.166569391886394,47.24395514663154,0.36901444383688947,하,0.00792858995662371,2.2740816241864614
615,사당노외,서초구,서초구 방배2동,3,16,1694,14.486411546255605,-0.7378276927285471,-5.084777185177553,1.227334415281046,-6.820490160835261,-3.3490642095198457,-5.08% ± 1.74%p,False,-1249.8801114821588,160,22,209,-6.8207845935376765,1.0800180080415003,18.594878514607746,17.324300130208332,52.980625534319074,0.3509750654522304,하,0.07454329532135873,2.826624385479433
502,동막골 노외공영주차장(구),노원구,노원구 상계34동,3,6,2130,9.862384435506259,-0.5004490208073294,-5.073754444570719,1.0135250034020389,-6.5070952501861195,-3.6404136389553186,-5.07% ± 1.43%p,True,-1065.9564143196117,132,23,224,-6.544380973498885,1.4805774148003352,13.57828140258789,12.691445668538412,31.57669110021961,0.43000963462233877,하,0.01102274060683417,3.1834463711232015
452,구룡산제2호(구),강남구,강남구 개포1동,3,12,2217,14.176810903850942,-0.7111177622273086,-5.014999827056195,1.074908814277753,-6.535150450522175,-3.4948492035902143,-5.01% ± 1.52%p,True,-1576.5480788579432,142,24,155,-6.508614606336608,0.6300896891961806,17.40962282816569,16.27609125773112,47.65027546830912,0.36536248021786044,하,0.05875461751452438,2.9547669224716238
297,한국예술종합학교,서초구,서초구 서초3동,3,13,2492,14.496425317476627,-0.7214872394569358,-4.978562636211483,0.44495761797161837,-5.607827734228172,-4.349297538194794,-4.98% ± 0.63%p,True,-1797.946200726684,79,25,108,-6.496321831425256,0.3402796482578231,18.000099182128906,16.830232620239258,57.113645721435546,0.31516284689515484,하,0.036437190844711864,2.326728381915673
236,갈현2동주민센터 및 자치회관,은평구,은평구 갈현2동,3,11,3686,11.677233317317816,-0.576270528613359,-4.929181395127345,1.3090225393318045,-6.780418823702451,-3.077943966552239,-4.93% ± 1.85%p,True,-2124.133168468841,194,26,41,-6.123354426041478,1.182456522250317,15.969705581665039,14.987600644429525,37.39561235019222,0.4270475753175613,하,0.049381241084137883,2.765159879840341
461,언구비 공영주차장(구),서초구,서초구 반포1동 · 서초구 서초4동,3,17,2746,14.788105816926297,-0.727622750806337,-4.918359981776059,0.8303086188799182,-6.092593691551313,-3.7441262720008055,-4.92% ± 1.17%p,True,-1998.0520737142012,122,27,65,-6.155661627082192,0.8582321109219107,18.208053588867188,17.085651397705078,58.00058521645512,0.3139287909064313,하,0.010821413351285614,3.1002918643669424
508,중앙로 공영주차장(구),서초구,서초구 방배1동 · 서초구 방배3동,3,19,2193,14.492026498196443,-0.7099917211188913,-4.887122390241831,1.6254680474270837,-7.185881348117325,-2.588363432366336,-4.89% ± 2.30%p,True,-1557.0118444137286,224,28,157,-6.228718690552117,1.5419035814304953,18.56927744547526,17.408721923828125,56.842443305058865,0.32667979006142817,하,0.03123759153422867,3.6505116221114506
390,방이고분(구),송파구,송파구 방이1동 · 송파구 송파2동,3,21,3497,12.890640457426287,-0.6257770318513037,-4.851379361624509,0.5424201782899314,-5.618477334266962,-4.084281388982055,-4.85% ± 0.77%p,True,-2188.342280384009,96,29,32,-6.07330043624437,0.502490067772435,17.699886322021484,16.623499552408855,41.94109140205323,0.42201778090006936,하,0.035743028617321926,3.4271656061664117
570,천호2동복합청사(구),강동구,강동구 천호2동,3,19,4315,12.178906675564411,-0.5869316337161354,-4.818683342292083,0.41988901313354854,-5.412496079357002,-4.224870605227164,-4.82% ± 0.59%p,True,-2532.6099994851243,83,30,11,-6.2014217180742754,0.7239652260305397,16.170976638793945,15.167323430379232,37.56799479424294,0.4304455621696382,하,0.03269601933242594,1.371898586873456
368,역삼1문화센터 공영주차장(구),강남구,강남구 역삼1동,3,17,2670,14.913238046236446,-0.7168801291760586,-4.801934028954367,1.0565258643951285,-6.296087235379915,-3.307780822528819,-4.80% ± 1.49%p,True,-1914.0699449000765,165,31,79,-5.532678714344918,1.1306542470987422,18.236732482910156,17.22560437520345,57.96624020314516,0.31460954546989334,하,0.016749313337715677,2.2738106213896874
294,방배노인종합복지관,동작구,동작구 사당1동 · 동작구 사당4동,3,20,2369,14.14611179346978,-0.6763450475082836,-4.779251139831625,0.7586270462526494,-5.852111797425163,-3.7063904822380866,-4.78% ± 1.07%p,True,-1602.261417547124,125,32,149,-6.190902121735142,1.1445219259900217,18.058359146118164,16.938622792561848,52.0091108861075,0.3472153020585832,하,0.02268288912274219,2.6013549526674695
281,공공업무시설,강남구,강남구 삼성1동 · 강남구 삼성2동 · 강남구 청담동,3,18,2262,14.710016257802243,-0.7026574581084309,-4.776740875925175,0.42305275709117796,-5.375027822602849,-4.178453929247501,-4.78% ± 0.60%p,True,-1589.4111702412708,87,33,153,-5.435202851905121,0.6086092019175331,18.40013249715169,17.399787267049152,52.98400165510863,0.3472771388036068,하,0.0025102639064495946,1.737226099951836
126,고분다리전통시장 주차장(구),강동구,강동구 암사1동 · 강동구 천호1동 · 강동구 천호3동,3,19,4648,12.135447165338599,-0.5773942289239861,-4.756650334521436,0.5623084529529692,-5.551874574924558,-3.9614260941183135,-4.76% ± 0.80%p,True,-2683.728376038687,99,34,6,-6.101996626759316,0.88314255662048,16.095648447672527,15.112589518229166,37.141923893178905,0.4333552697475772,하,0.020090541403739337,1.4073584213622465
462,구룡공영주차빌딩(구),서초구,서초구 양재2동,3,12,2413,15.01192412164503,-0.6994270830830244,-4.652596862953229,1.3507972480693933,-6.562912651189219,-2.742281074717239,-4.65% ± 1.91%p,True,-1687.7175514793378,214,35,129,-5.790163334559497,1.3101292194476857,18.45355224609375,17.381855010986328,54.78684221142291,0.3368245275915215,하,0.1040534715682071,2.9263246584439035
388,풍납유수지(구),송파구,송파구 가락1동 · 송파구 가락본동,3,22,4635,12.944962894041813,-0.6012737240443956,-4.64434984491194,0.4958424228719398,-5.345576924137372,-3.943122765686507,-4.64% ± 0.70%p,True,-2786.9037109457736,99,36,3,-7.229650203347842,0.9332600925664571,18.067284901936848,16.759236017862957,42.503404343789214,0.42507853619911085,하,0.008247018041289245,2.8778553915798906
611,방화역(서),강서구,강서구 방화3동,3,5,2687,11.637111370933646,-0.540039468490224,-4.629966462985618,1.1482097098678283,-6.253780207129178,-3.006152718842059,-4.63% ± 1.62%p,True,-1451.086051833232,195,37,179,-5.742853873566919,1.3448336326178378,16.785341262817383,15.822197596232096,37.809772337491985,0.44394187600471535,하,0.01438338192632127,2.5013958072678366
610,방화역(동),강서구,강서구 방화1동,3,5,2687,11.637111370933646,-0.540039468490224,-4.629966462985618,1.1482097098678283,-6.253780207129178,-3.006152718842059,-4.63% ± 1.62%p,True,-1451.086051833232,195,37,179,-5.742853873566919,1.3448336326178378,16.785341262817383,15.822197596232096,37.809772337491985,0.44394187600471535,하,0.0,3.247627488287119
237,구산동도서관마을,은평구,은평구 대조동,3,14,4572,11.802569842287859,-0.5435932928711894,-4.603391016116658,0.5403174826069177,-5.367515328006649,-3.8392667042266657,-4.60% ± 0.76%p,True,-2485.308535007078,108,39,12,-6.273817951947652,0.5017085992816155,15.907602945963541,14.907814343770346,37.78176224352015,0.4210391999036999,하,0.02657544686896074,2.537974404792483
592,개화산역,강서구,강서구 방화2동,3,5,2687,11.637111370933646,-0.535213524136419,-4.596588133152669,0.27587524456268026,-4.986734645536206,-4.206441620769132,-4.60% ± 0.39%p,True,-1438.1187393545579,82,40,181,-5.894536119269126,0.7357013793653054,16.785341262817383,15.79713503519694,37.809772337491985,0.44394187600471535,하,0.006802882963988566,1.2133427093335096
437,독산1동 공영주차장(구),금천구,금천구 독산1동,3,18,2851,12.46743023258678,-0.5713958380352917,-4.575039055206386,1.8661976303316579,-7.214241054089948,-1.9358370563228244,-4.58% ± 2.64%p,True,-1629.0495342386166,240,41,143,-6.516154315395114,1.6298992358191482,17.040978749593098,15.92609437306722,46.750887782975376,0.36450599245729565,하,0.02154907794628258,3.772956795945596
460,도곡로 327 공영주차장(구),강남구,강남구 역삼2동,3,19,2660,15.352739224879263,-0.7022693751943017,-4.57369352608319,0.36270838936333,-5.086640649507313,-4.060746402659067,-4.57% ± 0.51%p,True,-1868.0365380168423,93,42,90,-5.447493423014417,0.3297423827915503,18.833235422770183,17.80658022562663,57.35623500733645,0.3283555034663837,하,0.0013455291231965205,3.802236694983644
67,교통광장 공영주차장(구),강북구,강북구 우이동,3,10,1943,11.31218039601216,-0.5127855582750603,-4.533888989022816,0.4174355195183434,-5.1242319621419155,-3.9435460159037157,-4.53% ± 0.59%p,False,-996.3423397284422,98,43,227,-5.491291789444456,0.887159327374573,14.510480880737305,13.711536407470703,34.1658345343794,0.4247073451736155,하,0.03980453706037412,1.106001426165609
469,삼전동(건축물식)(구),송파구,송파구 삼전동 · 송파구 석촌동,3,21,3744,13.454126121064384,-0.6021578364489747,-4.4742636745402935,0.7765176301647598,-5.572425438541112,-3.376101910539475,-4.47% ± 1.10%p,True,-2254.478939664961,150,44,27,-6.123884682746431,1.7074715616854672,17.742427190144856,16.65249506632487,43.685994124880025,0.4061353654772434,하,0.059625314482522285,1.7632152936181604
238,시립은혜로운집,은평구,은평구 구산동 · 은평구 신사1동,3,14,4545,11.719145607310196,-0.5208660160285857,-4.442434757682361,0.38433088314581265,-4.985960705065998,-3.8989088102987237,-4.44% ± 0.54%p,True,-2367.3360428499223,103,45,19,-6.117132175769359,0.38135520143160795,15.735545794169107,14.771905581156412,37.926349938508295,0.4148974478082351,하,0.031828916857932654,1.7328472035310385
387,방배열린문화센터 공영주차장(구),서초구,서초구 방배4동,3,21,2427,14.356551528413656,-0.6316538577527986,-4.396875076640691,0.8129640635487348,-5.546579881033255,-3.2471702722481273,-4.40% ± 1.15%p,True,-1533.0239127660423,170,46,164,-6.398141804833251,0.6783972476881343,18.41208330790202,17.232850392659504,56.21455495465627,0.3275323147671196,하,0.045559681041670075,1.7984668986237269
540,남성사계시장공영주차장(구),동작구,동작구 사당3동,3,23,3152,13.89028576259542,-0.5929665737442207,-4.261633670306154,1.8242708148508677,-6.841542198109669,-1.68172514250264,-4.26% ± 2.58%p,True,-1869.0306404417836,241,47,89,-6.00577257391008,1.7871745562776422,17.784940719604492,16.714166005452473,50.184506177207126,0.35439106756981664,하,0.1352414063345364,3.994433413909072
374,탄천제2호 공영주차장(구),강남구,강남구 일원1동,3,20,3778,13.52991254700054,-0.5726408415568377,-4.232104971760762,0.2709426452132428,-4.615275735246572,-3.8489342082749527,-4.23% ± 0.38%p,True,-2163.4370994017327,104,48,38,-6.086932526305436,0.9332367143060767,17.822287877400715,16.736958821614582,45.08895288419636,0.3952695003402355,하,0.029528698545392196,3.6885628219737825
515,비봉(구),종로구,종로구 평창동,3,8,1550,14.208487146346934,-0.5919253720186681,-4.167032304923292,1.361912973592834,-6.093068102950149,-2.2409965068964355,-4.17% ± 1.93%p,False,-917.4843266289356,232,49,230,-5.476912535821616,0.9844484106902028,19.515334447224934,18.443695704142254,43.51563204671316,0.4484672180855747,하,0.06507266683747037,2.7772049723674517
340,관악소방서,관악구,관악구 낙성대동 · 관악구 서림동 · 관악구 청룡동 · 관악구 행운동,3,23,3589,13.317825564069837,-0.5542925220280507,-4.1611334222308285,0.7092731663270923,-5.16419715347791,-3.158069690983747,-4.16% ± 1.00%p,True,-1989.355861558674,176,50,67,-5.883989070945254,0.42952344242221174,17.572041193644207,16.53888702392578,46.91975258335923,0.3745126567414251,하,0.005898882692463303,3.071074972782094
506,성내전통시장 주차장(구),강동구,강동구 성내2동 · 강동구 성내3동,3,22,4829,12.330476635610632,-0.5119693626617318,-4.1518892201273365,0.11214334348703722,-4.310483857416569,-3.993294582838104,-4.15% ± 0.16%p,True,-2472.3000522935026,92,51,14,-5.831356261053062,0.5626471250697036,16.54251225789388,15.579081535339355,38.42254660202371,0.4305417969620626,하,0.009244202103491972,1.4361678926366663
8,논현초교 공영주차장(구),강남구,강남구 논현1동,3,20,2981,14.802182944605997,-0.6129435760845064,-4.137152575307879,0.7891948271714544,-5.253242603248441,-3.0210625473673174,-4.14% ± 1.12%p,True,-1827.1848003079137,188,52,99,-5.360525878607956,1.0361356952676113,18.27403958638509,17.293188095092773,57.43474067657713,0.31817049003996906,하,0.014736644819457467,1.5942454073606527
575,개봉고가 공영주차장(구),구로구,구로구 개봉2동 · 구로구 개봉3동 · 구로구 고척1동,3,17,4722,12.284565463590779,-0.5083431712690712,-4.135314767730647,0.8799689267702254,-5.379778758435997,-2.890850777025298,-4.14% ± 1.24%p,True,-2400.3964547325545,200,53,18,-6.342040275419588,1.6770627901760078,17.406787872314453,16.29850959777832,41.63488421076617,0.4180818129383272,하,0.0018378075772318425,2.364042120872912
392,반포4동 주민센터 공영주차장(구),서초구,서초구 반포2동,3,20,2463,14.763871269568542,-0.6081739222112669,-4.118842332282817,0.5609574440085415,-4.912155957513843,-3.3255287070517916,-4.12% ± 0.79%p,True,-1497.9323704063504,157,54,171,-5.326513765593693,0.33141519670580555,18.77293078104655,17.772459665934246,58.582798335629484,0.3204512470280724,하,0.01647243544783006,2.0871210468678987
456,개포동공원 공영주차장(구),강남구,강남구 개포2동,3,18,2766,14.501777181870708,-0.5937194470811752,-4.094128382330896,1.1604689819640575,-5.735279355337765,-2.4529774093240277,-4.09% ± 1.64%p,True,-1642.2279906265305,224,55,139,-5.303808024203682,1.0160781983726384,17.60330645243327,16.668294270833332,49.78244611915022,0.35360469050277665,하,0.02471394995192089,2.577876267076674
459,방배카페골목(이수) 공영주차장(구),서초구,서초구 방배본동,3,22,2833,13.85330560458423,-0.5647996282092649,-4.072818784730722,1.0736314292429308,-5.591162912956085,-2.5544746565053593,-4.07% ± 1.52%p,True,-1600.0773467168474,220,56,150,-5.754261364547117,1.057446709974489,17.681368509928387,16.661649068196613,51.31010092639885,0.3445982017320763,하,0.021309597600174257,3.1618808984267033
398,공항2임시(구),강서구,강서구 공항동 · 강서구 발산1동,3,10,4134,12.250583086049867,-0.494283535387605,-4.030953669516406,0.991533516216974,-5.433193815697933,-2.6287135233348784,-4.03% ± 1.40%p,True,-2043.368135292359,214,57,55,-5.6840614075482785,0.3360271782221786,16.955663045247395,15.992062250773111,38.21154262272798,0.44373144556488736,하,0.04186511521431591,2.922891143809372
539,서울식물원 제2주차장(구),강서구,강서구 가양1동,3,11,5261,12.041009797168543,-0.48534199919243787,-4.028803659852424,0.6401011690129563,-4.93404341436142,-3.1235639053434285,-4.03% ± 0.91%p,True,-2553.3842577514156,180,58,10,-5.859658837965991,0.1968872931643801,16.324807167053223,15.368552843729654,36.61813840347681,0.44581204503567057,하,0.0021500096639819333,2.3603967635576435
455,도곡로 421 공영주차장(구),강남구,강남구 대치1동 · 강남구 대치4동,3,19,2834,14.911222780288083,-0.5988127552050742,-4.0175439328623375,0.7763472386446282,-5.115464726864472,-2.9196231388602025,-4.02% ± 1.10%p,True,-1697.03534825118,198,59,126,-5.361331820967233,0.6248840777968614,18.13867441813151,17.165499369303387,52.21444883915079,0.34738802805347235,하,0.011259726990086705,2.0124060639174117
630,진흥로,은평구,은평구 역촌동 · 은평구 응암1동 · 은평구 응암2동,3,20,6140,12.037157301694853,-0.47910114142794197,-3.9771552096496645,0.8865483829495272,-5.230923956516822,-2.723386462782507,-3.98% ± 1.25%p,True,-2941.6810083675637,209,60,2,-5.438602423067557,1.4312385673567236,16.209875742594402,15.324010213216146,38.741694199557564,0.41840905715423055,하,0.04038872321267295,2.3568479545881282
421,동서울 노외주차장(구),광진구,광진구 구의3동,3,19,4135,12.618277947177775,-0.5002679665316876,-3.9634354178148645,0.18963513348301553,-4.231619995488977,-3.695250840140752,-3.96% ± 0.27%p,True,-2068.6080416085283,117,61,49,-5.162135239555082,0.39026026866372654,16.39779790242513,15.551776250203451,39.92174437655462,0.4107485321221405,하,0.013719791834799988,1.8132065730760438
315,등촌3동사무소,강서구,강서구 등촌3동 · 강서구 우장산동 · 강서구 화곡6동,3,19,5384,12.324870007788197,-0.4879271873378694,-3.958521598885407,0.17508134096195635,-4.206124005792273,-3.7109191919785403,-3.96% ± 0.25%p,True,-2626.999976627089,114,62,8,-5.244852915103802,0.4761354820725059,16.46768633524577,15.604607899983725,37.358454008913235,0.4408021362799648,하,0.004913818929457747,0.5161974808313498
591,가양역,강서구,강서구 가양2동,3,15,5329,12.856154018226187,-0.5056960187476088,-3.934405901703103,0.3402547438094151,-4.41559877506016,-3.453213028346045,-3.93% ± 0.48%p,True,-2694.8540839060074,138,63,5,-5.238408094351641,0.3068887898524979,16.728986740112305,15.853041648864746,39.69832948885256,0.421402788366948,하,0.024115697182303997,0.7653150113197769
454,논현로32길15 공영주차장(구),강남구,강남구 도곡2동,3,15,2616,14.963053696627114,-0.5871210034641337,-3.920069238006729,0.7664642316812953,-5.004013349524291,-2.8361251264891667,-3.92% ± 1.08%p,True,-1535.9085450621737,203,64,162,-5.675412714281928,0.9591954073543382,18.389750798543293,17.343406041463215,57.05332949768573,0.32232563744223275,하,0.014336663696373986,1.677188968639621
405,신곡주차장(구),양천구,양천구 신월6동,3,22,3927,12.303780364061291,-0.48225866840894877,-3.9188502577764104,0.951485603897809,-5.264454103211446,-2.5732464123413745,-3.92% ± 1.35%p,True,-1893.8297908419418,217,65,86,-5.9302869576579225,0.8851804340888478,17.259180704752605,16.236220677693684,40.68156666249013,0.42425064029469134,하,0.0012189802303184116,2.4435975715093323
369,언주초 공영주차장(구),강남구,강남구 도곡1동,3,17,2853,15.012843198671797,-0.5869769704386231,-3.908916812130666,0.3166602661292468,-4.35674205515532,-3.4610915691060113,-3.91% ± 0.45%p,True,-1674.6452966613915,137,66,132,-5.694535415672676,0.31889351913601266,18.48546536763509,17.432126998901367,57.36816328982089,0.3222251560372869,하,0.009933445645744499,2.0055907644081565
381,봉수대공영주차장(구),중랑구,중랑구 신내1동,3,8,3143,10.943223868978144,-0.4266170292153563,-3.903207138939342,1.0926050845508766,-5.448384067828994,-2.35803021004969,-3.90% ± 1.55%p,True,-1340.857322823865,228,67,198,-5.330246302293858,0.6980475439721642,14.794185320536295,14.007390340169271,32.18182549853074,0.4597062190027636,하,0.005709673191323983,2.27513480473705
401,서서울주차장(구),양천구,양천구 신월7동,3,18,3293,12.727151214330462,-0.4943358558958142,-3.8819493862285603,0.9105351095009959,-5.16964048710174,-2.594258285355381,-3.88% ± 1.29%p,True,-1627.847973464916,215,68,144,-5.860775991314537,0.6075019916187859,17.136533737182617,16.131633122762043,40.08290920206807,0.4275271949646424,하,0.021257752710781563,2.8445456975906844
367,논현로22길(구),강남구,강남구 개포4동,3,13,2245,14.962806017538876,-0.580678828007505,-3.879115441074593,0.36962299923462993,-4.401841299557226,-3.356389582591959,-3.88% ± 0.52%p,True,-1303.6239688768487,149,69,204,-5.556625220641753,0.5440339806522343,18.303255716959637,17.286272048950195,57.211485292144594,0.31992275018723837,하,0.0028339451539673988,1.9653959877817944
556,서호1(구),송파구,송파구 잠실3동,3,22,3988,13.122004133305685,-0.50836445928084,-3.8728619696531887,0.20136498100384634,-4.1576350567758285,-3.5880888825305486,-3.87% ± 0.28%p,True,-2027.3574636119897,121,70,60,-5.042606432678867,0.17344584437336977,17.554006576538086,16.669125239054363,42.60028610293948,0.4120631146495243,하,0.0062534714214042,0.8418290019662725
466,방이동 공영주차장(구),송파구,송파구 방이2동,3,22,3110,13.13099751975998,-0.5074769752761981,-3.8520896597337675,1.3405471098082837,-5.747909563424697,-1.9562697560428381,-3.85% ± 1.90%p,True,-1578.253393108976,235,71,154,-5.419113718876684,0.9905503000940309,17.807310740152996,16.840848922729492,41.586916815135375,0.4281950215090748,하,0.02077230991942125,2.7111727419624314
371,잠원동 방음언덕형 공영주차장(구),서초구,서초구 반포3동 · 서초구 잠원동,3,18,2088,14.580127096830575,-0.5546456176872928,-3.8010529596408023,1.109350448932669,-5.369911409946065,-2.23219450933554,-3.80% ± 1.57%p,True,-1158.1000497310674,228,72,217,-4.896960049854562,0.9948717415630077,18.053654352823894,17.167734146118164,54.70311295797368,0.33002974376785155,하,0.05103670009296524,3.4800718223407157
453,탄천 공영주차장(구),강남구,강남구 대치2동 · 송파구 잠실7동,3,20,2677,14.208312162772591,-0.5314473146365201,-3.7407997527507297,0.1914898153774374,-4.0116072467138215,-3.469992258787638,-3.74% ± 0.27%p,True,-1422.684461281964,128,73,184,-5.475173937276175,0.6905407849267274,18.18915367126465,17.19211260477702,46.97714771914357,0.38719152937955875,하,0.06025320689007252,2.2515121744644415
442,가산동 공영주차장(구),구로구,구로구 가리봉동 · 금천구 가산동,3,25,4605,12.069756214117865,-0.45117469839991503,-3.738975119509829,0.3016027050035732,-4.165505755374294,-3.312444483645364,-3.74% ± 0.43%p,True,-2077.659486131609,151,74,48,-5.994488461859606,0.14257498036059787,16.124119758605957,15.157831827799479,45.08421830113911,0.3576444344871465,하,0.0018246332409006527,0.714513935647885
404,신우주차장(구),강서구,강서구 화곡3동 · 양천구 신월3동 · 양천구 신월5동,3,18,3425,12.88587217775227,-0.480094539301513,-3.7226434356770723,0.7388732639822717,-4.7675680264756775,-2.6777188448784677,-3.72% ± 1.04%p,True,-1644.3237971076821,210,75,138,-5.57378999695023,0.7232330209072033,17.271058400472004,16.307659149169922,39.78836838701912,0.43407304950224235,하,0.016331683832756738,1.5961176546774842
35,송파나루공원 동호주차장(구),송파구,송파구 송파1동,3,24,4481,13.143339138226315,-0.4871194639595237,-3.7016921095289024,0.9452835429818213,-5.038524916301885,-2.3648593027559204,-3.70% ± 1.34%p,True,-2182.7823180026257,225,76,34,-5.822290236550987,0.6923504847012043,17.69111506144206,16.661243438720703,42.41593054583542,0.41708657180878583,하,0.02095132614816997,2.3995788604337056
555,21-37(구),송파구,송파구 잠실본동,3,21,3504,13.686957914369573,-0.5046951937052852,-3.6856409690935124,0.647975991106441,-4.602017403808389,-2.7692645343786353,-3.69% ± 0.92%p,True,-1768.4519587433192,205,77,113,-5.806649770015493,1.1864693734975402,17.814564387003582,16.77761395772298,45.34410055748082,0.39287501941781383,하,0.01605114043539002,2.2921028438380677
601,도봉로 15길,강북구,강북구 송천동,3,27,5130,11.250660570713999,-0.4077148422335443,-3.6220524692841067,0.5967028842926856,-4.465917780957966,-2.778187157610247,-3.62% ± 0.84%p,True,-2091.5771406580825,204,78,45,-5.291099550246944,0.3639069383300555,15.015680313110352,14.221033414204916,37.483447178182786,0.4005949677395258,하,0.06358849980940562,1.7617346192586267
204,미아1동청사및 솔샘문화정보센타,성북구,성북구 정릉1동 · 성북구 정릉3동 · 성북구 정릉4동,3,22,4060,11.569985847710875,-0.4187665905940155,-3.6185404362273808,0.246094611969562,-3.9665707741016796,-3.270510098353082,-3.62% ± 0.35%p,True,-1700.192357811703,155,79,124,-5.089976640892897,0.3533613009616286,15.120663324991861,14.350620905558268,37.366695638889915,0.4046561534666399,하,0.0035120330567259828,1.2909173330057342
406,곰달래주차장(구),양천구,양천구 신월1동,3,21,3757,12.872598625552373,-0.463800289013441,-3.600627232341959,0.9525471648520174,-4.947732351675722,-2.2535221130081955,-3.60% ± 1.35%p,True,-1742.497685823498,226,80,116,-5.56501219011295,0.44758065763679616,17.31379000345866,16.349826176961262,40.18998342015297,0.43079863513396693,하,0.017913203885421947,1.967646979829528
391,신영시장 공동주차장(구),강서구,강서구 화곡1동,3,22,3889,12.813078531765413,-0.4598459910457689,-3.5872621955570305,0.8790645987485038,-4.830447273309227,-2.344077117804834,-3.59% ± 1.24%p,True,-1788.3410591769953,226,81,111,-5.520509972126031,0.40137257673178733,17.240397771199543,16.288336435953777,40.04101734907449,0.43056842489537894,하,0.013365036784928286,2.5923739468220894
377,은혜공영주차장(무인)(구),강북구,강북구 수유1동,3,24,4525,11.347166066302181,-0.4070473139436069,-3.5866593457336045,0.13341711926066838,-3.7753396452447903,-3.3979790462224186,-3.59% ± 0.19%p,True,-1841.8890955948211,124,82,96,-5.030140908685689,0.32877883625819576,14.726260503133139,13.985265413920084,36.89846060976728,0.3991023001982634,하,0.000602849823426066,1.778262856255715
588,삼양마을공원 지하 공영주차장(구),강북구,강북구 삼양동,3,25,4537,11.348601155702282,-0.4057372355116004,-3.574224412798916,0.2603228152947538,-3.942376468783903,-3.206072356813929,-3.57% ± 0.37%p,True,-1840.829837516131,158,83,97,-5.081296140220881,0.3653298411803255,14.826348622639975,14.072575887044271,36.84179393079192,0.402432863353277,하,0.012434932934688447,0.5850404973155343
407,다락골주차장(구),양천구,양천구 신정3동,3,25,4418,12.235852758685077,-0.4357052151803161,-3.5612400897564034,0.8344392191673102,-4.741315350478828,-2.381164829033978,-3.56% ± 1.18%p,True,-1924.9456406666363,225,84,78,-5.576905392211727,0.7294607279713637,17.238728205362957,16.278127670288086,40.631069677349196,0.42427453528187853,하,0.012984323042512624,1.7482068283215655
524,수유2동 공영주차장(구),강북구,강북구 수유2동 · 도봉구 쌍문1동,3,22,4860,10.58275499837368,-0.37350594985128005,-3.530947188327577,0.40193549786112487,-4.099369820601962,-2.962524556053192,-3.53% ± 0.57%p,True,-1815.238916277221,184,85,103,-5.00043396691043,0.8176791822548573,14.009519259134928,13.309924125671387,33.913192499471656,0.4130993936755788,하,0.030292901428826458,1.8523940778629375
465,반포 둥근마을 공영주차장(구),서초구,서초구 반포4동,3,18,2731,14.851167092133316,-0.5246329307042501,-3.5291575841800125,0.9031456637580259,-4.806398430665063,-2.2519167376949616,-3.53% ± 1.28%p,True,-1432.772533753307,226,86,182,-4.615401950612315,0.5845861042799346,18.52666409810384,17.670141855875652,59.01674776587803,0.3139221458220624,하,0.0017896041475644608,1.9770930523430559
17,개봉1동 노외주차장(구),구로구,구로구 개봉1동 · 구로구 오류1동,3,20,4747,12.252280531017753,-0.43023383649299046,-3.5106008905926775,0.18465374706623902,-3.7717407240367637,-3.2494610571485913,-3.51% ± 0.26%p,True,-2042.3200218322256,145,87,56,-5.520007406446163,0.5148517557001381,17.502105077107746,16.5346253712972,41.77162661333267,0.4189950570783237,하,0.018556693587334916,1.8436584241887408
559,고척근린시장 공영주차장(구),구로구,구로구 고척2동,3,20,4747,12.252280531017753,-0.43023383649299046,-3.5106008905926775,0.18465374706623902,-3.7717407240367637,-3.2494610571485913,-3.51% ± 0.26%p,True,-2042.3200218322256,145,87,56,-5.520007406446163,0.5148517557001381,17.502105077107746,16.5346253712972,41.77162661333267,0.4189950570783237,하,0.0,0.5222796668881727
403,당곡주차장(구),양천구,양천구 신월2동 · 양천구 신월4동,3,26,4371,12.224736236088338,-0.42841868912219283,-3.5021984120182537,1.2731362833521696,-5.302685010684168,-1.70171181335234,-3.50% ± 1.80%p,True,-1872.618090153105,234,89,88,-5.517904969170153,1.1995601818195378,16.63505490620931,15.714910825093588,39.66308654078279,0.4194089859624172,하,0.008402478574423888,2.5729150800548224
566,망우역사문화공원 제3공영주차장(구),중랑구,중랑구 망우본동,3,10,2866,11.082586149354794,-0.3878945923047296,-3.498227381083956,0.2808437114061861,-3.8954003666617796,-3.1010543955061323,-3.50% ± 0.40%p,True,-1111.7059015453551,163,90,219,-5.674153581630112,0.4077717204199455,15.264943440755209,14.399093310038248,33.66674763414176,0.4534130711597128,하,0.003971030934297737,2.6074885896004814
258,한남제2동 주민자치센터,용산구,용산구 보광동 · 용산구 이태원1동 · 용산구 한남동,3,18,2019,13.686075405848522,-0.4777239241283713,-3.4901592332573674,0.5398547759350895,-4.253629179096659,-2.7266892874180755,-3.49% ± 0.76%p,True,-964.5246028151817,205,91,228,-4.920119177359287,0.7148445135510264,17.690405527750652,16.81907780965169,51.28375147751208,0.3449514713350854,하,0.00806814782658849,1.2170725029123397
614,봉천복개3,관악구,관악구 보라매동 · 관악구 서원동 · 관악구 신림동 · 관악구 신원동,3,31,5661,12.478273871783387,-0.4339677251512241,-3.4737976160725466,1.186555840818836,-5.151840978671555,-1.7957542534735376,-3.47% ± 1.68%p,True,-2456.6912920810796,232,92,15,-5.243421157083773,0.9705539680707468,16.399006525675457,15.537596384684244,44.65273696984676,0.36725646933466655,하,0.016361617184820876,2.607188479938664
91,풍납2(구),송파구,송파구 풍납1동 · 송파구 풍납2동,3,23,5503,12.294594929009492,-0.4242705704361474,-3.4502268743324165,0.20598695229756028,-3.741536415943526,-3.158917332721307,-3.45% ± 0.29%p,True,-2334.7609491101193,152,93,20,-5.623338204673021,0.3635664139898129,16.548041025797527,15.617971102396647,38.673382686588354,0.42789225757425836,하,0.023570741740130075,2.4086057277172883
483,간송옛집  공영주차장(구),도봉구,도봉구 방학2동 · 도봉구 방학3동,3,18,3915,10.476663546289991,-0.36172612915754954,-3.449203141907558,0.735640812165026,-4.489556355506496,-2.4088499283086198,-3.45% ± 1.04%p,True,-1416.1577956518065,223,94,186,-5.311431494395475,1.08302596168774,14.030038515726725,13.282856623331705,31.998484327639904,0.43845947114463,하,0.0010237324248585367,1.527871760377364
429,대지시장길 공영주차장(구),강북구,강북구 삼각산동,3,29,5106,11.538347846961678,-0.3979555344364947,-3.4466322234856857,0.5792986859061309,-4.265884281759048,-2.627380165212324,-3.45% ± 0.82%p,True,-2031.9609588327419,208,95,59,-4.964771604151502,0.4898035895574189,15.037315050760904,14.289803822835287,37.59039044064739,0.4000308290094453,하,0.0025709184218722925,1.872703256808605
629,잠실역,송파구,송파구 잠실6동,3,23,3766,13.251803848985537,-0.4474041198806796,-3.372123787391177,0.8831548752570935,-4.621093389655678,-2.123154185126676,-3.37% ± 1.25%p,True,-1684.9239154706393,228,96,130,-5.157952511445151,1.3315396837309594,17.588971455891926,16.682376225789387,42.177600728475284,0.41702162171631346,하,0.07450843609450875,2.112391536797042
477,장미원시장 공영주차장(구),강북구,강북구 수유3동,3,24,5143,10.96231398664939,-0.3698556749319017,-3.3710994146523556,0.5771273542403236,-4.187280746235523,-2.5549180830691887,-3.37% ± 0.82%p,True,-1902.1677361747704,210,97,82,-4.614562616871976,0.17590057676938023,14.544403394063314,13.872938474019369,35.206882718126664,0.41311250162386465,하,0.0010243727388212776,2.110012812001679
590,가양3동,강서구,강서구 가양3동 · 강서구 등촌1동,3,16,5009,12.939555870664067,-0.43276479382593713,-3.3443375164193174,0.2000328930494382,-3.62722674669056,-3.061448286148075,-3.34% ± 0.28%p,True,-2167.718852274119,158,98,37,-4.70813676426318,0.510890366262828,16.896777470906574,16.100537935892742,40.301968949052416,0.4192543915724458,하,0.026761898233038206,1.2216204669440733
617,성내역(잠실나루역),송파구,송파구 잠실4동,3,26,4101,13.161458446532277,-0.4364121838984918,-3.310842089369087,0.9083122352138829,-4.59538957127798,-2.026294607460193,-3.31% ± 1.28%p,True,-1789.7263661677148,230,99,110,-5.081659504375346,1.4134771432070408,17.449522654215496,16.563361485799152,41.72042695803718,0.4182488993165482,하,0.033495427050230564,1.860155127876133
63,자양유수지 공영주차장(구),광진구,광진구 자양1동 · 광진구 자양2동 · 광진구 자양3동,3,22,3974,13.11642624772464,-0.4320360651950554,-3.2912601038862235,0.6078030359269058,-4.150823400545595,-2.431696807226852,-3.29% ± 0.86%p,True,-1716.9113230851501,213,100,120,-4.805891238564444,0.9542991619733805,16.978727340698242,16.16254425048828,42.800751690636226,0.39669226987928763,하,0.019581985482863384,2.185823091763104
504,빗물펌프장 공영주차장(구),동작구,동작구 흑석동,3,21,2880,13.037546402638993,-0.4277413339342579,-3.2807557037936728,0.5419759825455671,-4.047225488790097,-2.514285918797248,-3.28% ± 0.77%p,True,-1231.8950417306628,208,101,211,-4.771876993683218,0.47929765643376077,17.27321434020996,16.44929377237956,47.32621484912982,0.36498195334815714,하,0.010504400092550714,1.6286957925139935
366,압구정 428 공영주차장(구),강남구,강남구 신사동,3,19,1700,13.415758673258622,-0.4380852265519349,-3.2605114793593337,1.195947211054017,-4.951836245114203,-1.5691867136044646,-3.26% ± 1.69%p,False,-744.7448851382893,232,102,242,-4.4237169490487815,1.3837441182740142,17.4191411336263,16.650740305582683,48.51371181913581,0.3590560375707116,하,0.020244224434339042,2.6260447043293946
378,번2동 공영주차장(무인)(구),강북구,강북구 번2동 · 강북구 번3동,3,27,5908,10.88176475797487,-0.35261444661250957,-3.2404369068290197,0.36589414273970244,-3.757889365884384,-2.7229844477736553,-3.24% ± 0.52%p,True,-2083.2461505867063,186,103,47,-4.910960576076779,0.2666264830107706,14.411639531453451,13.703961054484049,36.03834448394692,0.39989737979981393,하,0.020074572530313972,2.5013342482116245
423,자양4동 공영주차장(구),광진구,광진구 자양4동,3,22,3636,12.626437718019934,-0.409607695660295,-3.2386121862718595,1.4965546239754652,-5.35506003233013,-1.1221643402135895,-3.24% ± 2.12%p,True,-1489.3335814208326,234,104,172,-4.990131088814604,1.9480171132540327,16.429571787516277,15.610298792521158,43.15808555722452,0.38068351678231527,하,0.0018247205571602088,3.081268742731518
593,구로디지털단지역,구로구,구로구 구로3동,3,31,6302,11.986043784294827,-0.3831912218992735,-3.195364093429749,0.6929483241096912,-4.175341011409381,-2.2153871754501164,-3.20% ± 0.98%p,True,-2414.8710804092216,219,105,17,-5.013932486961886,0.6809621676194183,15.755690256754557,14.96489397684733,43.88667612533729,0.3590085111881657,하,0.04324809284211062,3.298395441682987
430,송중동 공영주차장(구),성북구,성북구 길음2동 · 성북구 월곡1동,3,31,5956,11.352477411952437,-0.3555165487529397,-3.1301903760476812,0.5587372909799629,-3.920364230755147,-2.3400165213402153,-3.13% ± 0.79%p,True,-2117.4565643725086,210,106,43,-4.778054738221093,0.3289423806205405,14.972545941670736,14.256361643473307,38.00938993443184,0.39391702859475386,하,0.06517371738206768,1.7802974360685435
201,강북구청사,강북구,강북구 번1동,3,23,5165,10.706335294399102,-0.334667017147338,-3.1231044343699033,0.54902611956923,-3.8995446187617806,-2.346664249978026,-3.12% ± 0.78%p,True,-1728.5551435660007,208,107,119,-4.469925135260652,0.2088038291560862,14.243595123291016,13.60723082224528,34.90772405847845,0.4080356284308231,하,0.007085941677777985,1.5666742358268029
589,가마산고가밑,구로구,구로구 구로1동,3,27,5080,11.787583683749277,-0.3657187548485581,-3.101764571858498,0.8742065502134239,-4.3380793314857184,-1.865449812231278,-3.10% ± 1.24%p,True,-1857.851274630675,228,108,92,-4.944509671925994,0.8645719603421946,16.230241457621258,15.424651463826498,42.97028362075951,0.37770850201650086,하,0.021339862511405183,2.0646227475306977
485,중랑역제1공영주차장(구),중랑구,중랑구 면목2동 · 중랑구 중화2동,3,30,5216,10.959285917844634,-0.33588022859732547,-3.0636480762041374,0.3643349669556212,-3.5788955277195305,-2.5484006246887443,-3.06% ± 0.52%p,True,-1751.9512723636497,188,109,115,-4.853991181312222,0.2968357733755776,15.045074780782064,14.315263748168945,36.0890220743217,0.4168878488809769,하,0.038116495654360705,1.8941774579828672
578,은천동 공영주차장(구),관악구,관악구 성현동 · 관악구 은천동 · 관악구 중앙동,3,31,5876,12.73109964457268,-0.38978734775163854,-3.059701237996805,0.6270467756238558,-3.946479292326381,-2.172923183667229,-3.06% ± 0.89%p,True,-2290.390455388628,215,110,23,-4.839101472485601,0.35865100881715606,16.43799336751302,15.642695744832357,44.80821726477206,0.3668522063794863,하,0.003946838207332437,1.4504173564416936
606,동호대교(남),강남구,강남구 압구정동,3,20,1790,13.432247447307972,-0.40824294240199893,-3.034845259051951,1.1380709733230427,-4.644320664468546,-1.425369853635355,-3.03% ± 1.61%p,False,-730.7548668995781,231,111,243,-4.10126582711371,1.2640350101100541,17.375885645548504,16.665205001831055,48.45602437740064,0.3585908226852475,하,0.02485597894485414,2.5987637054112724
202,강북실버종합복지센터,강북구,강북구 미아동,3,26,5548,11.040252859980896,-0.332703583696805,-3.0123728180269644,0.32473854003379854,-3.4716224655680006,-2.5531231704859283,-3.01% ± 0.46%p,True,-1845.8394823498743,186,112,95,-4.8932602530104345,0.4112175787920266,14.618289947509766,13.90250015258789,36.35672771939986,0.40207936369668057,하,0.022472441024986356,2.366990206742513
493,중화제1공영주차장(구),동대문구,동대문구 이문2동,3,30,5062,10.878328093142018,-0.3268080220029989,-3.0032487301836976,0.27450354894296186,-3.391455372018381,-2.615042088349014,-3.00% ± 0.39%p,True,-1654.3022073791806,178,113,135,-4.8175575882541155,0.24282851362399022,14.869412104288736,14.153523763020834,36.444376696830936,0.4080029198463895,하,0.009124087843266793,0.8504288747815751
516,바람개비 공영주차장(구),양천구,양천구 목1동,3,24,3601,11.801681682715078,-0.3542801186763995,-3.0022544953468127,0.5389839237564503,-3.7644928702242506,-2.2400161204693747,-3.00% ± 0.76%p,True,-1275.7627073537146,204,114,207,-4.907497868296492,0.33261551527899236,15.580734570821127,14.815524101257324,40.34231605896033,0.3862131898438818,하,0.0009942348368849885,1.209720411417746
546,청파동청사 공영주차장(구),용산구,용산구 남영동 · 용산구 청파동,3,26,4244,12.154696480643002,-0.3649345107475022,-3.0011795520604205,0.5153795594735147,-3.730036314837736,-2.272322789283105,-3.00% ± 0.73%p,True,-1548.7820636123995,203,115,159,-4.616358605295489,0.2938441402505672,15.464605649312338,14.750484148661295,48.771581571062654,0.3170823079989651,하,0.001074943286392127,1.4914687531303001
435,달마을주차장(구),강서구,강서구 등촌2동 · 양천구 목3동,3,23,4250,12.52528357020847,-0.375781950466657,-2.9999288110644353,0.3035423453071256,-3.4292025125523096,-2.570655109576561,-3.00% ± 0.43%p,True,-1597.0732894832925,183,116,151,-4.325847280064404,0.3186146691937167,16.472182591756184,15.760117212931315,40.288267764318604,0.4088580498947341,하,0.0012507409959852112,1.1962508862569996
564,망우3동공영주차장(구),중랑구,중랑구 망우3동,3,22,4757,10.79087675517971,-0.32268147863318214,-2.9857300504412496,0.8716735890780977,-4.218462662077927,-1.752997438804572,-2.99% ± 1.23%p,True,-1534.9957938580474,227,117,163,-5.124983794682515,0.3332980670293386,14.907079378763834,14.142723401387533,34.469815110851314,0.43246763380726666,하,0.014198760623185702,1.846025786700546
609,문래1동,영등포구,영등포구 도림동,3,28,5816,11.782175945502672,-0.35107628183662837,-2.979868664304433,0.43772200112835224,-3.59890105484924,-2.360836273759626,-2.98% ± 0.62%p,True,-2041.8596551618307,198,118,58,-4.724567533153037,0.5568138747268424,15.22634474436442,14.508220354715982,43.48679351737017,0.3501372143771069,하,0.0058613861368166376,1.9508104943003577
494,상암1 공영주차장(구),마포구,마포구 상암동 · 서대문구 북가좌1동 · 은평구 수색동 · 은평구 증산동,3,16,6162,11.566693334070072,-0.34369031646065257,-2.9687086570942705,0.639381051017222,-3.8729300109671896,-2.0644873032213513,-2.97% ± 0.90%p,True,-2117.819730030541,212,119,42,-4.348051946856088,0.2227312653187779,14.31288210550944,13.690888404846191,37.3159542621115,0.3835593217039053,하,0.011160007210162526,1.54972085056851
569,벤처빌딩 공영주차장(구),성북구,성북구 장위2동,3,28,6216,11.06417834333419,-0.3231586412234619,-2.9206767252155035,0.279958826030514,-3.316598293893906,-2.524755156537101,-2.92% ± 0.40%p,True,-2008.754113845039,180,120,63,-4.358021784473016,0.4102497046308826,14.855435053507486,14.20880381266276,36.547885049149656,0.40646497146223026,하,0.048031931878766976,1.3959728832212623
586,도화공영주차장(구),동작구,동작구 상도2동 · 동작구 상도3동 · 동작구 상도4동,3,29,5633,12.466348738707707,-0.36277766096205905,-2.9095870263319186,0.22655682737064012,-3.229986764247698,-2.5891872884161393,-2.91% ± 0.32%p,True,-2043.5265641992787,171,121,54,-4.789922984631361,0.12086835463921117,16.277847290039062,15.497867902119955,44.363766840948884,0.36691760977821647,하,0.011089698883584909,0.7202914418501267
240,구립서대문노인전문요양센터,서대문구,서대문구 홍3동 · 서대문구 홍은1동 · 종로구 부암동,3,15,3169,13.349202275492614,-0.3881685377044655,-2.907176814705321,0.47912061737582906,-3.584755689810789,-2.2295979395998535,-2.91% ± 0.68%p,True,-1230.1060959854512,198,122,212,-4.450248927921448,0.7576461142979647,18.106722513834637,17.29870859781901,43.27557919198536,0.4184050878558317,하,0.0024102116265973805,1.0599708713409923
620,압구정고가1,강남구,강남구 논현2동,3,18,2072,14.364464599557484,-0.4176934525420677,-2.9056056822875536,0.5448206564088983,-3.6760984436420294,-2.1351129209330777,-2.91% ± 0.77%p,True,-865.4608336671643,202,123,236,-4.175481137535443,0.9953930165752823,17.8608881632487,17.115448633829754,53.25913822061813,0.3353581894108501,하,0.001571132417767629,1.4510494321620038
400,법마을공영주차장(구),양천구,양천구 신정1동 · 양천구 신정4동,3,28,4807,12.176585512285653,-0.3532927119092181,-2.9012849218021635,0.07046831207008183,-3.0009421644492127,-2.8016276791551142,-2.90% ± 0.10%p,True,-1698.2780661476115,152,124,125,-5.047493022891523,0.322848811111446,16.716895421346027,15.873095194498697,40.686022008305315,0.41087564220295547,하,0.004320760485390096,1.0987180359961863
272,강동소방서,강동구,강동구 성내1동,3,22,5048,12.399370161447644,-0.3583550111070863,-2.88912915619086,0.4400721194327672,-3.511485115914952,-2.266773196466768,-2.89% ± 0.62%p,True,-1808.9760960685717,198,125,105,-4.944746648046877,0.3359210667466979,16.587526321411133,15.768049558003744,38.82107028441325,0.4272815303619041,하,0.012155765611303604,0.8913568383269501
533,문화회관 동측 공영주차장(구),양천구,양천구 신정6동,3,28,5521,12.125226083593077,-0.35009760415996344,-2.887478728181712,0.06867198784550022,-2.9845955847479386,-2.7903618716154854,-2.89% ± 0.10%p,True,-1932.8888725671582,152,126,77,-5.194089952251346,0.5652587032777975,16.701424916585285,15.834338506062826,41.6094479757968,0.4013853999288839,하,0.0016504280091478307,0.89079585139739
402,신정7동 한사랑교회 주차장(구),양천구,양천구 신정7동,3,28,5426,12.218199900557954,-0.35140950226750906,-2.876275330500942,0.157148906746436,-3.0985174457338562,-2.6540332152680275,-2.88% ± 0.22%p,True,-1906.747959303504,161,127,80,-5.2020656495682855,0.6678684159755971,16.926781336466473,16.046375274658203,41.855765379306014,0.40440740201671893,하,0.011203397680770166,0.3429963312121724
576,개운산공영주차장(구),성북구,성북구 돈암1동 · 성북구 동선동 · 성북구 안암동 · 성북구 종암동,3,34,6555,11.783712780215437,-0.33831097490386836,-2.86787061495887,0.9037388988758814,-4.145950422593268,-1.5897908073244715,-2.87% ± 1.28%p,True,-2217.628440494857,224,128,31,-4.1667132422692985,0.5488077200451035,15.250160217285156,14.613353729248047,42.384519306101616,0.35980495867248785,하,0.008404715542071894,1.8346005300696833
210,북부종합사회복지관,노원구,노원구 상계1동,3,13,3770,10.03767846315957,-0.2873373993167636,-2.8621126264719106,0.4076759234708644,-3.438653446497383,-2.285571806446438,-2.86% ± 0.58%p,True,-1083.2619954241989,193,129,223,-5.254443287695067,0.7599256725038064,13.78732681274414,13.062079747517904,30.82342000158072,0.4473003583650706,하,0.005757988486959409,1.9828702992573295
503,망원1-1 공영주차장(구),마포구,마포구 망원1동,3,16,5342,11.525160466174436,-0.3292396806645404,-2.857337565580997,0.2569037865134455,-3.2206543846933138,-2.49402074646868,-2.86% ± 0.36%p,True,-1758.798374109975,176,130,114,-4.2352452975793975,0.5106038223139855,14.222680727640787,13.61981169382731,37.48373573599674,0.37943605268730796,하,0.004775060890913618,0.9637410733236766
434,목2동 월촌(구),강서구,강서구 염창동 · 양천구 목2동,3,21,4109,12.791822668031651,-0.36124553679715454,-2.82345271918077,0.4324598613709015,-3.4350433203134876,-2.2118621180480527,-2.82% ± 0.61%p,True,-1484.357910699508,193,131,174,-4.293790855486682,0.16828742084552065,16.15893777211507,15.465187390645346,42.17939809104718,0.38310024569897544,하,0.03388484640022682,1.0060240299751997
514,대방생태공영주차장(구),동작구,동작구 대방동,3,31,6546,12.31771048665198,-0.3432960252333146,-2.7866903254281197,0.18580659556061,-3.0494605328483066,-2.5239201180079327,-2.79% ± 0.26%p,True,-2247.215781177277,167,132,28,-4.574249940737446,0.30118788420913334,15.844172795613607,15.119988123575846,45.29976690204883,0.3497627886225835,하,0.036762393752650446,0.941372662978405
517,장위1동동방고개공영주차장(구),성북구,성북구 장위1동,3,28,5794,11.12249348599701,-0.30855106096169266,-2.7735275066019027,0.375093798303975,-3.3039902433254222,-2.243064769878383,-2.77% ± 0.53%p,True,-1787.7448472120473,186,133,112,-4.265173317380263,0.26078985813408023,14.638039906819662,14.01385498046875,37.17201550660545,0.39379193480155766,하,0.013162818826216949,0.8371844443846939
414,신당역 공영주차장(구),성동구,성동구 왕십리2동 · 중구 동화동 · 중구 신당5동 · 중구 황학동,3,39,6797,11.59080511064952,-0.3215338619666988,-2.77211780014923,1.8856722528765517,-5.438861074357877,-0.1053745259405825,-2.77% ± 2.67%p,True,-2185.465659787652,235,134,33,-4.499264135448224,1.7311078944894254,15.07505734761556,14.393403053283691,45.16130326227708,0.33380474562627716,하,0.0014097064526725767,3.8452335184197244
427,동원시장공영주차장(구),중랑구,중랑구 면목38동 · 중랑구 면목본동,3,26,5299,10.977426137060613,-0.30465783976157873,-2.7716658653687394,0.7183256488577949,-3.787531740183886,-1.7557999905535924,-2.77% ± 1.02%p,True,-1614.3818928966057,210,135,146,-4.860551086288751,0.27935081335429907,15.24490737915039,14.503902753194174,35.456305533183325,0.4299632223352425,하,0.0004519347804907703,4.035716334469261
605,동작대교,용산구,용산구 이촌1동,3,18,2223,13.275255089271075,-0.36065664237525574,-2.7161411598781,0.4599101397964346,-3.366552317051124,-2.065730002705076,-2.72% ± 0.65%p,True,-801.7397160001935,196,136,240,-3.8157685753649866,0.8320820267101432,16.302783966064453,15.67941919962565,49.484165062788286,0.32945456279556434,하,0.05552470549063937,1.705882850015848
451,대림1동공영(구),영등포구,영등포구 대림1동 · 영등포구 대림2동,3,32,6378,11.920311443147334,-0.3218503737177289,-2.7002194898624183,0.34705181983493294,-3.1910248803192443,-2.2094140994055924,-2.70% ± 0.49%p,True,-2052.761683571675,181,137,52,-4.614823576245787,0.19005831344484014,15.70209789276123,14.977156639099121,43.53789086348381,0.36065361875237106,하,0.015921670015681677,1.152323396166744
373,광진광장 공영주차장(구),광진구,광진구 군자동 · 광진구 화양동,3,26,4054,12.329733581962307,-0.33036095304785934,-2.6761939014651475,0.48344560442005835,-3.3598892319056524,-1.9924985710246426,-2.68% ± 0.68%p,True,-1339.2833036560219,196,138,199,-4.984045125624341,0.4756763659187177,16.814324696858723,15.97515869140625,41.525504112497494,0.4049156068354217,하,0.02402558839727087,1.1902346291111081
560,구로2동 소공원 공영주차장(구),구로구,구로구 구로2동,3,26,4620,11.626633123081143,-0.3095537488796888,-2.6631194780036314,0.7589656892045776,-3.736459049052588,-1.5897799069546745,-2.66% ± 1.07%p,True,-1430.1383198241622,209,139,183,-4.604303568917827,0.7891663542590092,15.857989629109701,15.125428517659506,42.72905483010703,0.3711289587883912,하,0.013074423461516105,1.7997206114537392
472,옥수유수지(평면) 공영주차장(구),성동구,성동구 금호4가동 · 성동구 옥수동,3,27,2728,12.112104230225908,-0.32201740745901947,-2.6572496464714286,0.5876072119164162,-3.4882517349118656,-1.8262475580309916,-2.66% ± 0.83%p,True,-878.4634875482051,201,140,235,-4.400122529102904,0.8523059473767518,15.977683067321777,15.27303409576416,44.9772168405019,0.3552394787783735,하,0.005869831532202774,1.9196990940102707
379,신길5동 공영(구),영등포구,영등포구 신길3동 · 영등포구 신길5동,3,31,7157,12.175805505423876,-0.3228090132265855,-2.6503888699781752,0.4865325331682407,-3.338449776920439,-1.9623279630359116,-2.65% ± 0.69%p,True,-2310.3441076626723,194,141,21,-4.398302571324359,0.12244232249953522,15.622872034708658,14.935803731282553,45.151823179569405,0.3460075570498291,하,0.00686077649325334,1.5257734318401133
431,오패산 공영주차장(구),강북구,강북구 송중동,3,30,6556,11.013992181813,-0.29074407844575845,-2.639622098448092,0.4560304307045475,-3.284546518405307,-1.9946976784908772,-2.64% ± 0.64%p,True,-1906.1181782903923,191,142,81,-4.293401473624428,0.19732700912910808,14.530257225036621,13.906815846761068,35.986778471552334,0.403766545441761,하,0.010766771530083208,1.33368311012726
436,구로5동마을공동주차장(구),구로구,구로구 구로5동,3,29,5825,11.986252505370771,-0.31556176093448934,-2.6327349702199476,0.5165924994173055,-3.363307089116116,-1.9021628513237792,-2.63% ± 0.73%p,True,-1838.1472574434003,196,143,98,-3.9751437357934196,0.3978363250404561,15.812575022379557,15.182991027832031,45.051833592955354,0.35098626984301323,하,0.006887128228144412,1.3781604611695895
496,남부골목 전통시장 고객주차장(구),강서구,강서구 화곡2동 · 강서구 화곡4동 · 강서구 화곡8동 · 양천구 목4동,3,30,4976,12.367542740165286,-0.32293434530192516,-2.6101961521882697,0.5136123114729637,-3.3365536488751295,-1.88383865550141,-2.61% ± 0.73%p,True,-1606.9213022223796,194,144,147,-4.248214663276673,0.5101568037826097,16.510873794555664,15.808685938517252,39.61129257495906,0.4168223938492047,하,0.0225388180316779,1.456935711623295
45,노량진 청사 공영주차장(구),동작구,동작구 노량진2동,3,23,6464,12.640674535940049,-0.32952566279150197,-2.6066522241464227,0.1617801628519697,-2.8354439245746064,-2.377860523718239,-2.61% ± 0.23%p,True,-2130.053884284269,167,145,40,-4.18804695858106,0.17061200796222628,15.74123509724935,15.08174991607666,47.33005696243426,0.33258432606035365,하,0.003543928041847,1.0769780454382727
158,구로미래도서관 공영주차장(구),구로구,구로구 신도림동,3,28,5776,11.886949193841437,-0.3099163087071706,-2.605705106906087,0.7556872729950478,-3.674408297288423,-1.537001916523751,-2.61% ± 1.07%p,True,-1790.0765990926172,206,146,109,-4.160576882992472,0.6330660272297197,15.613653182983398,14.96309757232666,44.470890330220314,0.351098281753381,하,0.0009471172403356931,1.5456210087328675
521,장영당길 공영주차장(구3동)(구),동대문구,동대문구 답십리1동,3,40,6240,11.1593311756827,-0.29078548965740464,-2.60339859523472,0.7019596108380769,-3.5961193971200682,-1.610677793349372,-2.60% ± 0.99%p,True,-1814.501455462205,205,147,104,-4.6542648202626085,0.619386345276501,15.256243069966635,14.54472541809082,39.925969733540086,0.3821132754391316,하,0.002306511671366973,2.062823841063154
396,구의2동 주택가 공영주차장(구),광진구,광진구 구의1동,3,23,4154,12.601179427941963,-0.32767039507061624,-2.5955737018831813,0.9315451407211552,-3.9129774738537924,-1.2781699299125704,-2.60% ± 1.32%p,True,-1361.14282112334,216,148,192,-4.141613026126593,0.5557638919092377,16.569250742594402,15.883074760437012,40.83543491959572,0.4057566859571589,하,0.007824893351538798,2.332829736135187
422,능동공영주차장(구),광진구,광진구 능동 · 광진구 중곡2동,3,28,4243,12.047124897243686,-0.3130208428826192,-2.594624522281937,0.6815178515752065,-3.558436310978968,-1.6308127335849059,-2.59% ± 0.96%p,True,-1328.1474363509533,204,149,200,-4.991572671851624,0.3754742279229498,16.53928057352702,15.713848114013672,39.9093802825011,0.4144208819193048,하,0.0009491796012444098,2.3084565676805635
105,쌍문2동 5공영주차장(구),도봉구,도봉구 방학1동 · 도봉구 쌍문2동,3,23,7390,9.778264282056046,-0.25178231983616206,-2.57286454046989,0.6234772572259971,-3.454594533470074,-1.6911345474697064,-2.57% ± 0.88%p,True,-1860.6713435892377,200,150,91,-4.439598739315993,0.23104165592951773,13.019694010416666,12.44166374206543,30.313953996741255,0.4294950771455377,하,0.021759981812046636,1.8473662033216234
584,전농1동 공영주차장(구),동대문구,동대문구 전농1동,3,40,6725,11.143335314470628,-0.2819514207806962,-2.528390691893042,0.5909660831592203,-3.3641429415993174,-1.6926384421867664,-2.53% ± 0.84%p,True,-1896.123304750182,197,151,85,-4.328898799426173,0.650264525161279,14.994689305623373,14.34437370300293,39.412960871766145,0.38045071910253164,하,0.04447384857684833,1.7180975545324573
251,마포도서관,마포구,마포구 서강동 · 마포구 서교동 · 마포구 연남동,3,22,9470,11.633256998117133,-0.2940343322130268,-2.5271599370627973,0.25610186726053763,-2.8893426710917236,-2.164977203033871,-2.53% ± 0.36%p,True,-2784.5051260573637,171,152,4,-3.869539103997827,0.3672911994966742,13.901196479797363,13.36358642578125,42.67114560729125,0.32577509419906586,하,0.0012307548302445959,1.28814452272854
440,영등포본동제1공영(구),영등포구,영등포구 영등포본동,3,24,6158,12.436676605487035,-0.3141773295988841,-2.52492598535236,0.37781936582324377,-3.059243256626793,-1.9906087140779267,-2.52% ± 0.53%p,True,-1934.7039956699284,180,153,76,-4.41808317093052,0.08490840060712497,15.584134101867676,14.895527521769205,48.124625031501665,0.32382868628413275,하,0.0022339517104374984,0.9128759819502584
561,석관동 공영주차장(구),동대문구,동대문구 이문1동 · 성북구 석관동,3,28,5832,10.915551802017257,-0.275005215583473,-2.518131003182006,0.531470678648728,-3.26974404493067,-1.7665179614333422,-2.52% ± 0.75%p,True,-1603.8304172828146,191,154,148,-4.335257561454375,0.476213493016188,14.572678248087565,13.941363970438639,36.20114209014794,0.4025474724471051,하,0.006794982170353681,1.3041603512673088
122,가재울 공영주차장(구),노원구,노원구 공릉2동 · 노원구 하계1동,3,20,9995,9.667158265905167,-0.24312952362497417,-2.5142718607722574,0.41566766765713625,-3.1021147138129717,-1.9264290077315431,-2.51% ± 0.59%p,True,-2430.079588631617,183,155,16,-3.8606308579240536,0.17649272331884347,12.788246790568033,12.294668515523275,29.550868402785635,0.43275367127155356,하,0.003859142409748717,1.349430535001877
507,서광공영주차장(구),동작구,동작구 신대방1동,3,33,6335,11.927960488043786,-0.29937505405696346,-2.508986037086724,1.0570470441639594,-4.003876303009788,-1.0140957711636607,-2.51% ± 1.49%p,True,-1896.5409674508635,222,156,84,-4.37566654454847,1.0634233704141671,15.649730682373047,14.963291803995768,43.54743794841661,0.35937201864575075,하,0.00528582368553332,2.271676089156451
365,마장동(건물) 공영주차장(구),성동구,성동구 왕십리도선동,3,42,5979,11.40772114608587,-0.2863013933790987,-2.5072236918523756,1.2051396396271332,-4.211548514766491,-0.8028988689382597,-2.51% ± 1.70%p,True,-1711.7960310136311,227,157,122,-4.352006017637755,0.7249762328564986,15.46472136179606,14.789911270141602,41.32739391193762,0.3742002555193542,하,0.0017623452343484836,3.2060630090978437
594,구로디지털단지역(상),관악구,관악구 조원동,3,33,6593,11.961816418604526,-0.2986351040665311,-2.495505658786523,0.33672172012929685,-2.9717020821389726,-2.019309235434074,-2.50% ± 0.48%p,True,-1968.9012411106396,177,158,71,-4.213782167053286,0.22092670080276347,15.665822347005209,15.005301475524902,43.88831175499592,0.35694748147203287,하,0.011718033065852396,2.5025931094026843
438,독산3동 공영주차장(구),관악구,관악구 미성동 · 금천구 독산3동,3,29,6025,12.140718696667625,-0.302894419693762,-2.4916267419690765,0.6763017345566332,-3.448061827235516,-1.535191656702637,-2.49% ± 0.96%p,True,-1824.9388786549162,199,159,100,-4.138897710075906,0.19057097171533177,15.962863604227701,15.301798502604166,44.68545521929912,0.3572272795675477,하,0.003878916817446676,1.510980546494419
115,둘리뮤지엄  공영주차장(구),도봉구,도봉구 쌍문3동,3,24,7385,9.773214956087154,-0.24350475622643822,-2.4906815962385918,0.23170953843462294,-2.8183683680240454,-2.162994824453138,-2.49% ± 0.33%p,True,-1798.2826247322462,170,160,107,-4.389342123227461,0.25870252932207133,13.05570157368978,12.4828888575236,30.983592808356445,0.4213746822211201,하,0.0009451457304847644,1.4297878812829499
475,배나무터공원(구),광진구,광진구 중곡1동 · 광진구 중곡3동 · 동대문구 장안2동 · 중랑구 면목4동,3,29,4689,11.314974492428172,-0.2818853955590642,-2.488276080390683,0.5787235540320574,-3.306714779367577,-1.6698373814137888,-2.49% ± 0.82%p,True,-1321.7606197764521,192,161,201,-4.601510143941851,0.5359341557249526,15.622810363769531,14.902995745340982,37.943977741193514,0.4117335949944114,하,0.0024055158479088234,1.2467722521665001
550,용산전자상가1 공영주차장(구),용산구,용산구 서빙고동,3,20,2716,12.581769214416747,-0.31157217627587086,-2.4776649115062845,0.8251760564588455,-3.644640081895931,-1.3106897411166385,-2.48% ± 1.17%p,True,-846.2300307652653,206,162,237,-3.6960287520467783,0.9476792563726214,15.81195863087972,15.22717316945394,48.58202955261256,0.32546928929257574,하,0.010611168884398392,2.01577426925186
548,용산전자상가5 공영주차장(구),용산구,용산구 용산2가동,3,20,2716,12.581769214416747,-0.31157217627587086,-2.4776649115062845,0.8251760564588455,-3.644640081895931,-1.3106897411166385,-2.48% ± 1.17%p,True,-846.2300307652653,206,162,237,-3.6960287520467783,0.9476792563726214,15.81195863087972,15.22717316945394,48.58202955261256,0.32546928929257574,하,0.0,2.333950340779292
532,공덕1-1 공영주차장(구),마포구,마포구 공덕동 · 마포구 아현동 · 용산구 효창동,3,27,6536,12.135656979355241,-0.29934052387306126,-2.4652673497716493,0.9361998913630786,-3.789253933229533,-1.1412807663137654,-2.47% ± 1.32%p,True,-1956.4896640343284,210,164,72,-4.149456372012168,1.07307227474573,14.983739535013834,14.359515825907389,48.79561820447343,0.30707141514686603,하,0.012397561734635243,2.495905255205984
375,송정동(건물) 공영주차장(구),성동구,성동구 송정동,3,30,4587,12.057006241642299,-0.29495817090456333,-2.446425744899965,0.9907234026670374,-3.84752021751211,-1.0453312722878199,-2.45% ± 1.40%p,True,-1352.973129939232,212,165,196,-4.250296681834708,1.4244982036591385,16.505390803019207,15.806622187296549,41.39982048704102,0.3986826659836781,하,0.018841604871684403,2.7261717460060306
449,신길4동 공영주차장(구),영등포구,영등포구 신길4동 · 영등포구 신길6동,3,30,7499,12.384259805591114,-0.30102856649829474,-2.4286259397794687,0.7056220581861355,-3.4265262243759187,-1.4307256551830188,-2.43% ± 1.00%p,True,-2257.413220170712,199,166,26,-4.4473092716948734,0.47743101295972684,15.610188802083334,14.91626008351644,46.99676948314141,0.33215450708123656,하,0.01779980512049617,2.432640828064012
547,용산전자상가4 공영주차장(구),용산구,용산구 원효로2동,3,26,5011,12.33922696950422,-0.29912544456155915,-2.423138164134436,0.4193941560359948,-3.0162510675805576,-1.8300252606883143,-2.42% ± 0.59%p,True,-1498.9176026979728,179,167,170,-3.5900541650031332,0.3567592604379438,15.436702092488607,14.882525761922201,49.0506625150825,0.3147093494963907,하,0.0054877756450326665,1.6416990553886328
385,견인보관소(구),동대문구,동대문구 휘경1동 · 동대문구 휘경2동 · 중랑구 면목5동,3,36,5689,11.056788354701498,-0.26758372607187825,-2.4192656782976396,0.3674968803325655,-2.938984750593756,-1.8995466060015231,-2.42% ± 0.52%p,True,-1522.2838176229154,176,168,167,-4.0150383441094535,0.2642095263374631,15.407373428344727,14.788527488708496,37.54130741830718,0.4104112106876506,하,0.0038724858367964465,1.1152495956893458
482,쌍문2동 2공영주차장(구),도봉구,도봉구 쌍문4동,3,22,6460,9.945868862632414,-0.24064675652701573,-2.418926825508067,0.6530618862680174,-3.342495802137253,-1.4953578488788812,-2.42% ± 0.92%p,True,-1554.5780471645216,195,169,158,-4.432292592246212,0.2525604853655768,13.247097333272299,12.659741401672363,31.345198777197247,0.4226196626613576,하,0.00033885278957246356,1.4987245035030405
450,대림3동 공영주차장(구),영등포구,영등포구 대림3동,3,32,7371,12.129570578318749,-0.2931957994737644,-2.41743530346291,0.4165747347128598,-3.0065609430358107,-1.8283096638900096,-2.42% ± 0.59%p,True,-2161.1462379211175,179,170,39,-4.372159517108885,0.5689459904188499,15.705282211303711,15.018733024597168,45.03388426507199,0.34874367307207016,하,0.0014915220451570121,1.5492247569633406
639,청계8가,중구,중구 신당동,3,41,7291,11.740124609711723,-0.28351332476519175,-2.4152900261502226,0.3650483338824497,-2.9315463308484846,-1.8990337214519604,-2.42% ± 0.52%p,True,-2067.095650863013,176,171,50,-4.235439798739763,0.27136875243828507,15.23982016245524,14.594143231709799,45.926524939613316,0.3318304657818849,하,0.0021452773126875435,1.1077811980196124
579,신사시장 공영주차장(구),관악구,관악구 신사동,3,35,6183,12.091565592018753,-0.29223100543355207,-2.4108668798258504,1.445903313275767,-4.4556829553406345,-0.3660508043110666,-2.41% ± 2.04%p,True,-1806.8643065956524,230,172,106,-4.107772331641253,1.1560965460368877,15.664364496866861,15.018755594889322,44.300629581288725,0.3535923675333731,하,0.00442314632437224,2.9825470171732036
191,동작대교(위),동작구,동작구 사당2동 · 서초구 반포본동,3,20,2737,13.684783247344894,-0.3290567384577277,-2.398519172664061,1.2407724948745658,-4.153236462735173,-0.6438018825929488,-2.40% ± 1.75%p,True,-900.6282931588007,224,173,231,-3.9980670891284706,1.2173837472611317,17.738924026489258,17.026531219482422,51.50078237337111,0.34443989409491593,하,0.012347707161789234,3.810591962086256
491,중화제4공영주차장(구),중랑구,중랑구 중화1동,3,28,5699,10.891887985237837,-0.2607221691654509,-2.391749933997926,0.713836317505392,-3.4012669355285183,-1.382232932467334,-2.39% ± 1.01%p,True,-1485.8556420739046,199,174,173,-4.589219712126394,0.9051532676583325,14.906381607055664,14.222708066304525,35.14762381148646,0.42410780560887207,하,0.006769238666135102,2.862920657110087
492,신길1동 공영주차장(구),영등포구,영등포구 신길1동 · 영등포구 신길7동,3,28,6941,12.389425344536066,-0.29631023636900383,-2.3899120715392184,1.0731883833179328,-3.907629638208695,-0.8721945048697421,-2.39% ± 1.52%p,True,-2056.6893506372558,216,175,51,-4.203083081869255,0.5448521291650614,15.529871622721354,14.87804921468099,47.206903083420706,0.32897459075589136,하,0.0018378624587076509,2.5778251253940536
499,망원노외주차장(구),마포구,마포구 망원2동,3,19,7248,11.666490416785086,-0.2784086292648897,-2.387988493393582,0.5414819988811399,-3.153759679992183,-1.622217306794981,-2.39% ± 0.77%p,True,-2017.9057449119205,185,176,61,-3.757958181379653,0.8988105667411045,14.130733172098795,13.598995208740234,38.19007992157796,0.370010568218652,하,0.0019235781456363732,2.404109865377099
445,문래동공영(구),영등포구,영등포구 문래동,3,29,6041,11.879823987184452,-0.2837006665028033,-2.3878505207130374,0.11219197232840852,-2.54651392956926,-2.229187111856815,-2.39% ± 0.16%p,True,-1713.8357263434348,146,177,121,-4.461731427277581,0.09266560540504032,15.682720502217611,14.982906659444174,43.66539779403282,0.3591567074733203,하,0.00013797268054460687,1.1059652684732069
428,상봉2동공영주차장(구),중랑구,중랑구 상봉1동 · 중랑구 상봉2동,3,29,5869,10.922332560165302,-0.26091162899985965,-2.3875817298179096,0.5394544588628796,-3.1504855418244326,-1.6246779178113866,-2.39% ± 0.76%p,True,-1531.2903506001762,185,178,165,-4.601883340283422,0.7945597177591304,14.980227788289389,14.291646321614584,35.4400317556703,0.4226922789337681,하,0.00026879089512776844,1.1019948309170613
549,용산전자상가2 공영주차장(구),용산구,용산구 원효로1동 · 용산구 한강로동,3,25,4163,12.11125479401,-0.2890898446233123,-2.387092434068517,0.3811601550142233,-2.926134294725863,-1.8480505734111712,-2.39% ± 0.54%p,True,-1203.481023166849,176,179,215,-3.606102889761758,0.5465630436279793,15.32994556427002,14.776473045349121,45.749458825578614,0.33508474106144,하,0.0004892957493924932,1.3210513645691586
268,행당1동주민센터,성동구,성동구 응봉동 · 성동구 행당1동 · 성동구 행당2동,3,40,5233,11.395437580547013,-0.2714674413263491,-2.3802849204871257,0.6806732348224184,-3.3429022407173563,-1.417667600256895,-2.38% ± 0.96%p,True,-1420.589120460785,195,180,185,-4.305102576849014,0.564397743777182,15.44601567586263,14.77963129679362,41.88667629384681,0.36875725272409987,하,0.006807513581391422,1.5602552565193708
147,신창 공영주차장(구),마포구,마포구 도화동 · 용산구 용문동,3,23,4534,12.108131245947304,-0.28747686718191545,-2.3747772597040373,0.2232543501035167,-2.690506589479222,-2.0590479299288527,-2.37% ± 0.32%p,True,-1303.4201158028047,165,181,205,-3.528335932855405,0.46180556382833227,15.255880991617838,14.716620763142904,47.5228872750193,0.32102176164782786,하,0.005507660783088397,1.432701723938041
419,성수2가1동(건물) 공영주차장(구),성동구,성동구 성수2가1동,3,22,2893,13.082453827927559,-0.3099729899802502,-2.367924603275092,0.9481906335085936,-3.7088686568980815,-1.0269805496521023,-2.37% ± 1.34%p,True,-896.7518600128639,208,182,232,-4.1675018782315805,1.099897950162837,16.951464970906574,16.24578634897868,46.16613412159745,0.3671839822294398,하,0.006852656428945281,1.9482381603013237
608,목동체비지,양천구,양천구 목5동,3,25,4255,12.308767268631025,-0.29030658452110697,-2.3563479349912,1.045585004939657,-3.8350284295908024,-0.8776674403915978,-2.36% ± 1.48%p,True,-1235.2545171373101,211,183,210,-4.321054928932147,0.7344987829737883,15.559471130371094,14.88791306813558,43.72064483490529,0.35588384364241726,하,0.011576668283892033,2.822986702078556
107,양평유수지 공영주차장(구),영등포구,영등포구 양평1동,3,23,4322,12.150058089170573,-0.2845942463824423,-2.3412081187684435,0.3661524387182566,-2.8590258634997854,-1.8233903740371016,-2.34% ± 0.52%p,True,-1230.0163328649155,174,184,213,-3.950470515414198,0.21670472242301592,15.651959419250488,15.033745447794596,43.65890121648621,0.3585055735058236,하,0.015139816222756508,2.215685547124401
638,청계8(북),동대문구,동대문구 용신동,3,43,7368,11.534139488885693,-0.27035971829866473,-2.339102801874923,1.1039571985989676,-3.900334044412991,-0.7778715593368548,-2.34% ± 1.56%p,True,-1992.0104044245618,214,185,66,-3.965841236452919,1.2254483661535203,15.061546007792154,14.461064656575521,43.35767739433654,0.3473789859822962,하,0.002105316893520559,2.3261892482924145
612,보라매상업,동작구,동작구 신대방2동,3,36,6679,12.218930086767761,-0.28453405615384025,-2.3276439511819325,0.3852428429537693,-2.8724596044943214,-1.7828282978695436,-2.33% ± 0.54%p,True,-1900.402961051499,174,186,83,-4.448046495294961,0.4696155659485288,16.046167373657227,15.33189582824707,44.414499912239634,0.36128218048978333,하,0.011458850692990463,2.338489721495977
194,소파길노상,용산구,용산구 후암동 · 중구 명동,3,27,4416,12.311286111489919,-0.2857194677588825,-2.3185725991042037,1.509230414087089,-4.452946719452127,-0.18419847875628026,-2.32% ± 2.13%p,True,-1261.737169623225,230,187,208,-4.08955939794365,1.4067188997536093,15.38944180806478,14.75667635599772,50.7605731289273,0.3031770695137145,하,0.0090713520777288,3.115245409820927
480,도봉2동 법조타운 공영주차장(구),노원구,노원구 상계8동 · 도봉구 도봉1동 · 도봉구 도봉2동,3,16,4487,10.027194217479797,-0.2325724216899865,-2.3178768268483014,0.5720439992178474,-3.1268692088163252,-1.5088844448802776,-2.32% ± 0.81%p,True,-1043.5524561229695,185,188,225,-4.813218516814946,0.5350486625120761,13.799601554870605,13.134907722473145,31.302936357357552,0.44084048209832233,하,0.0006957722559022272,3.2280091572649754
228,성북정보도서관,성북구,성북구 월곡2동,3,33,6444,11.265634351171594,-0.26061069417224175,-2.313152122552189,0.20721069892975752,-2.60619230324746,-2.020111941856918,-2.31% ± 0.29%p,True,-1679.3753132459258,160,189,131,-3.8857449803307986,0.5169443755317648,15.10733159383138,14.520946820576986,37.76446449867524,0.40004093251107375,하,0.004724704296112492,1.2168329561482254
535,동답 공영주차장(구),동대문구,동대문구 답십리2동,3,36,5837,11.270530965370945,-0.258314493210514,-2.2929909310069925,0.4489503753762797,-2.9279026406966193,-1.6580792213173656,-2.29% ± 0.63%p,True,-1507.78169686977,177,190,168,-4.104430808103367,0.5166681510662609,15.565098444620768,14.925631205240885,40.12610259604419,0.38790456679326846,하,0.020161191545196466,0.9889240886973298
544,용산구 이태원동 258-29(구),용산구,용산구 이태원2동,3,22,2955,13.066975618901628,-0.29880950645528576,-2.2850873171169273,0.9579675494471572,-3.6398580178584155,-0.930316616375439,-2.29% ± 1.35%p,True,-882.9820915753694,205,191,233,-3.70963596942919,0.6297215615447764,16.541954040527344,15.928629875183105,52.34053869711548,0.316044780055712,하,0.00790361389006522,2.1159000594019504
522,서강대역 환승 공영주차장(구),마포구,마포구 대흥동 · 마포구 신수동 · 마포구 염리동,3,24,7761,11.984707331806788,-0.2723016422367402,-2.2713892732542584,0.2505388024726931,-2.625704645611855,-1.917073900896662,-2.27% ± 0.35%p,True,-2113.333045399341,161,192,44,-3.5601246344800117,0.5005282915152585,14.349462191263834,13.837925593058268,45.97710367792147,0.31210017690075914,하,0.013698043862668818,1.980375234482842
505,등나무근린공원 공영주차장(구),노원구,노원구 중계23동,3,22,10384,9.671362344504589,-0.21768060087490324,-2.2489870797265143,0.40640295928864134,-2.8237276565410716,-1.674246502911957,-2.25% ± 0.57%p,True,-2260.395359484995,174,193,25,-3.9911608271451873,0.5672838620980015,12.819707234700521,12.308494885762533,29.793476264419578,0.43028571493049533,하,0.022402193527744085,0.9548467036399428
600,대림역2,구로구,구로구 구로4동,3,27,5457,11.931484353936481,-0.2662713805694376,-2.2326759905277624,0.7480301847114279,-3.290550422811115,-1.1748015582444098,-2.23% ± 1.06%p,True,-1453.0429237674211,192,194,178,-4.378931010517418,0.7924427757036203,16.199931144714355,15.490887324015299,44.186270853840306,0.3666281591922662,하,0.016311089198751905,1.7026009779839526
495,성산2-1 공영주차장(구),마포구,마포구 성산2동,3,18,7263,11.66231216072299,-0.25994702862263824,-2.226827452607601,0.6405004195493175,-3.1326318326399027,-1.3210230725752987,-2.23% ± 0.91%p,True,-1887.9952688862215,185,195,87,-3.7113506260925995,0.34191563384636386,14.013869285583496,13.49353281656901,38.20988705630287,0.3667602907313973,하,0.005848537920161601,1.9695582699501577
408,신정교주차장(구),양천구,양천구 신정2동,3,28,5795,11.950390831529669,-0.26592411302648294,-2.224881820647521,0.14440233716086467,-2.429097564298788,-2.0206660769962537,-2.22% ± 0.20%p,True,-1541.0302349884687,145,196,161,-4.08684866413194,0.06201616295034828,15.83901341756185,15.191675186157227,43.44254996426773,0.3645967704609817,하,0.0019456319600799077,1.3131531859160557
563,노량진역공영주차장(구),동작구,동작구 노량진1동,3,23,5875,12.53395925415881,-0.2788557248448787,-2.2244127912452556,0.47009428106291845,-2.8892264991184646,-1.5595990833720468,-2.22% ± 0.66%p,True,-1638.2773834636623,175,197,140,-3.830884834038559,0.36351570252595944,15.78571859995524,15.181177775065104,46.63983591414405,0.3384599943493379,하,0.00046902940226534184,0.9835459685557807
597,당산고가밑,영등포구,영등포구 양평2동,3,21,4832,12.691580613960875,-0.2803455365368113,-2.206530527725658,0.805928750639148,-3.3462858971859455,-1.0667751582653708,-2.21% ± 1.14%p,True,-1354.6296325458723,195,198,195,-3.975980680572649,0.7358835912226667,16.199384053548176,15.556781133015951,48.3405070585363,0.33510993242028014,하,0.01788226351959743,1.8660222766031924
636,청계5(방산동),중구,중구 광희동,3,37,6449,11.914746111830405,-0.25883639062867186,-2.1711888721713133,0.9891227533841984,-3.570019684859065,-0.7723580594835617,-2.17% ± 1.40%p,True,-1669.2358831643048,204,199,133,-4.042660716353058,1.1284399744508715,15.178686459859213,14.56248950958252,47.33410385179988,0.32067125443808403,하,0.035341655554344875,2.5517719117265285
217,구립하계실버센터,노원구,노원구 월계3동 · 노원구 하계2동,3,25,10797,9.841216202566516,-0.21161166282791474,-2.148970469661189,0.6705302768635888,-3.0972434811834626,-1.2006974581389154,-2.15% ± 0.95%p,True,-2284.7711235529955,183,200,24,-4.042228905364129,0.22284931525917406,13.080439249674479,12.551753044128418,30.18635666982218,0.4333228879771111,하,0.022218402510124413,2.389957885363756
551,용산전자상가3 공영주차장(구),용산구,용산구 이촌2동,3,26,5030,12.199093126097113,-0.2621518764956055,-2.1481498519713687,0.352219996836664,-2.6462641484367877,-1.6500355555059498,-2.15% ± 0.50%p,True,-1318.6239387728956,164,201,202,-3.4016485821452567,0.14245197956310257,15.182406743367514,14.665689786275228,47.685749709764835,0.31838456636990947,하,0.0008206176898202244,1.5148198287088543
558,마장축산물시장 북문(평면) 임시공영주차장(구),성동구,성동구 마장동,3,46,6953,11.071101775192348,-0.23654840426108584,-2.1357526491103083,0.7831979044889041,-3.243361747660704,-1.0281435505599121,-2.14% ± 1.11%p,True,-1644.72105482733,188,202,137,-4.094527715937918,0.46065091564776933,14.953878084818522,14.340682983398438,39.74172220136548,0.3762765490898813,하,0.012397202861060386,1.7175073609943339
520,장안1동(군자유치원) 노외주차장(구),동대문구,동대문구 장안1동,3,34,5657,11.356417133812366,-0.2402840811702038,-2.116875686811674,0.5790393487678908,-2.9357609869869097,-1.2979903866364384,-2.12% ± 0.82%p,True,-1359.2870471798428,177,203,193,-4.278131239536805,0.4440651764889236,15.703567822774252,15.032554626464844,40.19950965182527,0.3906407804171121,하,0.018876962298634226,1.9480097792540505
418,성수2가3동(건물) 공영주차장(구),성동구,성동구 성수2가3동,3,33,4322,11.962330283936586,-0.2533599067563757,-2.1152558750363544,0.8218795583256058,-3.277569093057635,-0.9529426570150736,-2.12% ± 1.16%p,True,-1095.0215170010558,192,204,220,-4.010781081045235,0.7387811447704128,16.39678192138672,15.73762321472168,42.14153576471431,0.38908838094875436,하,0.0016198117753196684,2.0107437189408657
233,광희빌딩,종로구,종로구 사직동,3,26,7410,12.572344294791717,-0.2659479005453876,-2.10921543233596,1.4750849181567345,-4.1953005292452215,-0.0231303354266994,-2.11% ± 2.09%p,True,-1970.673943041322,226,205,70,-3.9618899532236393,1.296661620648367,15.404635747273764,14.790763219197592,51.805130975832235,0.2973573361769942,하,0.006040442700394166,3.3771950042406216
354,천연동 구세군 아동복지시설,서대문구,서대문구 북아현동 · 서대문구 천연동 · 서대문구 충현동 · 종로구 교남동,3,27,8378,12.322837805102237,-0.2593929188602087,-2.104603987942891,0.41049671743869376,-2.685134013054328,-1.5240739628314541,-2.10% ± 0.58%p,True,-2173.1938742108287,166,206,36,-3.420764710976369,0.4347951867528534,14.857498486836752,14.348581949869791,48.43360187283669,0.3067601399095898,하,0.004611444393069153,3.0622756706746066
536,석계역 공영주차장(구),노원구,노원구 공릉1동 · 중랑구 묵2동,3,26,7630,10.31564104516182,-0.2162075327175401,-2.0963403813222836,0.3593402212758439,-2.604524195756731,-1.5881565668878364,-2.10% ± 0.51%p,True,-1649.663474634831,161,207,136,-3.980987983467719,0.7569839406681214,13.78089968363444,13.232742627461752,32.47471653865727,0.42435781286127394,하,0.008263606620607433,1.0911149337343253
616,석계역,노원구,노원구 월계1동 · 성북구 장위3동,3,26,7805,10.275771990661568,-0.21381511776306658,-2.081219988782395,0.3247545134806317,-2.5404922261885803,-1.6219477513762095,-2.08% ± 0.46%p,True,-1668.8269941407348,152,208,134,-4.031364543837402,0.7448907536836991,13.700940450032553,13.148880004882812,32.33182234360427,0.4237602293006168,하,0.015120392539888616,0.9686916715913568
399,양평2동청사 공영(구),영등포구,영등포구 영등포동,3,22,5985,12.457409301139881,-0.2587001144257647,-2.076062119118118,0.47175480921624496,-2.7432241684264635,-1.4089000698097722,-2.08% ± 0.67%p,True,-1548.3201848382016,170,209,160,-3.8713859116005067,0.2108801598410811,15.591029167175293,14.987396558125814,48.09346242916901,0.3241818821037769,하,0.005157869664277115,1.1454572781988817
447,당산2동(구),영등포구,영등포구 당산2동,3,20,4608,12.526177890976513,-0.2598674347938742,-2.070723179967701,0.9938910660339172,-3.4762974050743196,-0.6651489548610818,-2.07% ± 1.41%p,True,-1197.4691395301722,202,210,216,-3.992626986096775,0.8186321374471418,15.839709917704264,15.208194732666016,47.92813806794233,0.3304887391045755,하,0.005338939150417055,2.2003382023322615
543,문화공영주차장(구),중구,중구 다산동 · 중구 장충동 · 중구 청구동,3,36,6164,11.740708192499332,-0.24078172356340308,-2.0497323516629007,0.7376849560666283,-3.092976421290927,-1.0064882820348742,-2.05% ± 1.04%p,True,-1484.1785440448166,183,211,175,-3.812475741308985,0.5840064197872687,15.124374707539877,14.546536445617676,46.508221498629986,0.32519787298220815,하,0.020990828304800146,2.475478576396136
425,청량리동 공영주차장(구),동대문구,동대문구 청량리동,3,38,6547,11.156987571886043,-0.22604246534266534,-2.0261022733686036,0.0387772691504697,-2.08094161331299,-1.9712629334242175,-2.03% ± 0.05%p,True,-1479.90002059843,117,212,176,-3.7462441969249505,0.3542023009636218,14.918754577636719,14.360424041748047,39.04432911453495,0.38209785943236874,하,0.023630078294297086,1.477406878296959
370,살곶이(평면) 공영주차장(구),성동구,성동구 사근동 · 성동구 성수1가2동,3,40,5420,11.64243317016251,-0.23596519455690823,-2.026070463029274,0.2709667825796426,-2.409275361906006,-1.6428655641525416,-2.03% ± 0.38%p,True,-1278.9313544984427,146,213,206,-3.9000795727847506,0.2846572292580169,15.942261377970377,15.320833206176758,41.60394658917323,0.38319108365837334,하,3.181033932975197e-05,0.5474547428393739
509,상계역 서측 주택가 공영주차장(구),노원구,노원구 상계10동 · 노원구 상계2동 · 노원구 상계5동 · 노원구 상계9동 · 노원구 중계4동,3,18,9025,9.459279762230102,-0.19171828742357097,-2.0246087257291445,0.4011940671270851,-2.59198281660389,-1.457234634854399,-2.02% ± 0.57%p,True,-1730.257543997728,160,214,118,-3.350938068000234,0.6085122693211046,12.504643122355143,12.085699399312338,29.021834333463584,0.4308701847952003,하,0.0014617373001293288,0.9682554967766211
554,동묘 공영주차장(구),종로구,종로구 숭인2동 · 종로구 창신1동,3,44,7749,11.633308330779805,-0.23468773064260515,-2.0143877855445798,1.0248567491967735,-3.4637540997482583,-0.5650214713409012,-2.01% ± 1.45%p,True,-1818.5952247495472,201,215,102,-3.6977751695443346,0.49377023983749896,15.144991874694824,14.583884874979654,44.38430783008683,0.341224018467817,하,0.010220940184564764,2.2011706302530483
487,신촌역 동측 공영주차장(구),서대문구,서대문구 신촌동,3,29,8237,11.95551316797031,-0.24002472159398872,-2.006605193596333,0.5974704270831114,-2.8515559746941146,-1.1616544124985517,-2.01% ± 0.84%p,True,-1977.083631769685,175,216,68,-3.3691500184779635,0.7171365681253055,14.475364685058594,13.986453692118326,44.774452476992934,0.32329518027041576,하,0.007782591948246598,2.3725954291560574
395,마포중앙도서관 공영주차장(구),마포구,마포구 성산1동 · 서대문구 남가좌1동,3,19,9406,11.82510603437459,-0.23671228818104653,-2.0042782638342445,0.8516001769146944,-3.208622783746332,-0.7999337439221568,-2.00% ± 1.20%p,True,-2226.5157826309237,188,217,30,-3.3980721225780854,1.0433093244493787,14.030653317769369,13.552952766418457,41.041717013254924,0.34186321476847564,하,0.002326929762088703,2.080570856817921
525,부군당길 공영주차장(구),동대문구,동대문구 전농2동,3,36,6475,11.02360620968288,-0.21599857287442956,-1.9563232750908168,0.8751142853721471,-3.193921766090546,-0.7187247840910875,-1.96% ± 1.24%p,True,-1398.5907593619313,187,218,188,-4.038358960161635,0.32697187956930973,14.968554178873697,14.364109992980957,38.98543469031252,0.3839524760408335,하,0.04795498874342763,2.4421694239209057
420,강변(건물) 공영주차장(구),성동구,성동구 성수1가1동,3,24,2839,12.812416109805733,-0.24824480658701376,-1.9378093615453622,0.39451836074815766,-2.495742577920608,-1.3798761451701163,-1.94% ± 0.56%p,True,-704.767005900532,149,219,244,-3.707590824329367,0.5854589656506551,16.701866785685223,16.082863807678223,46.4452091604876,0.35960365100248115,하,0.01851391354545462,1.9198643175285248
214,대한적십자사,노원구,노원구 중계1동,3,26,10716,9.546037043365116,-0.18439897440820488,-1.931685731074315,0.5684360536606117,-2.7355757075029925,-1.1277957546456374,-1.93% ± 0.80%p,True,-1976.0194097583235,169,220,69,-3.670737726764853,0.6148941182097263,12.615835507710775,12.153295199076334,29.575546029799273,0.4265630631130024,하,0.006123630471047248,1.3838558943310004
531,정릉천복개 공영주차장(구),동대문구,동대문구 제기동,3,44,8288,11.382016720622666,-0.22004844590011527,-1.930723202626007,0.6948049254198594,-2.913325751358399,-0.9481206538936152,-1.93% ± 0.98%p,True,-1823.7615196201552,176,221,101,-3.7121939873130234,0.5671896759915213,14.921257019042969,14.366149266560873,42.225235550030426,0.35337297293140185,하,0.0009625284483079088,1.7954090692529614
542,서소문올리브타워옆 공영주차장(구),중구,중구 중림동,3,30,7199,12.26169765735151,-0.23479303298726426,-1.9159441744871977,1.2778380825643674,-3.7230801213665567,-0.10880822760783859,-1.92% ± 1.81%p,True,-1690.2750444753153,209,222,127,-3.749746955561713,1.1895806741373973,15.00920327504476,14.443722089131674,50.09292580722787,0.299627203505831,하,0.01477902813880938,2.9090369881728733
223,동대문노인종합복지관및청소년수련관,동대문구,동대문구 회기동,3,37,6421,11.119888316863879,-0.21127551404226763,-1.8994493911784085,0.14715809673922206,-2.1075623674000283,-1.6913364149567887,-1.90% ± 0.21%p,True,-1356.6000756654005,118,223,194,-3.651008133713141,0.16375481391811614,14.981241544087728,14.434376080830893,38.450683453201876,0.3896222433164632,하,0.016494783308789174,2.572567332986788
519,누상 공영주차장(구),서대문구,서대문구 홍2동 · 종로구 무악동 · 종로구 청운효자동,3,22,7366,12.609372906157482,-0.23592555362338707,-1.8690458166800372,0.8890124624111484,-3.1262992981405846,-0.6117923352194898,-1.87% ± 1.26%p,True,-1737.8276279898691,185,224,117,-3.233648858835718,0.9409088174659854,15.307122866312662,14.810214360555014,48.91581327333683,0.31292790290080513,하,0.030403574498371277,1.8022193692869288
415,서소문삼성생명뒤(구),중구,중구 소공동 · 중구 회현동,3,31,6891,12.216001996001806,-0.22652763143449897,-1.8542752872651371,1.3861838714577395,-3.814635318223515,0.10608474369324083,-1.85% ± 1.96%p,True,-1561.0019082151325,210,225,156,-3.7406116495891126,1.2611568184938309,14.954826990763346,14.392446517944336,50.27122889834739,0.2974828210586069,하,0.014770529414900091,3.2935384520675632
637,청계6(북),종로구,종로구 종로56가동,3,38,6853,11.741494898959886,-0.21516998487087055,-1.83077125511104,0.9740612559669182,-3.208301893881626,-0.45324061634045365,-1.83% ± 1.38%p,True,-1474.559906320076,188,226,177,-3.8663690935903876,1.0006659845717614,15.23624070485433,14.644856452941895,45.94861295431148,0.33159304982730003,하,0.023504032154097132,3.388392572217934
557,숭인 공영주차장(구),성북구,성북구 보문동 · 종로구 숭인1동,3,42,7462,11.69260125104912,-0.21357995193012927,-1.8220405656690646,1.0566702956806389,-3.3163980287774124,-0.32768310256071675,-1.82% ± 1.49%p,True,-1593.7336013026247,194,227,152,-3.7950484181932893,0.9482821512816395,15.261078198750814,14.680112838745117,44.20765633761147,0.3452134644325587,하,0.008730689441975414,2.874263345032712
603,돈화문로,중구,중구 을지로동,3,37,6040,12.398161070736842,-0.22598852426898233,-1.8219845072220882,1.4065810048061362,-3.8111904407953014,0.16722142635112514,-1.82% ± 1.99%p,True,-1364.9706865846533,210,228,191,-3.6786317155005546,1.1309583600637223,15.617764790852865,15.040280977884928,51.21616672869109,0.30493818238263143,하,5.605844697642581e-05,3.518535057011795
426,봉화산역(남) 공영주차장(구),중랑구,중랑구 묵1동 · 중랑구 신내2동,3,17,6877,10.424971339314746,-0.18985706767876676,-1.8218344050818278,0.2174614639432784,-2.1293713566839196,-1.5142974534797358,-1.82% ± 0.31%p,True,-1305.6470544268789,119,229,203,-3.9946741016217575,0.8035817041498071,13.805107116699219,13.255200703938803,30.947292219174827,0.44608449162300623,하,0.00015010214026034419,2.846583644568902
125,마들스포츠타운 공영주차장(구),노원구,노원구 상계67동,3,29,11580,9.587478645325888,-0.1684270898556879,-1.755681392458369,0.4710742322732506,-2.4218809606236933,-1.0894818242930444,-1.76% ± 0.67%p,True,-1950.385700528866,146,230,73,-3.5995611848705185,0.6413015221928264,12.682317415873209,12.226362228393555,29.900359500176048,0.4241526733415542,하,0.06615301262345885,1.0376905523559252
231,아르코예술극장,성북구,성북구 삼선동 · 종로구 이화동 · 종로구 혜화동,3,38,6466,11.880205564560251,-0.20858778412562215,-1.7531493001584,1.0419629266147656,-3.226707402466963,-0.27959119784983666,-1.75% ± 1.47%p,True,-1348.728612156273,188,231,197,-3.440623115500004,1.086397545835392,15.117162704467773,14.594307899475098,46.810499752347795,0.3229438434634436,하,0.00253209229996898,2.287004742235083
552,창삼 공영주차장(구),종로구,종로구 창신2동,3,42,7467,11.771473339858511,-0.20417337541461575,-1.7332920288209126,1.130952648410278,-3.3327006026044983,-0.1338834550373269,-1.73% ± 1.60%p,True,-1524.5625942209358,195,232,166,-3.920809203238521,0.960489461489819,15.375544548034668,14.770440101623535,45.32484011081538,0.3392299787587285,하,0.01985727133748738,3.0755426405015616
215,시립노원시각장애인복지관,노원구,노원구 월계2동,3,30,11776,9.619007517793449,-0.16459319474168352,-1.7100902905594426,0.4568478561542944,-2.3561707246739187,-1.0640098564449667,-1.71% ± 0.65%p,True,-1938.2494612780652,140,233,75,-3.5319849723575083,0.6473147116916413,12.723929405212402,12.27509625752767,29.978721971692032,0.42443201605549463,하,0.023201738261469984,2.439478515272473
631,창동역(서),도봉구,도봉구 창4동 · 도봉구 창5동,3,27,10157,9.530448917150023,-0.1611390211508136,-1.6904457882308683,0.34145002219255594,-2.1733290404881753,-1.2075625359735616,-1.69% ± 0.48%p,True,-1636.6890378288138,123,234,141,-3.3229788629448804,0.600238968183596,12.592998822530111,12.175134976704916,29.741145298438735,0.4234201035691515,하,0.019644502328574287,1.1406981745020404
595,남산한옥마을,중구,중구 필동,3,36,5827,12.350850383420122,-0.2080384125068833,-1.682854348479369,0.5831212719335023,-2.507512359755977,-0.8581963372027606,-1.68% ± 0.82%p,True,-1212.239829677609,149,235,214,-3.751077126961745,0.46526366889778387,15.458455085754395,14.877387364705404,50.861055819816215,0.3039350016743371,하,0.00759143975149934,1.3514711028159536
384,용답제2(평면) 공영주차장(구),성동구,성동구 용답동,3,37,5891,11.311282657928993,-0.19017782652970536,-1.6814243980623873,0.06928746579398985,-1.7794116718907096,-1.583437124234065,-1.68% ± 0.10%p,True,-1120.3375760864942,90,236,218,-3.8583155465103975,0.4103413408873474,15.510242780049643,14.912410418192545,40.5927494942829,0.38209392005422327,하,0.0014299504169816846,1.1744465431810829
623,여의서로,영등포구,영등포구 여의동,3,22,4472,12.382087350014919,-0.20664927716406464,-1.6641983680818637,1.1515091895816711,-3.2926782811855144,-0.03571845497821302,-1.66% ± 1.63%p,True,-924.1355674776971,192,237,229,-3.0795759275524666,0.5855384193910583,15.585697491963705,15.106722831726074,48.35863208442384,0.3222940108139206,하,0.017226029980523583,2.3071837088599514
109,서인사마당(구),종로구,종로구 종로1234가동,3,29,5445,12.482270082690574,-0.19937240079480567,-1.595429611363188,0.5737505218502338,-2.4068353807824296,-0.7840238419439467,-1.60% ± 0.81%p,True,-1085.582722327717,145,238,222,-3.758820086695275,1.2452365445282876,15.702975908915201,15.108746210734049,51.740952372653645,0.30349220856658615,하,0.06876875671867566,2.5730628247397713
562,성북동길 공영주차장(구),성북구,성북구 성북동,3,22,4213,12.54524948884187,-0.19699173078628476,-1.566755519005523,1.427867180917777,-3.586064651526881,0.4525536135158348,-1.57% ± 2.02%p,True,-829.9261618026177,204,239,239,-3.4277734049418416,1.3347608255339405,16.11001745859782,15.554170608520508,48.5505107407502,0.3318197319204739,하,0.02867409235766516,3.0776577767292417
553,낙산 공영주차장(구),종로구,종로구 창신3동,3,45,7648,11.74935322453291,-0.18406011265828673,-1.5659165242782171,1.095919779891997,-3.115781140274416,-0.016051908282017857,-1.57% ± 1.55%p,True,-1407.6917416105769,184,240,187,-3.6837601261485786,1.1568093974725342,15.325481414794922,14.75829792022705,45.19398134245233,0.33910447717955633,하,0.000838994727305753,3.599913804690664
353,풍문여자고등학교,종로구,종로구 가회동 · 종로구 삼청동,3,30,5536,12.675250722856802,-0.19697961761208302,-1.5526239667569017,0.45598698551818656,-2.1974869459423454,-0.9077609875714583,-1.55% ± 0.64%p,True,-1090.4791631004916,123,241,221,-3.714111240622399,1.127700675664584,16.050973892211914,15.451167742411295,51.6521000398839,0.3107516224861705,하,0.013292557521315418,2.373996036155483
416,약수동 공영주차장(구),성동구,성동구 금호1가동 · 성동구 금호23가동 · 중구 약수동,3,36,4135,11.813268595199652,-0.18065303035780644,-1.5256813507592277,0.7454735679191755,-2.579940180901186,-0.4714225206172691,-1.53% ± 1.05%p,True,-747.0002805295296,158,242,241,-3.4161852732986175,0.20109873426430008,15.62609068552653,15.0919189453125,45.95944705977249,0.33999736039478545,하,0.026942615997674002,1.7477470886007602
489,초안산꽃동산공영주차장(구),도봉구,도봉구 창1동 · 도봉구 창2동 · 도봉구 창3동,3,30,11159,9.735458667827531,-0.14618759628728084,-1.4994840609205975,0.6736507813539618,-2.4521701322146026,-0.5467979896265922,-1.50% ± 0.95%p,True,-1631.3073869697669,147,243,142,-3.356926712328068,0.7775130412154523,12.86292552947998,12.430789629618326,30.432782380431146,0.42266676009719983,하,0.026197289838630233,2.00951358859297
598,당산노외,영등포구,영등포구 당산1동,3,24,5632,12.170857147369915,-0.18034777237673252,-1.4753540045806097,1.2735452588512508,-3.276418981944002,0.32571097278278294,-1.48% ± 1.80%p,True,-1015.7186540257576,192,244,226,-3.2922138245049304,0.7536665419207891,15.289789835611979,14.787359555562338,46.43761059566238,0.3292544478384545,하,0.02413005633998777,2.8814738600662704
